2026-05-17 19:01:54,182 | SENDER=emotion_node         TOPIC=/hri/emotion         SHA256=07d1b20cf76f5acfe8392d055d57b184bce0d401c09383fbdc4a03f808b207a9 DATA={"source": "EmotionModel_v1", "label": "Sad", "confidence": 0.78}
2026-05-17 19:01:56,181 | SENDER=emotion_node         TOPIC=/hri/emotion         SHA256=1dce560609a9d2f4938db0d258e18578b7f2146af2e9808cea373f78f52767e7 DATA={"source": "EmotionModel_v1", "label": "Angry", "confidence": 0.79}
2026-05-17 19:01:58,183 | SENDER=emotion_node         TOPIC=/hri/emotion         SHA256=8f503dbb8027f39ba6403de6fe2b4dc73543f7d0a9ebbdf00fbc6ef50c8d76ba DATA={"source": "EmotionModel_v1", "label": "Neutral", "confidence": 0.89}
2026-05-17 19:02:00,184 | SENDER=emotion_node         TOPIC=/hri/emotion         SHA256=3a98de9da719fee6ab907bdae0a4b63a5338cd5475d0e485f5b84c94f98260cf DATA={"source": "EmotionModel_v1", "label": "Neutral", "confidence": 0.9}
2026-05-17 19:02:02,183 | SENDER=emotion_node         TOPIC=/hri/emotion         SHA256=f690fd6b73297fb6b4bec0ac3bbe0b4989569ba692e87df3bb86f80ef6b6028f DATA={"source": "EmotionModel_v1", "label": "Sad", "confidence": 0.8}
2026-05-17 19:02:04,183 | SENDER=emotion_node         TOPIC=/hri/emotion         SHA256=fc4472a0e3e6cb848add7903cad45c0af5aa0c4fbe4ebc622c1d63dace00a456 DATA={"source": "EmotionModel_v1", "label": "Happy", "confidence": 0.89}
2026-05-17 19:02:06,181 | SENDER=emotion_node         TOPIC=/hri/emotion         SHA256=68d9a54c36e749733e6d72908a91e4bc96e43c189d1488e01d780c25678f9ff1 DATA={"source": "EmotionModel_v1", "label": "Sad", "confidence": 0.89}
2026-05-17 19:02:09,173 | SENDER=emotion_node         TOPIC=/hri/emotion         SHA256=5fd491b63c5e8c32a95f9626beba45596d13dba494ef814bb8a83401b8dae7b2 DATA={"source": "EmotionModel_v1", "label": "Angry", "confidence": 0.89}
2026-05-17 19:02:10,184 | SENDER=emotion_node         TOPIC=/hri/emotion         SHA256=cfb7082e256d4a07535bf750aab6d788e8daabaffbd19c23b967bee993977c4f DATA={"source": "EmotionModel_v1", "label": "Sad", "confidence": 0.76}
2026-05-17 19:02:12,182 | SENDER=emotion_node         TOPIC=/hri/emotion         SHA256=d4074f4824daacea312d44fe003b97ab003d1c7b4d7434f63558e3c245317f0c DATA={"source": "EmotionModel_v1", "label": "Confused", "confidence": 0.86}
2026-05-17 19:02:14,182 | SENDER=emotion_node         TOPIC=/hri/emotion         SHA256=aaf114afb03183f34f331041675d78ada5c375f64d858160873bcae1cbdf6edc DATA={"source": "EmotionModel_v1", "label": "Angry", "confidence": 0.91}
2026-05-17 19:02:16,181 | SENDER=emotion_node         TOPIC=/hri/emotion         SHA256=206f8eab2f2e7a704153e9142dbeaf03e7c21bd53326c7ea8b3f723a04077be1 DATA={"source": "EmotionModel_v1", "label": "Happy", "confidence": 0.92}
2026-05-17 19:02:18,181 | SENDER=emotion_node         TOPIC=/hri/emotion         SHA256=65b09baf4db0c95e4c04018bd50ef430060708af28f1d51d9c65003c22a24e2e DATA={"source": "EmotionModel_v1", "label": "Neutral", "confidence": 0.95}
2026-05-17 19:02:20,181 | SENDER=emotion_node         TOPIC=/hri/emotion         SHA256=759e6c14dfe29e4be0a7725f0f8ce23804ca4e0b14d25a8ad9a90ac97abd8be6 DATA={"source": "EmotionModel_v1", "label": "Sad", "confidence": 0.85}
2026-05-17 19:02:22,182 | SENDER=emotion_node         TOPIC=/hri/emotion         SHA256=75564a1282a304f3258327c33131cd0bdc88e76a79bf7b8a4bc6a7b658f10348 DATA={"source": "EmotionModel_v1", "label": "Panicked", "confidence": 0.88}
2026-05-17 19:02:24,182 | SENDER=emotion_node         TOPIC=/hri/emotion         SHA256=65b09baf4db0c95e4c04018bd50ef430060708af28f1d51d9c65003c22a24e2e DATA={"source": "EmotionModel_v1", "label": "Neutral", "confidence": 0.95}
2026-05-17 19:02:26,182 | SENDER=emotion_node         TOPIC=/hri/emotion         SHA256=21b8d3facfd69e37dd7c79e05619c7e3cab414c0b9e7dd6bf6f2f8eaba7eed36 DATA={"source": "EmotionModel_v1", "label": "Happy", "confidence": 0.91}
2026-05-17 19:02:28,181 | SENDER=emotion_node         TOPIC=/hri/emotion         SHA256=1234be84924a9049244e5859fe0ba0054d1aa37b42680b45029c8cd0ad934b91 DATA={"source": "EmotionModel_v1", "label": "Panicked", "confidence": 0.98}
2026-05-17 19:02:30,183 | SENDER=emotion_node         TOPIC=/hri/emotion         SHA256=ef8388a1c703316d6759d42afc8840c8134c7ac51660cbd318c7c2f89ecfe58a DATA={"source": "EmotionModel_v1", "label": "Happy", "confidence": 0.9}
2026-05-17 19:02:32,182 | SENDER=emotion_node         TOPIC=/hri/emotion         SHA256=c4373afd645a7006318f98e2df204e1da4ae18e2a3431ccf16cca3b9332ebafa DATA={"source": "EmotionModel_v1", "label": "Sad", "confidence": 0.77}
2026-05-17 19:02:34,181 | SENDER=emotion_node         TOPIC=/hri/emotion         SHA256=f4c552f3ac53f1a66424151ab0b59a5d807cfabed51c03e0c2dbd11cdd879540 DATA={"source": "EmotionModel_v1", "label": "Panicked", "confidence": 0.91}
2026-05-17 19:02:36,184 | SENDER=emotion_node         TOPIC=/hri/emotion         SHA256=28969e8509e56f7ffa6a700e27d708c9ff6c3a4a5240eaeddd1bad1f9fdc748c DATA={"source": "EmotionModel_v1", "label": "Confused", "confidence": 0.87}
2026-05-17 19:02:38,185 | SENDER=emotion_node         TOPIC=/hri/emotion         SHA256=d91a3aa5e19a1c40cd82936f1e52a51856feb9b0a9aa81c9216570eba6ab60d2 DATA={"source": "EmotionModel_v1", "label": "Panicked", "confidence": 0.97}
2026-05-17 19:02:40,182 | SENDER=emotion_node         TOPIC=/hri/emotion         SHA256=e30599e6c0fab427ab771542e4b7bd161d6a35e6f7013faaccfba323cb1d8dee DATA={"source": "EmotionModel_v1", "label": "Sad", "confidence": 0.9}
2026-05-17 19:02:43,200 | SENDER=emotion_node         TOPIC=/hri/emotion         SHA256=cde2f37f342c665de86357068364314c9948bbfa70c1390226eacc6c9333742c DATA={"source": "EmotionModel_v1", "label": "Confused", "confidence": 0.92}
2026-05-17 19:02:44,182 | SENDER=emotion_node         TOPIC=/hri/emotion         SHA256=28969e8509e56f7ffa6a700e27d708c9ff6c3a4a5240eaeddd1bad1f9fdc748c DATA={"source": "EmotionModel_v1", "label": "Confused", "confidence": 0.87}
2026-05-17 19:02:46,184 | SENDER=emotion_node         TOPIC=/hri/emotion         SHA256=209f12299bf832daf2acca5bd20d94ced3b9001fe96624a0efc4aded1042fe65 DATA={"source": "EmotionModel_v1", "label": "Angry", "confidence": 0.77}
2026-05-17 19:02:48,183 | SENDER=emotion_node         TOPIC=/hri/emotion         SHA256=a566545654fcc155cea4db1532e34567402f70a77fb3ff3c4b0d6d4f83ccaf8e DATA={"source": "EmotionModel_v1", "label": "Angry", "confidence": 0.88}
2026-05-17 19:02:50,185 | SENDER=emotion_node         TOPIC=/hri/emotion         SHA256=d91a3aa5e19a1c40cd82936f1e52a51856feb9b0a9aa81c9216570eba6ab60d2 DATA={"source": "EmotionModel_v1", "label": "Panicked", "confidence": 0.97}
2026-05-17 19:02:52,181 | SENDER=emotion_node         TOPIC=/hri/emotion         SHA256=c9f62e048a71b2b7a2d2b3e01efa596035bef3940f5d6ee245990acc897438b2 DATA={"source": "EmotionModel_v1", "label": "Panicked", "confidence": 0.96}
2026-05-17 19:02:54,182 | SENDER=emotion_node         TOPIC=/hri/emotion         SHA256=def82fa5f6e5b9496b7405bb5a8c75e40de3b320de1185bbb8b26788cd65e167 DATA={"source": "EmotionModel_v1", "label": "Happy", "confidence": 0.88}
2026-05-17 19:02:56,181 | SENDER=emotion_node         TOPIC=/hri/emotion         SHA256=6a64b3df5d5d4fa170734db5e68355663f3cfa0e16e340c0f869d534e05559f1 DATA={"source": "EmotionModel_v1", "label": "Neutral", "confidence": 0.87}
2026-05-17 19:02:58,182 | SENDER=emotion_node         TOPIC=/hri/emotion         SHA256=7f17b9753dea1c89574f88c2320cb01cc212d91a5b4f0840c1479c2befa10a65 DATA={"source": "EmotionModel_v1", "label": "Confused", "confidence": 0.89}
2026-05-17 19:03:00,181 | SENDER=emotion_node         TOPIC=/hri/emotion         SHA256=75564a1282a304f3258327c33131cd0bdc88e76a79bf7b8a4bc6a7b658f10348 DATA={"source": "EmotionModel_v1", "label": "Panicked", "confidence": 0.88}
2026-05-17 19:03:02,181 | SENDER=emotion_node         TOPIC=/hri/emotion         SHA256=fab0c9aa72f380b6e21edd55d828dcc18eca3f4e4437d94c8b5bbe7a296df64c DATA={"source": "EmotionModel_v1", "label": "Neutral", "confidence": 0.84}
2026-05-17 19:03:04,181 | SENDER=emotion_node         TOPIC=/hri/emotion         SHA256=b1b6ae86a9609b1d32e1fc2ad5ce71c410e80d992a52d3150327ed2c5a13d5d0 DATA={"source": "EmotionModel_v1", "label": "Happy", "confidence": 0.96}
2026-05-17 19:03:06,181 | SENDER=emotion_node         TOPIC=/hri/emotion         SHA256=6a64b3df5d5d4fa170734db5e68355663f3cfa0e16e340c0f869d534e05559f1 DATA={"source": "EmotionModel_v1", "label": "Neutral", "confidence": 0.87}
2026-05-17 19:03:08,181 | SENDER=emotion_node         TOPIC=/hri/emotion         SHA256=d4a549860a7887653c3b68fe9b41a6fe75993a0f79759dfd5062c3fad0c2ca88 DATA={"source": "EmotionModel_v1", "label": "Neutral", "confidence": 0.93}
2026-05-17 19:03:10,181 | SENDER=emotion_node         TOPIC=/hri/emotion         SHA256=01697a80c45797717cd5f5e2d430ab119f847c2f85367f5bd9efbdd1017835e4 DATA={"source": "EmotionModel_v1", "label": "Angry", "confidence": 0.86}
2026-05-17 19:03:12,181 | SENDER=emotion_node         TOPIC=/hri/emotion         SHA256=b1b6ae86a9609b1d32e1fc2ad5ce71c410e80d992a52d3150327ed2c5a13d5d0 DATA={"source": "EmotionModel_v1", "label": "Happy", "confidence": 0.96}
2026-05-17 19:03:15,028 | SENDER=emotion_node         TOPIC=/hri/emotion         SHA256=a566545654fcc155cea4db1532e34567402f70a77fb3ff3c4b0d6d4f83ccaf8e DATA={"source": "EmotionModel_v1", "label": "Angry", "confidence": 0.88}
2026-05-17 19:03:16,181 | SENDER=emotion_node         TOPIC=/hri/emotion         SHA256=5f56a2e6ea91db0269fb4bf51ad86c0ba9ce4b3e5985ae2e37c950e0f900a6e0 DATA={"source": "EmotionModel_v1", "label": "Neutral", "confidence": 0.92}
2026-05-17 19:03:17,409 | SENDER=gesture_node         TOPIC=/hri/gesture         SHA256=11e6fd7a0fe2b7cc02b1d5535340bfbce29e7a58080c7c95ca0cc6b929b3c01c DATA={"source": "GestureModel_v1", "label": "Cross_Arms", "confidence": 0.84}
2026-05-17 19:03:18,181 | SENDER=emotion_node         TOPIC=/hri/emotion         SHA256=3a98de9da719fee6ab907bdae0a4b63a5338cd5475d0e485f5b84c94f98260cf DATA={"source": "EmotionModel_v1", "label": "Neutral", "confidence": 0.9}
2026-05-17 19:03:19,408 | SENDER=gesture_node         TOPIC=/hri/gesture         SHA256=eeea3df0df901eb95e968cc45374dc95367eadfbdfc477222b3575958842b3f1 DATA={"source": "GestureModel_v1", "label": "Wave", "confidence": 0.91}
2026-05-17 19:03:20,183 | SENDER=emotion_node         TOPIC=/hri/emotion         SHA256=9c3a6d92f4d460c51551e184fafb9f9f41552534d0d7adf16bddfea14a771c37 DATA={"source": "EmotionModel_v1", "label": "Sad", "confidence": 0.86}
2026-05-17 19:03:21,407 | SENDER=gesture_node         TOPIC=/hri/gesture         SHA256=1c26f0b6d9044fdafa1762a023dd598d667da44f5a8a353920b5a5dd5ffb649e DATA={"source": "GestureModel_v1", "label": "Beckon", "confidence": 0.89}
2026-05-17 19:03:22,181 | SENDER=emotion_node         TOPIC=/hri/emotion         SHA256=5fd491b63c5e8c32a95f9626beba45596d13dba494ef814bb8a83401b8dae7b2 DATA={"source": "EmotionModel_v1", "label": "Angry", "confidence": 0.89}
2026-05-17 19:03:23,408 | SENDER=gesture_node         TOPIC=/hri/gesture         SHA256=ab0c738f88aa89f042fa5de523b57602eb39ca46f6a33a9c066709723504c33b DATA={"source": "GestureModel_v1", "label": "Wave", "confidence": 0.87}
2026-05-17 19:03:24,182 | SENDER=emotion_node         TOPIC=/hri/emotion         SHA256=4637c439325137063921fdb8b3b51f8cc7160eeb5ab0029d5632d992dfb55ca7 DATA={"source": "EmotionModel_v1", "label": "Confused", "confidence": 0.82}
2026-05-17 19:03:25,407 | SENDER=gesture_node         TOPIC=/hri/gesture         SHA256=c207a55977ac3af6d49b846463e0b831a7927f035f6f7bd91f1b793eeaec6caa DATA={"source": "GestureModel_v1", "label": "Cross_Arms", "confidence": 0.91}
2026-05-17 19:03:26,181 | SENDER=emotion_node         TOPIC=/hri/emotion         SHA256=1234be84924a9049244e5859fe0ba0054d1aa37b42680b45029c8cd0ad934b91 DATA={"source": "EmotionModel_v1", "label": "Panicked", "confidence": 0.98}
2026-05-17 19:03:27,409 | SENDER=gesture_node         TOPIC=/hri/gesture         SHA256=fe1ac882e5c284ef3f3faba2d64e2bacdf8c088b3b07eef400dfd00c66b4d12f DATA={"source": "GestureModel_v1", "label": "Thumbs_Up", "confidence": 0.83}
2026-05-17 19:03:28,182 | SENDER=emotion_node         TOPIC=/hri/emotion         SHA256=f2084d172f0a61d589af23a490cc7f24a8e4c61bdadda5d13175df941e1c60e2 DATA={"source": "EmotionModel_v1", "label": "Neutral", "confidence": 0.91}
2026-05-17 19:03:29,408 | SENDER=gesture_node         TOPIC=/hri/gesture         SHA256=58973deffa59167d658d90c2cc450855c6c6d02a30bf6c0386bf922b1cadcd2e DATA={"source": "GestureModel_v1", "label": "Stop", "confidence": 0.95}
2026-05-17 19:03:30,181 | SENDER=emotion_node         TOPIC=/hri/emotion         SHA256=aaf114afb03183f34f331041675d78ada5c375f64d858160873bcae1cbdf6edc DATA={"source": "EmotionModel_v1", "label": "Angry", "confidence": 0.91}
2026-05-17 19:03:31,407 | SENDER=gesture_node         TOPIC=/hri/gesture         SHA256=e6d3acb2c298209dd58d23c111adf470153ad7621a89d99ebf96dfaf8a2cb665 DATA={"source": "GestureModel_v1", "label": "Beckon", "confidence": 0.82}
2026-05-17 19:03:32,182 | SENDER=emotion_node         TOPIC=/hri/emotion         SHA256=ef8388a1c703316d6759d42afc8840c8134c7ac51660cbd318c7c2f89ecfe58a DATA={"source": "EmotionModel_v1", "label": "Happy", "confidence": 0.9}
2026-05-17 19:03:33,408 | SENDER=gesture_node         TOPIC=/hri/gesture         SHA256=4dd96358b44fa77da98563fdf224de3423c3a9afdb4b88dfc3b64ab2d1d4f66a DATA={"source": "GestureModel_v1", "label": "Point", "confidence": 0.93}
2026-05-17 19:03:34,181 | SENDER=emotion_node         TOPIC=/hri/emotion         SHA256=cde2f37f342c665de86357068364314c9948bbfa70c1390226eacc6c9333742c DATA={"source": "EmotionModel_v1", "label": "Confused", "confidence": 0.92}
2026-05-17 19:03:35,411 | SENDER=gesture_node         TOPIC=/hri/gesture         SHA256=524ac5ae77246be80b1cc3514691376f3090b4e0d863b2cfb2819871a4f1bd76 DATA={"source": "GestureModel_v1", "label": "Wave", "confidence": 0.88}
2026-05-17 19:03:36,182 | SENDER=emotion_node         TOPIC=/hri/emotion         SHA256=a16e78978e9a387224a47e626b63b25a62b0930d7bed5f5b6524b2db1440d194 DATA={"source": "EmotionModel_v1", "label": "Panicked", "confidence": 0.89}
2026-05-17 19:03:37,410 | SENDER=gesture_node         TOPIC=/hri/gesture         SHA256=cc89d3ef7d81d2faae7a1b2fb58c914a09205ed61388339e1234c0def6653cf2 DATA={"source": "GestureModel_v1", "label": "Cross_Arms", "confidence": 0.85}
2026-05-17 19:03:38,181 | SENDER=emotion_node         TOPIC=/hri/emotion         SHA256=26b7a844daab074597993edadfe29fd5248840fc18fc84b6b513ea12bfd6011c DATA={"source": "EmotionModel_v1", "label": "Confused", "confidence": 0.88}
2026-05-17 19:03:39,410 | SENDER=gesture_node         TOPIC=/hri/gesture         SHA256=0487e2d6540d8af054e8f92b43ea740b690f8e3f8053f81c2b322e4229a7b9c3 DATA={"source": "GestureModel_v1", "label": "Thumbs_Up", "confidence": 0.91}
2026-05-17 19:03:40,184 | SENDER=emotion_node         TOPIC=/hri/emotion         SHA256=d4a549860a7887653c3b68fe9b41a6fe75993a0f79759dfd5062c3fad0c2ca88 DATA={"source": "EmotionModel_v1", "label": "Neutral", "confidence": 0.93}
2026-05-17 19:03:41,408 | SENDER=gesture_node         TOPIC=/hri/gesture         SHA256=cc89d3ef7d81d2faae7a1b2fb58c914a09205ed61388339e1234c0def6653cf2 DATA={"source": "GestureModel_v1", "label": "Cross_Arms", "confidence": 0.85}
2026-05-17 19:03:42,182 | SENDER=emotion_node         TOPIC=/hri/emotion         SHA256=23f75cf2aa24df9c9db98112d1e711fb666ec845a4e79c5b61b52919f053e180 DATA={"source": "EmotionModel_v1", "label": "Happy", "confidence": 0.95}
2026-05-17 19:03:43,408 | SENDER=gesture_node         TOPIC=/hri/gesture         SHA256=31fac80f864c6fe7a8e734360896faf52b592c75ee94f68ece09583c653c38ef DATA={"source": "GestureModel_v1", "label": "Thumbs_Up", "confidence": 0.9}
2026-05-17 19:03:44,181 | SENDER=emotion_node         TOPIC=/hri/emotion         SHA256=206f8eab2f2e7a704153e9142dbeaf03e7c21bd53326c7ea8b3f723a04077be1 DATA={"source": "EmotionModel_v1", "label": "Happy", "confidence": 0.92}
2026-05-17 19:03:45,408 | SENDER=gesture_node         TOPIC=/hri/gesture         SHA256=1bada581df882fed06f7aeae1b239a39313c8b114cc4a7970007d0c88593a117 DATA={"source": "GestureModel_v1", "label": "Stop", "confidence": 0.89}
2026-05-17 19:03:46,185 | SENDER=emotion_node         TOPIC=/hri/emotion         SHA256=ea6772e9fef11308c2984fd41b43641a361cff8a01ec39266385419dad9ae817 DATA={"source": "EmotionModel_v1", "label": "Neutral", "confidence": 0.81}
2026-05-17 19:03:48,404 | SENDER=gesture_node         TOPIC=/hri/gesture         SHA256=ab0c738f88aa89f042fa5de523b57602eb39ca46f6a33a9c066709723504c33b DATA={"source": "GestureModel_v1", "label": "Wave", "confidence": 0.87}
2026-05-17 19:03:49,177 | SENDER=emotion_node         TOPIC=/hri/emotion         SHA256=26b7a844daab074597993edadfe29fd5248840fc18fc84b6b513ea12bfd6011c DATA={"source": "EmotionModel_v1", "label": "Confused", "confidence": 0.88}
2026-05-17 19:03:49,409 | SENDER=gesture_node         TOPIC=/hri/gesture         SHA256=e60eaeb1fec23e63aa0078e10ac88c33178f8ee33395fe631388fa2198ba878e DATA={"source": "GestureModel_v1", "label": "Cross_Arms", "confidence": 0.83}
2026-05-17 19:03:50,181 | SENDER=emotion_node         TOPIC=/hri/emotion         SHA256=b5bae5853ba7db99f5fca54f4048107ae6a8be3dee2f415addc8f5a6e0f55421 DATA={"source": "EmotionModel_v1", "label": "Sad", "confidence": 0.83}
2026-05-17 19:03:50,979 | SENDER=motion_node          TOPIC=/hri/motion          SHA256=9b01ad55770eb500c6ec2f8eee1cffe35bc3dc0901853c475378e85348e7f101 DATA={"source": "MotionModel_v1", "label": "Running", "speed_ms": 2.28}
2026-05-17 19:03:51,408 | SENDER=gesture_node         TOPIC=/hri/gesture         SHA256=5862b1f8195402779034656183e5f4eb7de2b9175ecb1090388123ef5d4d60a4 DATA={"source": "GestureModel_v1", "label": "Cross_Arms", "confidence": 0.9}
2026-05-17 19:03:52,181 | SENDER=emotion_node         TOPIC=/hri/emotion         SHA256=938d6edfbd07d1573b515bde9a93cbfbfcbbbd4f3096e3e016e5fda18998b7e4 DATA={"source": "EmotionModel_v1", "label": "Neutral", "confidence": 0.94}
2026-05-17 19:03:52,979 | SENDER=motion_node          TOPIC=/hri/motion          SHA256=6f220b984743d3cffc0be57d91441f40cbfbca3ed802beb0274d24495188e76b DATA={"source": "MotionModel_v1", "label": "Running", "speed_ms": 3.27}
2026-05-17 19:03:53,407 | SENDER=gesture_node         TOPIC=/hri/gesture         SHA256=a38e66de273fdf9c4bcf47f30e6a136157b9efeb105beda4246cf2cce8c37314 DATA={"source": "GestureModel_v1", "label": "Beckon", "confidence": 0.81}
2026-05-17 19:03:54,181 | SENDER=emotion_node         TOPIC=/hri/emotion         SHA256=a16e78978e9a387224a47e626b63b25a62b0930d7bed5f5b6524b2db1440d194 DATA={"source": "EmotionModel_v1", "label": "Panicked", "confidence": 0.89}
2026-05-17 19:03:54,978 | SENDER=motion_node          TOPIC=/hri/motion          SHA256=78a38521cf81609fbc52b1b0535e47c514fc44ffff07091fe6726c5feefd35e3 DATA={"source": "MotionModel_v1", "label": "Wandering", "speed_ms": 0.36}
2026-05-17 19:03:55,408 | SENDER=gesture_node         TOPIC=/hri/gesture         SHA256=e3939c6d249bceae1c9194e70ced34c91a901afbf0d22af6d3a5b3c2558647f5 DATA={"source": "GestureModel_v1", "label": "Stop", "confidence": 0.94}
2026-05-17 19:03:56,182 | SENDER=emotion_node         TOPIC=/hri/emotion         SHA256=d555f029dd171e5f1742b8cfa03c38bf06ece8c19269a42a00afdd0aab6e05cb DATA={"source": "EmotionModel_v1", "label": "Sad", "confidence": 0.81}
2026-05-17 19:03:56,980 | SENDER=motion_node          TOPIC=/hri/motion          SHA256=7477f53f99c298fb2459f7fe2a4699268993dcf4cf51e613dc819f7e0e84eef4 DATA={"source": "MotionModel_v1", "label": "Approaching", "speed_ms": 0.97}
2026-05-17 19:03:57,407 | SENDER=gesture_node         TOPIC=/hri/gesture         SHA256=6d9f44dec9737b364988e46813b11217c1155dab432b7e6a322a7fade490707f DATA={"source": "GestureModel_v1", "label": "Stop", "confidence": 0.99}
2026-05-17 19:03:58,181 | SENDER=emotion_node         TOPIC=/hri/emotion         SHA256=fb8e1603c1c878d9bde4256305bb541a522e9d71e8619861d7913c31ba0de47e DATA={"source": "EmotionModel_v1", "label": "Confused", "confidence": 0.81}
2026-05-17 19:03:58,980 | SENDER=motion_node          TOPIC=/hri/motion          SHA256=c588c174318521e4fce22df916a1fad0c9e8f75eb5e832c374a85bbb856e7692 DATA={"source": "MotionModel_v1", "label": "Retreating", "speed_ms": 0.67}
2026-05-17 19:03:59,408 | SENDER=gesture_node         TOPIC=/hri/gesture         SHA256=c207a55977ac3af6d49b846463e0b831a7927f035f6f7bd91f1b793eeaec6caa DATA={"source": "GestureModel_v1", "label": "Cross_Arms", "confidence": 0.91}
2026-05-17 19:04:00,181 | SENDER=emotion_node         TOPIC=/hri/emotion         SHA256=f2084d172f0a61d589af23a490cc7f24a8e4c61bdadda5d13175df941e1c60e2 DATA={"source": "EmotionModel_v1", "label": "Neutral", "confidence": 0.91}
2026-05-17 19:04:00,979 | SENDER=motion_node          TOPIC=/hri/motion          SHA256=0185f071c52b5e53f656a1996fda5247eb2c2d84cd003793484415addd0d654a DATA={"source": "MotionModel_v1", "label": "Stationary", "speed_ms": 0.06}
2026-05-17 19:04:01,408 | SENDER=gesture_node         TOPIC=/hri/gesture         SHA256=9cef38e1acce95f0a1a6d96909f129fc840f11c10b317618806b9c900bcd3a47 DATA={"source": "GestureModel_v1", "label": "Stop", "confidence": 0.88}
2026-05-17 19:04:02,181 | SENDER=emotion_node         TOPIC=/hri/emotion         SHA256=7beafe6004ed15f146adec68e8da13641fd903793a7ab000b39e040744469d0f DATA={"source": "EmotionModel_v1", "label": "Angry", "confidence": 0.76}
2026-05-17 19:04:02,979 | SENDER=motion_node          TOPIC=/hri/motion          SHA256=6a40c27f8f254b8a66f9cd0ce229eb16759f9cae47bfb31adae49ffc6b10f15b DATA={"source": "MotionModel_v1", "label": "Running", "speed_ms": 3.34}
2026-05-17 19:04:03,408 | SENDER=gesture_node         TOPIC=/hri/gesture         SHA256=7aaa1e3abbb327109af14e098990942b4716eb543d9cace7adbc352844a7b116 DATA={"source": "GestureModel_v1", "label": "Wave", "confidence": 0.95}
2026-05-17 19:04:04,181 | SENDER=emotion_node         TOPIC=/hri/emotion         SHA256=2a015f6639b60b948d636ecafda16b2a6c68bdd68bd8f48c96f231733e44a09f DATA={"source": "EmotionModel_v1", "label": "Neutral", "confidence": 0.88}
2026-05-17 19:04:04,979 | SENDER=motion_node          TOPIC=/hri/motion          SHA256=62e77d89d84fabf116e903453b3b184bcc1d2c21cec79c2878dbaed30ed69a63 DATA={"source": "MotionModel_v1", "label": "Wandering", "speed_ms": 0.4}
2026-05-17 19:04:05,409 | SENDER=gesture_node         TOPIC=/hri/gesture         SHA256=07f6a18ff66122470059036b3cc30429fda2758668b042c013231913c8770264 DATA={"source": "GestureModel_v1", "label": "Wave", "confidence": 0.96}
2026-05-17 19:04:06,182 | SENDER=emotion_node         TOPIC=/hri/emotion         SHA256=ef8388a1c703316d6759d42afc8840c8134c7ac51660cbd318c7c2f89ecfe58a DATA={"source": "EmotionModel_v1", "label": "Happy", "confidence": 0.9}
2026-05-17 19:04:06,979 | SENDER=motion_node          TOPIC=/hri/motion          SHA256=e9e72f3216bab8d211a7c31ca4e5f8789e65e366b5af64640c006f1b08db5710 DATA={"source": "MotionModel_v1", "label": "Stationary", "speed_ms": 0.08}
2026-05-17 19:04:07,409 | SENDER=gesture_node         TOPIC=/hri/gesture         SHA256=840bb44f9fb88f4805cc7472a662ab90e20618588a903cae2e350f546981f248 DATA={"source": "GestureModel_v1", "label": "Point", "confidence": 0.87}
2026-05-17 19:04:08,181 | SENDER=emotion_node         TOPIC=/hri/emotion         SHA256=92ba8953f0a9dc9df5a150689d2aa425d4006226c738c6a5e212ad207cce14db DATA={"source": "EmotionModel_v1", "label": "Sad", "confidence": 0.79}
2026-05-17 19:04:08,979 | SENDER=motion_node          TOPIC=/hri/motion          SHA256=78989e765f7d61e4ccb81b85a60fecbbc9b0328fb73e83689b230d5df726c95c DATA={"source": "MotionModel_v1", "label": "Wandering", "speed_ms": 0.32}
2026-05-17 19:04:09,408 | SENDER=gesture_node         TOPIC=/hri/gesture         SHA256=a3e7e2cbad1a013fe4afeb2b49a4084ba7a389be5aa136a97f339829cb995bcf DATA={"source": "GestureModel_v1", "label": "Wave", "confidence": 0.92}
2026-05-17 19:04:10,181 | SENDER=emotion_node         TOPIC=/hri/emotion         SHA256=f2e2284b448df588085b93775de04d8df75669b0ad8cbf575bd3bd6687926aa1 DATA={"source": "EmotionModel_v1", "label": "Sad", "confidence": 0.91}
2026-05-17 19:04:10,981 | SENDER=motion_node          TOPIC=/hri/motion          SHA256=1b3bdd7c44cfeb4f992111511d6c670ff89d2895fa17c064909086545a05fe44 DATA={"source": "MotionModel_v1", "label": "Approaching", "speed_ms": 1.03}
2026-05-17 19:04:11,409 | SENDER=gesture_node         TOPIC=/hri/gesture         SHA256=58973deffa59167d658d90c2cc450855c6c6d02a30bf6c0386bf922b1cadcd2e DATA={"source": "GestureModel_v1", "label": "Stop", "confidence": 0.95}
2026-05-17 19:04:12,165 | SENDER=context_node         TOPIC=/hri/context         SHA256=a64fb3cfbf73edd634404a40b5c36a0c53b982ba75ff4431360d795192f7cd87 DATA={"source": "ContextModel_v1", "environment": "Hospital_Ward", "crowding": "Low"}
2026-05-17 19:04:12,181 | SENDER=emotion_node         TOPIC=/hri/emotion         SHA256=ffef0e61838b4d3847a5d28f0d483cc64f698ed94db5218284fa7abcf27ce101 DATA={"source": "EmotionModel_v1", "label": "Neutral", "confidence": 0.8}
2026-05-17 19:04:12,979 | SENDER=motion_node          TOPIC=/hri/motion          SHA256=885c1d3b05b57794bd4553ada0358b04c5ba1b343bace41b3ceec742f66465c7 DATA={"source": "MotionModel_v1", "label": "Stationary", "speed_ms": 0.02}
2026-05-17 19:04:13,409 | SENDER=gesture_node         TOPIC=/hri/gesture         SHA256=5b48d474e5c719d0060512121537934ef68d74571173327fae0285e65aba623b DATA={"source": "GestureModel_v1", "label": "Beckon", "confidence": 0.88}
2026-05-17 19:04:14,165 | SENDER=context_node         TOPIC=/hri/context         SHA256=4f7f3e509d2a45b70dab96481bdeba99e5dd5787b28f81fbd5e9933a5b67478b DATA={"source": "ContextModel_v1", "environment": "Hospital_Reception", "crowding": "Medium"}
2026-05-17 19:04:14,181 | SENDER=emotion_node         TOPIC=/hri/emotion         SHA256=542cb0a557d680d2be3b4f1acda147bc296a1cc1f892f397b93700b4f170d620 DATA={"source": "EmotionModel_v1", "label": "Panicked", "confidence": 0.86}
2026-05-17 19:04:14,979 | SENDER=motion_node          TOPIC=/hri/motion          SHA256=ab43c7ebcbaf73ae7cd5e297d1c224122bf92d3758af9b637b077b59092bf928 DATA={"source": "MotionModel_v1", "label": "Retreating", "speed_ms": 0.46}
2026-05-17 19:04:15,409 | SENDER=gesture_node         TOPIC=/hri/gesture         SHA256=58973deffa59167d658d90c2cc450855c6c6d02a30bf6c0386bf922b1cadcd2e DATA={"source": "GestureModel_v1", "label": "Stop", "confidence": 0.95}
2026-05-17 19:04:16,165 | SENDER=context_node         TOPIC=/hri/context         SHA256=a64fb3cfbf73edd634404a40b5c36a0c53b982ba75ff4431360d795192f7cd87 DATA={"source": "ContextModel_v1", "environment": "Hospital_Ward", "crowding": "Low"}
2026-05-17 19:04:16,191 | SENDER=emotion_node         TOPIC=/hri/emotion         SHA256=29d84c84411ab175865edb4e0e16a4a4e6ee6eedd5cbec349b55dd55428e4b47 DATA={"source": "EmotionModel_v1", "label": "Confused", "confidence": 0.8}
2026-05-17 19:04:16,979 | SENDER=motion_node          TOPIC=/hri/motion          SHA256=9733d22784558923f05068272b70dd2cb02c7a4a8904c6ed4341247c5459be6f DATA={"source": "MotionModel_v1", "label": "Approaching", "speed_ms": 0.74}
2026-05-17 19:04:17,408 | SENDER=gesture_node         TOPIC=/hri/gesture         SHA256=8d55041af963c9010b206607d7a97f99f31d424413a435267b1fe4365ad44698 DATA={"source": "GestureModel_v1", "label": "Point", "confidence": 0.89}
2026-05-17 19:04:18,167 | SENDER=context_node         TOPIC=/hri/context         SHA256=a64fb3cfbf73edd634404a40b5c36a0c53b982ba75ff4431360d795192f7cd87 DATA={"source": "ContextModel_v1", "environment": "Hospital_Ward", "crowding": "Low"}
2026-05-17 19:04:18,220 | SENDER=emotion_node         TOPIC=/hri/emotion         SHA256=003585fd167f61cac7b5f185b4559b1326f928d6d22ff3679164d2ae0adacf95 DATA={"source": "EmotionModel_v1", "label": "Happy", "confidence": 0.94}
2026-05-17 19:04:18,979 | SENDER=motion_node          TOPIC=/hri/motion          SHA256=885c1d3b05b57794bd4553ada0358b04c5ba1b343bace41b3ceec742f66465c7 DATA={"source": "MotionModel_v1", "label": "Stationary", "speed_ms": 0.02}
2026-05-17 19:04:19,410 | SENDER=gesture_node         TOPIC=/hri/gesture         SHA256=e60eaeb1fec23e63aa0078e10ac88c33178f8ee33395fe631388fa2198ba878e DATA={"source": "GestureModel_v1", "label": "Cross_Arms", "confidence": 0.83}
2026-05-17 19:04:21,169 | SENDER=context_node         TOPIC=/hri/context         SHA256=a64fb3cfbf73edd634404a40b5c36a0c53b982ba75ff4431360d795192f7cd87 DATA={"source": "ContextModel_v1", "environment": "Hospital_Ward", "crowding": "Low"}
2026-05-17 19:04:21,205 | SENDER=emotion_node         TOPIC=/hri/emotion         SHA256=1a6b6cd8ce54374fcf1708ed772ae33dc72925ef1859d2984c199c36d21e8af5 DATA={"source": "EmotionModel_v1", "label": "Sad", "confidence": 0.87}
2026-05-17 19:04:21,985 | SENDER=motion_node          TOPIC=/hri/motion          SHA256=cac57f9c0fa8ff0bf9326b557c11d72b9ff8aac8544d954f9cc0cc44e60dbcc9 DATA={"source": "MotionModel_v1", "label": "Retreating", "speed_ms": 0.88}
2026-05-17 19:04:22,165 | SENDER=context_node         TOPIC=/hri/context         SHA256=a64fb3cfbf73edd634404a40b5c36a0c53b982ba75ff4431360d795192f7cd87 DATA={"source": "ContextModel_v1", "environment": "Hospital_Ward", "crowding": "Low"}
2026-05-17 19:04:22,184 | SENDER=emotion_node         TOPIC=/hri/emotion         SHA256=338e8a50a73c00172ac7f7628c783deca1c08a88523031c202a56f6b05ae0782 DATA={"source": "EmotionModel_v1", "label": "Confused", "confidence": 0.79}
2026-05-17 19:04:22,411 | SENDER=gesture_node         TOPIC=/hri/gesture         SHA256=5afe446f6b681d8e4ab4dd3048bd77a111307ceb55759541864b609cd3977fc4 DATA={"source": "GestureModel_v1", "label": "Wave", "confidence": 0.97}
2026-05-17 19:04:22,980 | SENDER=motion_node          TOPIC=/hri/motion          SHA256=338bb9ac608024bff5eacce94b1a9ba13e3bce2495a199e7f71fde082529c6b6 DATA={"source": "MotionModel_v1", "label": "Running", "speed_ms": 2.4}
2026-05-17 19:04:23,410 | SENDER=gesture_node         TOPIC=/hri/gesture         SHA256=9c23e07af1c553433345d5ea1db582b01f88aaa69cfaff89eaecaa4d16ef97ce DATA={"source": "GestureModel_v1", "label": "Beckon", "confidence": 0.86}
2026-05-17 19:04:24,166 | SENDER=context_node         TOPIC=/hri/context         SHA256=b88b3385b15277f264a4977a18a860ce4df5fa37ec2862844eecd37fad4c7813 DATA={"source": "ContextModel_v1", "environment": "Hospital_Corridor", "crowding": "High"}
2026-05-17 19:04:24,187 | SENDER=emotion_node         TOPIC=/hri/emotion         SHA256=9c3a6d92f4d460c51551e184fafb9f9f41552534d0d7adf16bddfea14a771c37 DATA={"source": "EmotionModel_v1", "label": "Sad", "confidence": 0.86}
2026-05-17 19:04:24,981 | SENDER=motion_node          TOPIC=/hri/motion          SHA256=a8d1605c665da0d90c5926d0781f9a93520e3cae71baa0121d9435c357915c70 DATA={"source": "MotionModel_v1", "label": "Running", "speed_ms": 2.41}
2026-05-17 19:04:25,408 | SENDER=gesture_node         TOPIC=/hri/gesture         SHA256=d08bf1d062c8563e27397a25cd35892bc811731dee80beff2ea030173d6c2d16 DATA={"source": "GestureModel_v1", "label": "Thumbs_Up", "confidence": 0.86}
2026-05-17 19:04:26,166 | SENDER=context_node         TOPIC=/hri/context         SHA256=f83540b369d62d3a3626f4487a33a8fb933121643231b1e0e5d4aeab15d1aac7 DATA={"source": "ContextModel_v1", "environment": "Museum_Gallery", "crowding": "Low"}
2026-05-17 19:04:26,192 | SENDER=emotion_node         TOPIC=/hri/emotion         SHA256=2cb80fc8bc87bf2d63a696531984a40c307d9d25b5780498c5441fce9b076511 DATA={"source": "EmotionModel_v1", "label": "Confused", "confidence": 0.93}
2026-05-17 19:04:26,979 | SENDER=motion_node          TOPIC=/hri/motion          SHA256=f3e8151c00f9bb02b6f1602d9293c2673d0f236334f0f10bebf9220a1a485f2d DATA={"source": "MotionModel_v1", "label": "Running", "speed_ms": 3.32}
2026-05-17 19:04:27,408 | SENDER=gesture_node         TOPIC=/hri/gesture         SHA256=9c2d7d6267bc0073a7fc20ca7d5ec2c462d7d77f9ce3d11432f9db4950060e26 DATA={"source": "GestureModel_v1", "label": "Wave", "confidence": 0.85}
2026-05-17 19:04:28,166 | SENDER=context_node         TOPIC=/hri/context         SHA256=b88b3385b15277f264a4977a18a860ce4df5fa37ec2862844eecd37fad4c7813 DATA={"source": "ContextModel_v1", "environment": "Hospital_Corridor", "crowding": "High"}
2026-05-17 19:04:28,207 | SENDER=emotion_node         TOPIC=/hri/emotion         SHA256=cb2e003d9f5fbe76bee13448067af71cf562ef517fc312e7eab895fc471d51cd DATA={"source": "EmotionModel_v1", "label": "Confused", "confidence": 0.84}
2026-05-17 19:04:28,979 | SENDER=motion_node          TOPIC=/hri/motion          SHA256=874039d5726adc76bba3dc73301d84cb514b488f991644e1418092d6cf963ca8 DATA={"source": "MotionModel_v1", "label": "Wandering", "speed_ms": 0.24}
2026-05-17 19:04:29,408 | SENDER=gesture_node         TOPIC=/hri/gesture         SHA256=eeea3df0df901eb95e968cc45374dc95367eadfbdfc477222b3575958842b3f1 DATA={"source": "GestureModel_v1", "label": "Wave", "confidence": 0.91}
2026-05-17 19:04:30,165 | SENDER=context_node         TOPIC=/hri/context         SHA256=f83540b369d62d3a3626f4487a33a8fb933121643231b1e0e5d4aeab15d1aac7 DATA={"source": "ContextModel_v1", "environment": "Museum_Gallery", "crowding": "Low"}
2026-05-17 19:04:30,181 | SENDER=emotion_node         TOPIC=/hri/emotion         SHA256=1a6b6cd8ce54374fcf1708ed772ae33dc72925ef1859d2984c199c36d21e8af5 DATA={"source": "EmotionModel_v1", "label": "Sad", "confidence": 0.87}
2026-05-17 19:04:30,979 | SENDER=motion_node          TOPIC=/hri/motion          SHA256=0d61f213b6f40f2828d8f86e25ddbf3684fb49d23aa3c12573eebd6aea2f3865 DATA={"source": "MotionModel_v1", "label": "Retreating", "speed_ms": 0.36}
2026-05-17 19:04:31,408 | SENDER=gesture_node         TOPIC=/hri/gesture         SHA256=f3a5e9fd5f47af06408d6a01da4f6c1cef0aabb11188d59709928a9a43a32fa8 DATA={"source": "GestureModel_v1", "label": "Wave", "confidence": 0.86}
2026-05-17 19:04:32,165 | SENDER=context_node         TOPIC=/hri/context         SHA256=b88b3385b15277f264a4977a18a860ce4df5fa37ec2862844eecd37fad4c7813 DATA={"source": "ContextModel_v1", "environment": "Hospital_Corridor", "crowding": "High"}
2026-05-17 19:04:32,188 | SENDER=emotion_node         TOPIC=/hri/emotion         SHA256=d91a3aa5e19a1c40cd82936f1e52a51856feb9b0a9aa81c9216570eba6ab60d2 DATA={"source": "EmotionModel_v1", "label": "Panicked", "confidence": 0.97}
2026-05-17 19:04:32,983 | SENDER=motion_node          TOPIC=/hri/motion          SHA256=355fa5198003fca17ac10e06ed94d6babe3e6f46c4060dc1c122d7e582031685 DATA={"source": "MotionModel_v1", "label": "Approaching", "speed_ms": 0.81}
2026-05-17 19:04:33,408 | SENDER=gesture_node         TOPIC=/hri/gesture         SHA256=2f3b8570b684d4fa74465f1a58ba3a522605219d3622d152b92fb24550ea7a14 DATA={"source": "GestureModel_v1", "label": "Wave", "confidence": 0.9}
2026-05-17 19:04:34,165 | SENDER=context_node         TOPIC=/hri/context         SHA256=0328fe086d7abbbd5cc66066c96aec10db560086a0f840535d8d2da0875519d9 DATA={"source": "ContextModel_v1", "environment": "Retail_Aisle", "crowding": "Medium"}
2026-05-17 19:04:34,187 | SENDER=emotion_node         TOPIC=/hri/emotion         SHA256=c5793a326aaafa2680ba4284459d95ab792410348373037a6131eebc1451b6b6 DATA={"source": "EmotionModel_v1", "label": "Angry", "confidence": 0.83}
2026-05-17 19:04:34,980 | SENDER=motion_node          TOPIC=/hri/motion          SHA256=0185f071c52b5e53f656a1996fda5247eb2c2d84cd003793484415addd0d654a DATA={"source": "MotionModel_v1", "label": "Stationary", "speed_ms": 0.06}
2026-05-17 19:04:35,407 | SENDER=gesture_node         TOPIC=/hri/gesture         SHA256=5afe446f6b681d8e4ab4dd3048bd77a111307ceb55759541864b609cd3977fc4 DATA={"source": "GestureModel_v1", "label": "Wave", "confidence": 0.97}
2026-05-17 19:04:36,165 | SENDER=context_node         TOPIC=/hri/context         SHA256=4f7f3e509d2a45b70dab96481bdeba99e5dd5787b28f81fbd5e9933a5b67478b DATA={"source": "ContextModel_v1", "environment": "Hospital_Reception", "crowding": "Medium"}
2026-05-17 19:04:36,202 | SENDER=emotion_node         TOPIC=/hri/emotion         SHA256=def82fa5f6e5b9496b7405bb5a8c75e40de3b320de1185bbb8b26788cd65e167 DATA={"source": "EmotionModel_v1", "label": "Happy", "confidence": 0.88}
2026-05-17 19:04:36,981 | SENDER=motion_node          TOPIC=/hri/motion          SHA256=515e5c1e86e4d0bbed32a0b4d415c8adc8bf3e01a43b15b6536b8997c40535a1 DATA={"source": "MotionModel_v1", "label": "Stationary", "speed_ms": 0.05}
2026-05-17 19:04:37,408 | SENDER=gesture_node         TOPIC=/hri/gesture         SHA256=cc89d3ef7d81d2faae7a1b2fb58c914a09205ed61388339e1234c0def6653cf2 DATA={"source": "GestureModel_v1", "label": "Cross_Arms", "confidence": 0.85}
2026-05-17 19:04:38,166 | SENDER=context_node         TOPIC=/hri/context         SHA256=4f7f3e509d2a45b70dab96481bdeba99e5dd5787b28f81fbd5e9933a5b67478b DATA={"source": "ContextModel_v1", "environment": "Hospital_Reception", "crowding": "Medium"}
2026-05-17 19:04:38,211 | SENDER=emotion_node         TOPIC=/hri/emotion         SHA256=ed4682367d4382351dd499e07c5e400137787831a4eb6d2544909d73a744c1b4 DATA={"source": "EmotionModel_v1", "label": "Angry", "confidence": 0.85}
2026-05-17 19:04:38,979 | SENDER=motion_node          TOPIC=/hri/motion          SHA256=ac453ab478a82a1fff1b02e5243adec315eb33327f6ad833f587c45cfc79c5d6 DATA={"source": "MotionModel_v1", "label": "Running", "speed_ms": 2.63}
2026-05-17 19:04:39,408 | SENDER=gesture_node         TOPIC=/hri/gesture         SHA256=3279851d7c516d167854e919eb80987f7ab72a3a4351ea05a7d402b0f22d7efb DATA={"source": "GestureModel_v1", "label": "Point", "confidence": 0.84}
2026-05-17 19:04:40,165 | SENDER=context_node         TOPIC=/hri/context         SHA256=f83540b369d62d3a3626f4487a33a8fb933121643231b1e0e5d4aeab15d1aac7 DATA={"source": "ContextModel_v1", "environment": "Museum_Gallery", "crowding": "Low"}
2026-05-17 19:04:40,181 | SENDER=emotion_node         TOPIC=/hri/emotion         SHA256=b8012b46ee585333e5073979e18a89cc65619ec7851c1d916ecb1d34f0db83d3 DATA={"source": "EmotionModel_v1", "label": "Confused", "confidence": 0.85}
2026-05-17 19:04:40,979 | SENDER=motion_node          TOPIC=/hri/motion          SHA256=0185f071c52b5e53f656a1996fda5247eb2c2d84cd003793484415addd0d654a DATA={"source": "MotionModel_v1", "label": "Stationary", "speed_ms": 0.06}
2026-05-17 19:04:41,408 | SENDER=gesture_node         TOPIC=/hri/gesture         SHA256=757678849b1b5e94f27cae2f19e40e63b8696e8864d759874ba58f978f25fc46 DATA={"source": "GestureModel_v1", "label": "Thumbs_Up", "confidence": 0.88}
2026-05-17 19:04:42,165 | SENDER=context_node         TOPIC=/hri/context         SHA256=b88b3385b15277f264a4977a18a860ce4df5fa37ec2862844eecd37fad4c7813 DATA={"source": "ContextModel_v1", "environment": "Hospital_Corridor", "crowding": "High"}
2026-05-17 19:04:42,183 | SENDER=emotion_node         TOPIC=/hri/emotion         SHA256=b1b6ae86a9609b1d32e1fc2ad5ce71c410e80d992a52d3150327ed2c5a13d5d0 DATA={"source": "EmotionModel_v1", "label": "Happy", "confidence": 0.96}
2026-05-17 19:04:42,979 | SENDER=motion_node          TOPIC=/hri/motion          SHA256=64b7dfeb9adf1dc5f3c83f8d7c528ef460dd38bfbd8399917e46dabcfb5303dc DATA={"source": "MotionModel_v1", "label": "Approaching", "speed_ms": 0.69}
2026-05-17 19:04:43,408 | SENDER=gesture_node         TOPIC=/hri/gesture         SHA256=f3a5e9fd5f47af06408d6a01da4f6c1cef0aabb11188d59709928a9a43a32fa8 DATA={"source": "GestureModel_v1", "label": "Wave", "confidence": 0.86}
2026-05-17 19:04:44,165 | SENDER=context_node         TOPIC=/hri/context         SHA256=f83540b369d62d3a3626f4487a33a8fb933121643231b1e0e5d4aeab15d1aac7 DATA={"source": "ContextModel_v1", "environment": "Museum_Gallery", "crowding": "Low"}
2026-05-17 19:04:44,181 | SENDER=emotion_node         TOPIC=/hri/emotion         SHA256=cb2e003d9f5fbe76bee13448067af71cf562ef517fc312e7eab895fc471d51cd DATA={"source": "EmotionModel_v1", "label": "Confused", "confidence": 0.84}
2026-05-17 19:04:44,979 | SENDER=motion_node          TOPIC=/hri/motion          SHA256=7cfd545c5fa9c494629c93b4449e94368e46494bc0225f7b3114adcf77b911fc DATA={"source": "MotionModel_v1", "label": "Running", "speed_ms": 2.58}
2026-05-17 19:04:45,408 | SENDER=gesture_node         TOPIC=/hri/gesture         SHA256=58fc96a63f43bf5ce2f18d1ef46c6c39612305ca9fffd5d627feb24785ed2036 DATA={"source": "GestureModel_v1", "label": "Thumbs_Up", "confidence": 0.95}
2026-05-17 19:04:46,165 | SENDER=context_node         TOPIC=/hri/context         SHA256=4f7f3e509d2a45b70dab96481bdeba99e5dd5787b28f81fbd5e9933a5b67478b DATA={"source": "ContextModel_v1", "environment": "Hospital_Reception", "crowding": "Medium"}
2026-05-17 19:04:46,181 | SENDER=emotion_node         TOPIC=/hri/emotion         SHA256=4da8c0dec0a1bf7dc8dae38061acb68cf8c0d5a67c4026578b158d0aacbd4633 DATA={"source": "EmotionModel_v1", "label": "Panicked", "confidence": 0.95}
2026-05-17 19:04:46,979 | SENDER=motion_node          TOPIC=/hri/motion          SHA256=c108693a89ee8636e5a6bbf2760f0e396e93d6720fa42e8f6f49cf83a620ffc4 DATA={"source": "MotionModel_v1", "label": "Wandering", "speed_ms": 0.25}
2026-05-17 19:04:47,408 | SENDER=gesture_node         TOPIC=/hri/gesture         SHA256=62434f50539b04787134308277b1e06687ba3619d47877f2760dc09e7fc2bcf3 DATA={"source": "GestureModel_v1", "label": "Cross_Arms", "confidence": 0.78}
2026-05-17 19:04:48,166 | SENDER=context_node         TOPIC=/hri/context         SHA256=4f7f3e509d2a45b70dab96481bdeba99e5dd5787b28f81fbd5e9933a5b67478b DATA={"source": "ContextModel_v1", "environment": "Hospital_Reception", "crowding": "Medium"}
2026-05-17 19:04:48,197 | SENDER=emotion_node         TOPIC=/hri/emotion         SHA256=b7ef50907269775339990ba759422603a4410e00b2d9c828a1c34afac74406a3 DATA={"source": "EmotionModel_v1", "label": "Angry", "confidence": 0.9}
2026-05-17 19:04:48,979 | SENDER=motion_node          TOPIC=/hri/motion          SHA256=03fed77cbc8167c37a5f460e25994d9f9a96c19cfc96a098296e040c04acbbce DATA={"source": "MotionModel_v1", "label": "Stationary", "speed_ms": 0.0}
2026-05-17 19:04:49,408 | SENDER=gesture_node         TOPIC=/hri/gesture         SHA256=5b48d474e5c719d0060512121537934ef68d74571173327fae0285e65aba623b DATA={"source": "GestureModel_v1", "label": "Beckon", "confidence": 0.88}
2026-05-17 19:04:50,166 | SENDER=context_node         TOPIC=/hri/context         SHA256=4f7f3e509d2a45b70dab96481bdeba99e5dd5787b28f81fbd5e9933a5b67478b DATA={"source": "ContextModel_v1", "environment": "Hospital_Reception", "crowding": "Medium"}
2026-05-17 19:04:50,186 | SENDER=emotion_node         TOPIC=/hri/emotion         SHA256=fb8e1603c1c878d9bde4256305bb541a522e9d71e8619861d7913c31ba0de47e DATA={"source": "EmotionModel_v1", "label": "Confused", "confidence": 0.81}
2026-05-17 19:04:50,979 | SENDER=motion_node          TOPIC=/hri/motion          SHA256=4c5121eba8d78d1e05665090345d0b4cca9ead749b6be6b05db68eaca2a63fad DATA={"source": "MotionModel_v1", "label": "Wandering", "speed_ms": 0.62}
2026-05-17 19:04:51,408 | SENDER=gesture_node         TOPIC=/hri/gesture         SHA256=3ecfd8986e395125c84f18e5ae99ca501d0aeb626128e03435d34223d907b0dd DATA={"source": "GestureModel_v1", "label": "Point", "confidence": 0.91}
2026-05-17 19:04:52,165 | SENDER=context_node         TOPIC=/hri/context         SHA256=a64fb3cfbf73edd634404a40b5c36a0c53b982ba75ff4431360d795192f7cd87 DATA={"source": "ContextModel_v1", "environment": "Hospital_Ward", "crowding": "Low"}
2026-05-17 19:04:52,181 | SENDER=emotion_node         TOPIC=/hri/emotion         SHA256=338e8a50a73c00172ac7f7628c783deca1c08a88523031c202a56f6b05ae0782 DATA={"source": "EmotionModel_v1", "label": "Confused", "confidence": 0.79}
2026-05-17 19:04:52,978 | SENDER=motion_node          TOPIC=/hri/motion          SHA256=be0eeb87fff38c0269a42dc1298d1957ab4f92a009b828f7452c517aeba0c2c8 DATA={"source": "MotionModel_v1", "label": "Retreating", "speed_ms": 0.52}
2026-05-17 19:04:54,278 | SENDER=gesture_node         TOPIC=/hri/gesture         SHA256=83fc75fa76f2cce7dc0b791ca84959c902921d73bbc09d8951797b122897cec6 DATA={"source": "GestureModel_v1", "label": "Cross_Arms", "confidence": 0.8}
2026-05-17 19:04:55,030 | SENDER=context_node         TOPIC=/hri/context         SHA256=a64fb3cfbf73edd634404a40b5c36a0c53b982ba75ff4431360d795192f7cd87 DATA={"source": "ContextModel_v1", "environment": "Hospital_Ward", "crowding": "Low"}
2026-05-17 19:04:55,046 | SENDER=emotion_node         TOPIC=/hri/emotion         SHA256=3a98de9da719fee6ab907bdae0a4b63a5338cd5475d0e485f5b84c94f98260cf DATA={"source": "EmotionModel_v1", "label": "Neutral", "confidence": 0.9}
2026-05-17 19:04:55,409 | SENDER=gesture_node         TOPIC=/hri/gesture         SHA256=4205621ed303fae6f5e5da63ada00cf83e4bf6ef8b07632c5feb2d0d235b3d30 DATA={"source": "GestureModel_v1", "label": "Point", "confidence": 0.88}
2026-05-17 19:04:55,843 | SENDER=motion_node          TOPIC=/hri/motion          SHA256=e9e72f3216bab8d211a7c31ca4e5f8789e65e366b5af64640c006f1b08db5710 DATA={"source": "MotionModel_v1", "label": "Stationary", "speed_ms": 0.08}
2026-05-17 19:04:56,165 | SENDER=context_node         TOPIC=/hri/context         SHA256=0328fe086d7abbbd5cc66066c96aec10db560086a0f840535d8d2da0875519d9 DATA={"source": "ContextModel_v1", "environment": "Retail_Aisle", "crowding": "Medium"}
2026-05-17 19:04:56,182 | SENDER=emotion_node         TOPIC=/hri/emotion         SHA256=542cb0a557d680d2be3b4f1acda147bc296a1cc1f892f397b93700b4f170d620 DATA={"source": "EmotionModel_v1", "label": "Panicked", "confidence": 0.86}
2026-05-17 19:04:56,985 | SENDER=motion_node          TOPIC=/hri/motion          SHA256=5ae3d814661b869b684d8e7a39115713f4dfc57d2256c370b326d3f4ac20630c DATA={"source": "MotionModel_v1", "label": "Approaching", "speed_ms": 0.43}
2026-05-17 19:04:57,415 | SENDER=gesture_node         TOPIC=/hri/gesture         SHA256=3ecfd8986e395125c84f18e5ae99ca501d0aeb626128e03435d34223d907b0dd DATA={"source": "GestureModel_v1", "label": "Point", "confidence": 0.91}
2026-05-17 19:04:58,166 | SENDER=context_node         TOPIC=/hri/context         SHA256=f83540b369d62d3a3626f4487a33a8fb933121643231b1e0e5d4aeab15d1aac7 DATA={"source": "ContextModel_v1", "environment": "Museum_Gallery", "crowding": "Low"}
2026-05-17 19:04:58,227 | SENDER=emotion_node         TOPIC=/hri/emotion         SHA256=106fd6dedd10a3a6624aac4bffac863c64467df79eb883bf7599f0bf3c63f2c2 DATA={"source": "EmotionModel_v1", "label": "Neutral", "confidence": 0.85}
2026-05-17 19:04:58,985 | SENDER=motion_node          TOPIC=/hri/motion          SHA256=e9e72f3216bab8d211a7c31ca4e5f8789e65e366b5af64640c006f1b08db5710 DATA={"source": "MotionModel_v1", "label": "Stationary", "speed_ms": 0.08}
2026-05-17 19:04:59,409 | SENDER=gesture_node         TOPIC=/hri/gesture         SHA256=3ecfd8986e395125c84f18e5ae99ca501d0aeb626128e03435d34223d907b0dd DATA={"source": "GestureModel_v1", "label": "Point", "confidence": 0.91}
2026-05-17 19:05:00,169 | SENDER=context_node         TOPIC=/hri/context         SHA256=f83540b369d62d3a3626f4487a33a8fb933121643231b1e0e5d4aeab15d1aac7 DATA={"source": "ContextModel_v1", "environment": "Museum_Gallery", "crowding": "Low"}
2026-05-17 19:05:00,202 | SENDER=emotion_node         TOPIC=/hri/emotion         SHA256=f2084d172f0a61d589af23a490cc7f24a8e4c61bdadda5d13175df941e1c60e2 DATA={"source": "EmotionModel_v1", "label": "Neutral", "confidence": 0.91}
2026-05-17 19:05:00,985 | SENDER=motion_node          TOPIC=/hri/motion          SHA256=a46f597bf2b84b09ff5dc257e3f5db73d1205f3a587a124948adc36deadfd77a DATA={"source": "MotionModel_v1", "label": "Retreating", "speed_ms": 0.34}
2026-05-17 19:05:01,411 | SENDER=gesture_node         TOPIC=/hri/gesture         SHA256=524ac5ae77246be80b1cc3514691376f3090b4e0d863b2cfb2819871a4f1bd76 DATA={"source": "GestureModel_v1", "label": "Wave", "confidence": 0.88}
2026-05-17 19:05:02,168 | SENDER=context_node         TOPIC=/hri/context         SHA256=4f7f3e509d2a45b70dab96481bdeba99e5dd5787b28f81fbd5e9933a5b67478b DATA={"source": "ContextModel_v1", "environment": "Hospital_Reception", "crowding": "Medium"}
2026-05-17 19:05:02,193 | SENDER=emotion_node         TOPIC=/hri/emotion         SHA256=b7ef50907269775339990ba759422603a4410e00b2d9c828a1c34afac74406a3 DATA={"source": "EmotionModel_v1", "label": "Angry", "confidence": 0.9}
2026-05-17 19:05:02,983 | SENDER=motion_node          TOPIC=/hri/motion          SHA256=0a22a9e8ed96ea7a3b8c99534fa58e6447c6ca6502190ef909f33291fa511f7f DATA={"source": "MotionModel_v1", "label": "Stationary", "speed_ms": 0.03}
2026-05-17 19:05:03,409 | SENDER=gesture_node         TOPIC=/hri/gesture         SHA256=e6d3acb2c298209dd58d23c111adf470153ad7621a89d99ebf96dfaf8a2cb665 DATA={"source": "GestureModel_v1", "label": "Beckon", "confidence": 0.82}
2026-05-17 19:05:04,167 | SENDER=context_node         TOPIC=/hri/context         SHA256=4f7f3e509d2a45b70dab96481bdeba99e5dd5787b28f81fbd5e9933a5b67478b DATA={"source": "ContextModel_v1", "environment": "Hospital_Reception", "crowding": "Medium"}
2026-05-17 19:05:04,185 | SENDER=emotion_node         TOPIC=/hri/emotion         SHA256=b1b6ae86a9609b1d32e1fc2ad5ce71c410e80d992a52d3150327ed2c5a13d5d0 DATA={"source": "EmotionModel_v1", "label": "Happy", "confidence": 0.96}
2026-05-17 19:05:04,981 | SENDER=motion_node          TOPIC=/hri/motion          SHA256=e326a18c83d16cb50043d6d302f4dcab2bc490322686142a24f38521fd7589d9 DATA={"source": "MotionModel_v1", "label": "Running", "speed_ms": 2.88}
2026-05-17 19:05:05,407 | SENDER=gesture_node         TOPIC=/hri/gesture         SHA256=3ecfd8986e395125c84f18e5ae99ca501d0aeb626128e03435d34223d907b0dd DATA={"source": "GestureModel_v1", "label": "Point", "confidence": 0.91}
2026-05-17 19:05:06,166 | SENDER=context_node         TOPIC=/hri/context         SHA256=b88b3385b15277f264a4977a18a860ce4df5fa37ec2862844eecd37fad4c7813 DATA={"source": "ContextModel_v1", "environment": "Hospital_Corridor", "crowding": "High"}
2026-05-17 19:05:06,181 | SENDER=emotion_node         TOPIC=/hri/emotion         SHA256=b7ef50907269775339990ba759422603a4410e00b2d9c828a1c34afac74406a3 DATA={"source": "EmotionModel_v1", "label": "Angry", "confidence": 0.9}
2026-05-17 19:05:06,979 | SENDER=motion_node          TOPIC=/hri/motion          SHA256=0a22a9e8ed96ea7a3b8c99534fa58e6447c6ca6502190ef909f33291fa511f7f DATA={"source": "MotionModel_v1", "label": "Stationary", "speed_ms": 0.03}
2026-05-17 19:05:07,408 | SENDER=gesture_node         TOPIC=/hri/gesture         SHA256=5b48d474e5c719d0060512121537934ef68d74571173327fae0285e65aba623b DATA={"source": "GestureModel_v1", "label": "Beckon", "confidence": 0.88}
2026-05-17 19:05:08,165 | SENDER=context_node         TOPIC=/hri/context         SHA256=a64fb3cfbf73edd634404a40b5c36a0c53b982ba75ff4431360d795192f7cd87 DATA={"source": "ContextModel_v1", "environment": "Hospital_Ward", "crowding": "Low"}
2026-05-17 19:05:08,182 | SENDER=emotion_node         TOPIC=/hri/emotion         SHA256=bd7df66e589fc65612ba80c9511f32ca0bd95b51c08bff4643c46f4c26640c83 DATA={"source": "EmotionModel_v1", "label": "Panicked", "confidence": 0.94}
2026-05-17 19:05:08,979 | SENDER=motion_node          TOPIC=/hri/motion          SHA256=3fe43b964157fdbd24d0a87acc2042d03f2792a06402ed1d6f82b16eb5786f24 DATA={"source": "MotionModel_v1", "label": "Running", "speed_ms": 3.41}
2026-05-17 19:05:09,410 | SENDER=gesture_node         TOPIC=/hri/gesture         SHA256=65c18f592191716bd4713ca0311a437ad474800ebd3506cfd207376f6807f6ba DATA={"source": "GestureModel_v1", "label": "Thumbs_Up", "confidence": 0.87}
2026-05-17 19:05:10,165 | SENDER=context_node         TOPIC=/hri/context         SHA256=a64fb3cfbf73edd634404a40b5c36a0c53b982ba75ff4431360d795192f7cd87 DATA={"source": "ContextModel_v1", "environment": "Hospital_Ward", "crowding": "Low"}
2026-05-17 19:05:10,183 | SENDER=emotion_node         TOPIC=/hri/emotion         SHA256=c9f62e048a71b2b7a2d2b3e01efa596035bef3940f5d6ee245990acc897438b2 DATA={"source": "EmotionModel_v1", "label": "Panicked", "confidence": 0.96}
2026-05-17 19:05:10,979 | SENDER=motion_node          TOPIC=/hri/motion          SHA256=45f7859dd91d328be94df974985fa772320f27510dbe17108032a0c56b2cf23c DATA={"source": "MotionModel_v1", "label": "Running", "speed_ms": 1.95}
2026-05-17 19:05:11,408 | SENDER=gesture_node         TOPIC=/hri/gesture         SHA256=203b2d0a5edc0f8e97c13de91d282f857606abf810e68b3ce8dba1fa1abc4fe1 DATA={"source": "GestureModel_v1", "label": "Wave", "confidence": 0.94}
2026-05-17 19:05:12,165 | SENDER=context_node         TOPIC=/hri/context         SHA256=b88b3385b15277f264a4977a18a860ce4df5fa37ec2862844eecd37fad4c7813 DATA={"source": "ContextModel_v1", "environment": "Hospital_Corridor", "crowding": "High"}
2026-05-17 19:05:12,181 | SENDER=emotion_node         TOPIC=/hri/emotion         SHA256=68d9a54c36e749733e6d72908a91e4bc96e43c189d1488e01d780c25678f9ff1 DATA={"source": "EmotionModel_v1", "label": "Sad", "confidence": 0.89}
2026-05-17 19:05:12,979 | SENDER=motion_node          TOPIC=/hri/motion          SHA256=5892450183d4fefae66b2a953bfeccbb3c7cf7d41bedc944eea9129103b3b6bf DATA={"source": "MotionModel_v1", "label": "Running", "speed_ms": 1.85}
2026-05-17 19:05:13,409 | SENDER=gesture_node         TOPIC=/hri/gesture         SHA256=fdea9da89496b551be658a7c3da499ee1a917f963e7fa137772c70fcb33de972 DATA={"source": "GestureModel_v1", "label": "Beckon", "confidence": 0.9}
2026-05-17 19:05:14,181 | SENDER=context_node         TOPIC=/hri/context         SHA256=b88b3385b15277f264a4977a18a860ce4df5fa37ec2862844eecd37fad4c7813 DATA={"source": "ContextModel_v1", "environment": "Hospital_Corridor", "crowding": "High"}
2026-05-17 19:05:14,190 | SENDER=emotion_node         TOPIC=/hri/emotion         SHA256=92ba8953f0a9dc9df5a150689d2aa425d4006226c738c6a5e212ad207cce14db DATA={"source": "EmotionModel_v1", "label": "Sad", "confidence": 0.79}
2026-05-17 19:05:15,034 | SENDER=motion_node          TOPIC=/hri/motion          SHA256=a616fedcff5d26c5ec45a2dfd3394bc6b5b800785deed3f94aff66205c7c8e6b DATA={"source": "MotionModel_v1", "label": "Wandering", "speed_ms": 0.59}
2026-05-17 19:05:16,010 | SENDER=gesture_node         TOPIC=/hri/gesture         SHA256=641c3dda621dae518afaa84bb122e0fd38aaa475d79f4f2f95a3237156141a42 DATA={"source": "GestureModel_v1", "label": "Cross_Arms", "confidence": 0.82}
2026-05-17 19:05:16,207 | SENDER=context_node         TOPIC=/hri/context         SHA256=a64fb3cfbf73edd634404a40b5c36a0c53b982ba75ff4431360d795192f7cd87 DATA={"source": "ContextModel_v1", "environment": "Hospital_Ward", "crowding": "Low"}
2026-05-17 19:05:16,507 | SENDER=emotion_node         TOPIC=/hri/emotion         SHA256=def82fa5f6e5b9496b7405bb5a8c75e40de3b320de1185bbb8b26788cd65e167 DATA={"source": "EmotionModel_v1", "label": "Happy", "confidence": 0.88}
2026-05-17 19:05:17,118 | SENDER=motion_node          TOPIC=/hri/motion          SHA256=cd75153566d422e17d8d18429df97d0f3c5f972d9c6dca29accb0d4137f18239 DATA={"source": "MotionModel_v1", "label": "Stationary", "speed_ms": 0.01}
2026-05-17 19:05:17,773 | SENDER=gesture_node         TOPIC=/hri/gesture         SHA256=0d4b16c73e3ed1114603730b82027a1fcd65990f149401bbf927fd2589b1ca25 DATA={"source": "GestureModel_v1", "label": "Thumbs_Up", "confidence": 0.85}
2026-05-17 19:05:18,168 | SENDER=context_node         TOPIC=/hri/context         SHA256=4f7f3e509d2a45b70dab96481bdeba99e5dd5787b28f81fbd5e9933a5b67478b DATA={"source": "ContextModel_v1", "environment": "Hospital_Reception", "crowding": "Medium"}
2026-05-17 19:05:18,182 | SENDER=emotion_node         TOPIC=/hri/emotion         SHA256=a16e78978e9a387224a47e626b63b25a62b0930d7bed5f5b6524b2db1440d194 DATA={"source": "EmotionModel_v1", "label": "Panicked", "confidence": 0.89}
2026-05-17 19:05:18,980 | SENDER=motion_node          TOPIC=/hri/motion          SHA256=887cbb35575fd9020475f3ba1c2474993905791e24b9b8f9f723ada418e6cbfe DATA={"source": "MotionModel_v1", "label": "Wandering", "speed_ms": 0.54}
2026-05-17 19:05:19,731 | SENDER=gesture_node         TOPIC=/hri/gesture         SHA256=65c18f592191716bd4713ca0311a437ad474800ebd3506cfd207376f6807f6ba DATA={"source": "GestureModel_v1", "label": "Thumbs_Up", "confidence": 0.87}
2026-05-17 19:05:20,276 | SENDER=emotion_node         TOPIC=/hri/emotion         SHA256=21b8d3facfd69e37dd7c79e05619c7e3cab414c0b9e7dd6bf6f2f8eaba7eed36 DATA={"source": "EmotionModel_v1", "label": "Happy", "confidence": 0.91}
2026-05-17 19:05:20,283 | SENDER=context_node         TOPIC=/hri/context         SHA256=b88b3385b15277f264a4977a18a860ce4df5fa37ec2862844eecd37fad4c7813 DATA={"source": "ContextModel_v1", "environment": "Hospital_Corridor", "crowding": "High"}
2026-05-17 19:05:20,978 | SENDER=motion_node          TOPIC=/hri/motion          SHA256=80ba05135d93e771669ca4c540c90651064ce69983ece23d80bab42d10faf8eb DATA={"source": "MotionModel_v1", "label": "Approaching", "speed_ms": 0.57}
2026-05-17 19:05:21,429 | SENDER=gesture_node         TOPIC=/hri/gesture         SHA256=ebd25a530fc8fd069779b4d49d56b982d92760d46b5fe301254eac92c2fc909e DATA={"source": "GestureModel_v1", "label": "Point", "confidence": 0.8}
2026-05-17 19:05:22,166 | SENDER=context_node         TOPIC=/hri/context         SHA256=f83540b369d62d3a3626f4487a33a8fb933121643231b1e0e5d4aeab15d1aac7 DATA={"source": "ContextModel_v1", "environment": "Museum_Gallery", "crowding": "Low"}
2026-05-17 19:05:22,304 | SENDER=emotion_node         TOPIC=/hri/emotion         SHA256=a566545654fcc155cea4db1532e34567402f70a77fb3ff3c4b0d6d4f83ccaf8e DATA={"source": "EmotionModel_v1", "label": "Angry", "confidence": 0.88}
2026-05-17 19:05:22,988 | SENDER=motion_node          TOPIC=/hri/motion          SHA256=0a22a9e8ed96ea7a3b8c99534fa58e6447c6ca6502190ef909f33291fa511f7f DATA={"source": "MotionModel_v1", "label": "Stationary", "speed_ms": 0.03}
2026-05-17 19:05:23,525 | SENDER=gesture_node         TOPIC=/hri/gesture         SHA256=d08bf1d062c8563e27397a25cd35892bc811731dee80beff2ea030173d6c2d16 DATA={"source": "GestureModel_v1", "label": "Thumbs_Up", "confidence": 0.86}
2026-05-17 19:05:24,246 | SENDER=context_node         TOPIC=/hri/context         SHA256=4f7f3e509d2a45b70dab96481bdeba99e5dd5787b28f81fbd5e9933a5b67478b DATA={"source": "ContextModel_v1", "environment": "Hospital_Reception", "crowding": "Medium"}
2026-05-17 19:05:24,268 | SENDER=emotion_node         TOPIC=/hri/emotion         SHA256=1234be84924a9049244e5859fe0ba0054d1aa37b42680b45029c8cd0ad934b91 DATA={"source": "EmotionModel_v1", "label": "Panicked", "confidence": 0.98}
2026-05-17 19:05:25,033 | SENDER=motion_node          TOPIC=/hri/motion          SHA256=88c545b2b9d8be83997dc9e01d48a6b62d3bd596d953d5c247e442c512893ea9 DATA={"source": "MotionModel_v1", "label": "Running", "speed_ms": 2.46}
2026-05-17 19:05:25,407 | SENDER=gesture_node         TOPIC=/hri/gesture         SHA256=9cef38e1acce95f0a1a6d96909f129fc840f11c10b317618806b9c900bcd3a47 DATA={"source": "GestureModel_v1", "label": "Stop", "confidence": 0.88}
2026-05-17 19:05:26,175 | SENDER=context_node         TOPIC=/hri/context         SHA256=f83540b369d62d3a3626f4487a33a8fb933121643231b1e0e5d4aeab15d1aac7 DATA={"source": "ContextModel_v1", "environment": "Museum_Gallery", "crowding": "Low"}
2026-05-17 19:05:27,178 | SENDER=emotion_node         TOPIC=/hri/emotion         SHA256=711685edb11d7f7975b724d921bc9e0c32030b2cc3a9ac2563d875694436b2bc DATA={"source": "EmotionModel_v1", "label": "Sad", "confidence": 0.82}
2026-05-17 19:05:27,913 | SENDER=motion_node          TOPIC=/hri/motion          SHA256=f55bffdb1042fcb74f577f17542d982376dbac930bfc8fc416e9e052d48984b6 DATA={"source": "MotionModel_v1", "label": "Running", "speed_ms": 2.67}
2026-05-17 19:05:28,210 | SENDER=emotion_node         TOPIC=/hri/emotion         SHA256=d91a3aa5e19a1c40cd82936f1e52a51856feb9b0a9aa81c9216570eba6ab60d2 DATA={"source": "EmotionModel_v1", "label": "Panicked", "confidence": 0.97}
2026-05-17 19:05:28,515 | SENDER=gesture_node         TOPIC=/hri/gesture         SHA256=65c18f592191716bd4713ca0311a437ad474800ebd3506cfd207376f6807f6ba DATA={"source": "GestureModel_v1", "label": "Thumbs_Up", "confidence": 0.87}
2026-05-17 19:05:28,999 | SENDER=motion_node          TOPIC=/hri/motion          SHA256=e9e72f3216bab8d211a7c31ca4e5f8789e65e366b5af64640c006f1b08db5710 DATA={"source": "MotionModel_v1", "label": "Stationary", "speed_ms": 0.08}
2026-05-17 19:05:29,100 | SENDER=context_node         TOPIC=/hri/context         SHA256=0328fe086d7abbbd5cc66066c96aec10db560086a0f840535d8d2da0875519d9 DATA={"source": "ContextModel_v1", "environment": "Retail_Aisle", "crowding": "Medium"}
2026-05-17 19:05:29,408 | SENDER=gesture_node         TOPIC=/hri/gesture         SHA256=58973deffa59167d658d90c2cc450855c6c6d02a30bf6c0386bf922b1cadcd2e DATA={"source": "GestureModel_v1", "label": "Stop", "confidence": 0.95}
2026-05-17 19:05:30,344 | SENDER=emotion_node         TOPIC=/hri/emotion         SHA256=01697a80c45797717cd5f5e2d430ab119f847c2f85367f5bd9efbdd1017835e4 DATA={"source": "EmotionModel_v1", "label": "Angry", "confidence": 0.86}
2026-05-17 19:05:30,627 | SENDER=context_node         TOPIC=/hri/context         SHA256=f83540b369d62d3a3626f4487a33a8fb933121643231b1e0e5d4aeab15d1aac7 DATA={"source": "ContextModel_v1", "environment": "Museum_Gallery", "crowding": "Low"}
2026-05-17 19:05:31,039 | SENDER=motion_node          TOPIC=/hri/motion          SHA256=8c50782eb8f23a380f25b0854a8a6c20b3c0582cd9c055315faea42d6eb78476 DATA={"source": "MotionModel_v1", "label": "Retreating", "speed_ms": 0.85}
2026-05-17 19:05:31,415 | SENDER=gesture_node         TOPIC=/hri/gesture         SHA256=62434f50539b04787134308277b1e06687ba3619d47877f2760dc09e7fc2bcf3 DATA={"source": "GestureModel_v1", "label": "Cross_Arms", "confidence": 0.78}
2026-05-17 19:05:32,167 | SENDER=context_node         TOPIC=/hri/context         SHA256=b88b3385b15277f264a4977a18a860ce4df5fa37ec2862844eecd37fad4c7813 DATA={"source": "ContextModel_v1", "environment": "Hospital_Corridor", "crowding": "High"}
2026-05-17 19:05:32,185 | SENDER=emotion_node         TOPIC=/hri/emotion         SHA256=7411f2bf2664640c499aa8f823ef5d77c4d8d0b64db1abf118cde27ec93bd07e DATA={"source": "EmotionModel_v1", "label": "Angry", "confidence": 0.82}
2026-05-17 19:05:33,019 | SENDER=motion_node          TOPIC=/hri/motion          SHA256=12961301161fe52cdcf0e5b0837664c4173e38428dc1f1ff2b861b4ac8009fd3 DATA={"source": "MotionModel_v1", "label": "Retreating", "speed_ms": 0.56}
2026-05-17 19:05:33,408 | SENDER=gesture_node         TOPIC=/hri/gesture         SHA256=a3e7e2cbad1a013fe4afeb2b49a4084ba7a389be5aa136a97f339829cb995bcf DATA={"source": "GestureModel_v1", "label": "Wave", "confidence": 0.92}
2026-05-17 19:05:34,166 | SENDER=context_node         TOPIC=/hri/context         SHA256=b88b3385b15277f264a4977a18a860ce4df5fa37ec2862844eecd37fad4c7813 DATA={"source": "ContextModel_v1", "environment": "Hospital_Corridor", "crowding": "High"}
2026-05-17 19:05:34,212 | SENDER=emotion_node         TOPIC=/hri/emotion         SHA256=7beafe6004ed15f146adec68e8da13641fd903793a7ab000b39e040744469d0f DATA={"source": "EmotionModel_v1", "label": "Angry", "confidence": 0.76}
2026-05-17 19:05:34,992 | SENDER=motion_node          TOPIC=/hri/motion          SHA256=95202b33b78cc47d93c212569b4cda1f2c0da4de9134077bca181191a85d9911 DATA={"source": "MotionModel_v1", "label": "Running", "speed_ms": 2.08}
2026-05-17 19:05:35,527 | SENDER=gesture_node         TOPIC=/hri/gesture         SHA256=531aa4915ea5bd4a6acb19e1014364d88b05dc5d27c74024e3a94b63d1bfaac6 DATA={"source": "GestureModel_v1", "label": "Thumbs_Up", "confidence": 0.94}
2026-05-17 19:05:36,168 | SENDER=context_node         TOPIC=/hri/context         SHA256=0328fe086d7abbbd5cc66066c96aec10db560086a0f840535d8d2da0875519d9 DATA={"source": "ContextModel_v1", "environment": "Retail_Aisle", "crowding": "Medium"}
2026-05-17 19:05:36,187 | SENDER=emotion_node         TOPIC=/hri/emotion         SHA256=9c3a6d92f4d460c51551e184fafb9f9f41552534d0d7adf16bddfea14a771c37 DATA={"source": "EmotionModel_v1", "label": "Sad", "confidence": 0.86}
2026-05-17 19:05:37,093 | SENDER=motion_node          TOPIC=/hri/motion          SHA256=9de1b02bb7714309331b4f4bcc67ab5085917a4014678b0784cb5c5478d2a9f9 DATA={"source": "MotionModel_v1", "label": "Retreating", "speed_ms": 0.66}
2026-05-17 19:05:37,458 | SENDER=gesture_node         TOPIC=/hri/gesture         SHA256=f35c0c663016184390bf9610b8640506db34cf9c64b2d7768d7484190ec03aaf DATA={"source": "GestureModel_v1", "label": "Thumbs_Up", "confidence": 0.93}
2026-05-17 19:05:38,177 | SENDER=context_node         TOPIC=/hri/context         SHA256=4f7f3e509d2a45b70dab96481bdeba99e5dd5787b28f81fbd5e9933a5b67478b DATA={"source": "ContextModel_v1", "environment": "Hospital_Reception", "crowding": "Medium"}
2026-05-17 19:05:38,182 | SENDER=emotion_node         TOPIC=/hri/emotion         SHA256=797384a622bb5f4bbeb49a7bb2981f7ffe8eaa0945eccd1184e8443488d819b3 DATA={"source": "EmotionModel_v1", "label": "Happy", "confidence": 0.97}
2026-05-17 19:05:39,113 | SENDER=motion_node          TOPIC=/hri/motion          SHA256=ccf8e84ea69616f8e08655a401a72ad3f3db3312e574737fc72b17e0c4e97c66 DATA={"source": "MotionModel_v1", "label": "Retreating", "speed_ms": 0.79}
2026-05-17 19:05:39,411 | SENDER=gesture_node         TOPIC=/hri/gesture         SHA256=5fed337a0a41811d63db9d6e9998b6775db60af51dbcca4d2364cde34df5fac4 DATA={"source": "GestureModel_v1", "label": "Stop", "confidence": 0.9}
2026-05-17 19:05:40,194 | SENDER=emotion_node         TOPIC=/hri/emotion         SHA256=3a98de9da719fee6ab907bdae0a4b63a5338cd5475d0e485f5b84c94f98260cf DATA={"source": "EmotionModel_v1", "label": "Neutral", "confidence": 0.9}
2026-05-17 19:05:40,210 | SENDER=context_node         TOPIC=/hri/context         SHA256=a64fb3cfbf73edd634404a40b5c36a0c53b982ba75ff4431360d795192f7cd87 DATA={"source": "ContextModel_v1", "environment": "Hospital_Ward", "crowding": "Low"}
2026-05-17 19:05:40,979 | SENDER=motion_node          TOPIC=/hri/motion          SHA256=9a3170fb1906e6125eb632d2346cf9b0fa496829fdde4dee3572ef6c5bc5d0c0 DATA={"source": "MotionModel_v1", "label": "Approaching", "speed_ms": 0.94}
2026-05-17 19:05:41,439 | SENDER=gesture_node         TOPIC=/hri/gesture         SHA256=cc89d3ef7d81d2faae7a1b2fb58c914a09205ed61388339e1234c0def6653cf2 DATA={"source": "GestureModel_v1", "label": "Cross_Arms", "confidence": 0.85}
2026-05-17 19:05:42,175 | SENDER=context_node         TOPIC=/hri/context         SHA256=0328fe086d7abbbd5cc66066c96aec10db560086a0f840535d8d2da0875519d9 DATA={"source": "ContextModel_v1", "environment": "Retail_Aisle", "crowding": "Medium"}
2026-05-17 19:05:42,189 | SENDER=emotion_node         TOPIC=/hri/emotion         SHA256=a566545654fcc155cea4db1532e34567402f70a77fb3ff3c4b0d6d4f83ccaf8e DATA={"source": "EmotionModel_v1", "label": "Angry", "confidence": 0.88}
2026-05-17 19:05:42,979 | SENDER=motion_node          TOPIC=/hri/motion          SHA256=8fc8d1152b021c5921ee7ae856a1827443f84e6f6b0d43f8dc6fe3fddb10264b DATA={"source": "MotionModel_v1", "label": "Running", "speed_ms": 2.83}
2026-05-17 19:05:43,684 | SENDER=gesture_node         TOPIC=/hri/gesture         SHA256=b868a174d8ba7b418c2e22e16d8986433ad618437acdea1412231009383b4b5c DATA={"source": "GestureModel_v1", "label": "Thumbs_Up", "confidence": 0.96}
2026-05-17 19:05:44,347 | SENDER=emotion_node         TOPIC=/hri/emotion         SHA256=b8012b46ee585333e5073979e18a89cc65619ec7851c1d916ecb1d34f0db83d3 DATA={"source": "EmotionModel_v1", "label": "Confused", "confidence": 0.85}
2026-05-17 19:05:44,364 | SENDER=context_node         TOPIC=/hri/context         SHA256=4f7f3e509d2a45b70dab96481bdeba99e5dd5787b28f81fbd5e9933a5b67478b DATA={"source": "ContextModel_v1", "environment": "Hospital_Reception", "crowding": "Medium"}
2026-05-17 19:05:44,978 | SENDER=motion_node          TOPIC=/hri/motion          SHA256=de721212bbe03f0c7ec7767faabb442d99e608db468fe722d69093a61bc805de DATA={"source": "MotionModel_v1", "label": "Running", "speed_ms": 3.43}
2026-05-17 19:05:45,408 | SENDER=gesture_node         TOPIC=/hri/gesture         SHA256=1c26f0b6d9044fdafa1762a023dd598d667da44f5a8a353920b5a5dd5ffb649e DATA={"source": "GestureModel_v1", "label": "Beckon", "confidence": 0.89}
2026-05-17 19:05:46,166 | SENDER=context_node         TOPIC=/hri/context         SHA256=b88b3385b15277f264a4977a18a860ce4df5fa37ec2862844eecd37fad4c7813 DATA={"source": "ContextModel_v1", "environment": "Hospital_Corridor", "crowding": "High"}
2026-05-17 19:05:46,319 | SENDER=emotion_node         TOPIC=/hri/emotion         SHA256=23f75cf2aa24df9c9db98112d1e711fb666ec845a4e79c5b61b52919f053e180 DATA={"source": "EmotionModel_v1", "label": "Happy", "confidence": 0.95}
2026-05-17 19:05:47,498 | SENDER=gesture_node         TOPIC=/hri/gesture         SHA256=b2a74b9ee4370910c7c9f7d4a909c0ad8e82f3e3373828aec156c25d7bfe406e DATA={"source": "GestureModel_v1", "label": "Beckon", "confidence": 0.84}
2026-05-17 19:05:47,524 | SENDER=motion_node          TOPIC=/hri/motion          SHA256=5bc2d5d070e2233c27d0ada07bd690145a2a5ba2be08bbc2b866ff0889ab2cd0 DATA={"source": "MotionModel_v1", "label": "Wandering", "speed_ms": 0.68}
2026-05-17 19:05:48,181 | SENDER=emotion_node         TOPIC=/hri/emotion         SHA256=209f12299bf832daf2acca5bd20d94ced3b9001fe96624a0efc4aded1042fe65 DATA={"source": "EmotionModel_v1", "label": "Angry", "confidence": 0.77}
2026-05-17 19:05:48,751 | SENDER=context_node         TOPIC=/hri/context         SHA256=0328fe086d7abbbd5cc66066c96aec10db560086a0f840535d8d2da0875519d9 DATA={"source": "ContextModel_v1", "environment": "Retail_Aisle", "crowding": "Medium"}
2026-05-17 19:05:49,239 | SENDER=motion_node          TOPIC=/hri/motion          SHA256=1fb6c04d02de58b98ca8eaac410f894a52a6af480393d6537e5bc8bc8808f81b DATA={"source": "MotionModel_v1", "label": "Running", "speed_ms": 3.33}
2026-05-17 19:05:49,555 | SENDER=gesture_node         TOPIC=/hri/gesture         SHA256=4811bf4d8ef8729831d87bd1c5fdac446b9be8533584c275d6c2378e09e8cffe DATA={"source": "GestureModel_v1", "label": "Cross_Arms", "confidence": 0.88}
2026-05-17 19:05:50,180 | SENDER=context_node         TOPIC=/hri/context         SHA256=4f7f3e509d2a45b70dab96481bdeba99e5dd5787b28f81fbd5e9933a5b67478b DATA={"source": "ContextModel_v1", "environment": "Hospital_Reception", "crowding": "Medium"}
2026-05-17 19:05:50,429 | SENDER=emotion_node         TOPIC=/hri/emotion         SHA256=3a98de9da719fee6ab907bdae0a4b63a5338cd5475d0e485f5b84c94f98260cf DATA={"source": "EmotionModel_v1", "label": "Neutral", "confidence": 0.9}
2026-05-17 19:05:51,096 | SENDER=motion_node          TOPIC=/hri/motion          SHA256=f75cf3480a94e56d0c68055a03909f2e6ac3f4f28cfe7c65c0fbeca38ce6ae72 DATA={"source": "MotionModel_v1", "label": "Approaching", "speed_ms": 0.45}
2026-05-17 19:05:51,499 | SENDER=gesture_node         TOPIC=/hri/gesture         SHA256=94e451f6af38023c8e5c8db2a05d44b3b87ab55346f20ee179990dc54f5f3935 DATA={"source": "GestureModel_v1", "label": "Beckon", "confidence": 0.91}
2026-05-17 19:05:52,182 | SENDER=emotion_node         TOPIC=/hri/emotion         SHA256=7e4cea7df6ae90779dab8d38d354ec821f41165e7ddef2b6161c177133bd2e6b DATA={"source": "EmotionModel_v1", "label": "Neutral", "confidence": 0.86}
2026-05-17 19:05:52,666 | SENDER=context_node         TOPIC=/hri/context         SHA256=b88b3385b15277f264a4977a18a860ce4df5fa37ec2862844eecd37fad4c7813 DATA={"source": "ContextModel_v1", "environment": "Hospital_Corridor", "crowding": "High"}
2026-05-17 19:05:52,978 | SENDER=motion_node          TOPIC=/hri/motion          SHA256=1a035024e63c8f53e42beb6b1642c9aa7c8fcddedc26a082446ef89d995c3320 DATA={"source": "MotionModel_v1", "label": "Approaching", "speed_ms": 0.84}
2026-05-17 19:05:55,439 | SENDER=gesture_node         TOPIC=/hri/gesture         SHA256=360ed7fd856521fd958c783e3921e09bdc53afd0d257c050d1d631e741a75fbb DATA={"source": "GestureModel_v1", "label": "Thumbs_Up", "confidence": 0.92}
2026-05-17 19:05:55,449 | SENDER=emotion_node         TOPIC=/hri/emotion         SHA256=8f503dbb8027f39ba6403de6fe2b4dc73543f7d0a9ebbdf00fbc6ef50c8d76ba DATA={"source": "EmotionModel_v1", "label": "Neutral", "confidence": 0.89}
2026-05-17 19:05:55,454 | SENDER=gesture_node         TOPIC=/hri/gesture         SHA256=85eaa2be1b394fcce896c2957809ef37b7f0a76b6dfae67bec49934bbb9fde66 DATA={"source": "GestureModel_v1", "label": "Point", "confidence": 0.94}
2026-05-17 19:05:55,458 | SENDER=motion_node          TOPIC=/hri/motion          SHA256=a805403fe791a4e7b6b69e2c78a37faa4cc88f0781ae75b9605f520fd3fcfb64 DATA={"source": "MotionModel_v1", "label": "Retreating", "speed_ms": 0.7}
2026-05-17 19:05:55,464 | SENDER=context_node         TOPIC=/hri/context         SHA256=f83540b369d62d3a3626f4487a33a8fb933121643231b1e0e5d4aeab15d1aac7 DATA={"source": "ContextModel_v1", "environment": "Museum_Gallery", "crowding": "Low"}
2026-05-17 19:05:56,209 | SENDER=emotion_node         TOPIC=/hri/emotion         SHA256=106fd6dedd10a3a6624aac4bffac863c64467df79eb883bf7599f0bf3c63f2c2 DATA={"source": "EmotionModel_v1", "label": "Neutral", "confidence": 0.85}
2026-05-17 19:05:56,223 | SENDER=context_node         TOPIC=/hri/context         SHA256=4f7f3e509d2a45b70dab96481bdeba99e5dd5787b28f81fbd5e9933a5b67478b DATA={"source": "ContextModel_v1", "environment": "Hospital_Reception", "crowding": "Medium"}
2026-05-17 19:05:57,365 | SENDER=motion_node          TOPIC=/hri/motion          SHA256=99d314a0546e0e30cb5eef3523ea27daef24f7c5f2416ac4efe38bceaac5bd4a DATA={"source": "MotionModel_v1", "label": "Wandering", "speed_ms": 0.61}
2026-05-17 19:05:57,753 | SENDER=gesture_node         TOPIC=/hri/gesture         SHA256=203b2d0a5edc0f8e97c13de91d282f857606abf810e68b3ce8dba1fa1abc4fe1 DATA={"source": "GestureModel_v1", "label": "Wave", "confidence": 0.94}
2026-05-17 19:05:58,165 | SENDER=context_node         TOPIC=/hri/context         SHA256=b88b3385b15277f264a4977a18a860ce4df5fa37ec2862844eecd37fad4c7813 DATA={"source": "ContextModel_v1", "environment": "Hospital_Corridor", "crowding": "High"}
2026-05-17 19:05:58,181 | SENDER=emotion_node         TOPIC=/hri/emotion         SHA256=ea6772e9fef11308c2984fd41b43641a361cff8a01ec39266385419dad9ae817 DATA={"source": "EmotionModel_v1", "label": "Neutral", "confidence": 0.81}
2026-05-17 19:05:58,610 | SENDER=emotion_node         TOPIC=/hri/emotion         SHA256=19defcd11cf6836b7b4682b7403fbda4ccebe3b4ea4b1dc9a12798386ede638f DATA={"source": "*** ATTACKER ***", "label": "Panicked", "confidence": 1.0, "note": "INJECTED \u2014 THIS IS A FAKE EMERGENCY"}
2026-05-17 19:05:58,979 | SENDER=motion_node          TOPIC=/hri/motion          SHA256=e326a18c83d16cb50043d6d302f4dcab2bc490322686142a24f38521fd7589d9 DATA={"source": "MotionModel_v1", "label": "Running", "speed_ms": 2.88}
2026-05-17 19:06:00,356 | SENDER=gesture_node         TOPIC=/hri/gesture         SHA256=f30987f1cee32204cad751d24bfc2b1e7dc87af4b2ffeb8fc604cb011bad0815 DATA={"source": "GestureModel_v1", "label": "Thumbs_Up", "confidence": 0.89}
2026-05-17 19:06:00,842 | SENDER=emotion_node         TOPIC=/hri/emotion         SHA256=19defcd11cf6836b7b4682b7403fbda4ccebe3b4ea4b1dc9a12798386ede638f DATA={"source": "*** ATTACKER ***", "label": "Panicked", "confidence": 1.0, "note": "INJECTED \u2014 THIS IS A FAKE EMERGENCY"}
2026-05-17 19:06:01,113 | SENDER=context_node         TOPIC=/hri/context         SHA256=b88b3385b15277f264a4977a18a860ce4df5fa37ec2862844eecd37fad4c7813 DATA={"source": "ContextModel_v1", "environment": "Hospital_Corridor", "crowding": "High"}
2026-05-17 19:06:01,301 | SENDER=emotion_node         TOPIC=/hri/emotion         SHA256=a566545654fcc155cea4db1532e34567402f70a77fb3ff3c4b0d6d4f83ccaf8e DATA={"source": "EmotionModel_v1", "label": "Angry", "confidence": 0.88}
2026-05-17 19:06:01,394 | SENDER=emotion_node         TOPIC=/hri/emotion         SHA256=19defcd11cf6836b7b4682b7403fbda4ccebe3b4ea4b1dc9a12798386ede638f DATA={"source": "*** ATTACKER ***", "label": "Panicked", "confidence": 1.0, "note": "INJECTED \u2014 THIS IS A FAKE EMERGENCY"}
2026-05-17 19:06:01,407 | SENDER=gesture_node         TOPIC=/hri/gesture         SHA256=5fed337a0a41811d63db9d6e9998b6775db60af51dbcca4d2364cde34df5fac4 DATA={"source": "GestureModel_v1", "label": "Stop", "confidence": 0.9}
2026-05-17 19:06:02,044 | SENDER=motion_node          TOPIC=/hri/motion          SHA256=c8cf24993f4a98a7db0c7e951e795af5a136b42758620fdf37374a275407715c DATA={"source": "MotionModel_v1", "label": "Approaching", "speed_ms": 0.54}
2026-05-17 19:06:02,165 | SENDER=context_node         TOPIC=/hri/context         SHA256=b88b3385b15277f264a4977a18a860ce4df5fa37ec2862844eecd37fad4c7813 DATA={"source": "ContextModel_v1", "environment": "Hospital_Corridor", "crowding": "High"}
2026-05-17 19:06:02,185 | SENDER=emotion_node         TOPIC=/hri/emotion         SHA256=338e8a50a73c00172ac7f7628c783deca1c08a88523031c202a56f6b05ae0782 DATA={"source": "EmotionModel_v1", "label": "Confused", "confidence": 0.79}
2026-05-17 19:06:02,894 | SENDER=emotion_node         TOPIC=/hri/emotion         SHA256=19defcd11cf6836b7b4682b7403fbda4ccebe3b4ea4b1dc9a12798386ede638f DATA={"source": "*** ATTACKER ***", "label": "Panicked", "confidence": 1.0, "note": "INJECTED \u2014 THIS IS A FAKE EMERGENCY"}
2026-05-17 19:06:02,979 | SENDER=motion_node          TOPIC=/hri/motion          SHA256=879f95b56d79b2b1c4901042eec5e4906062c2e86907dbb627987d93b8d7c1fa DATA={"source": "MotionModel_v1", "label": "Retreating", "speed_ms": 0.5}
2026-05-17 19:06:03,408 | SENDER=gesture_node         TOPIC=/hri/gesture         SHA256=1c4bf8cfbf6ec011b354970c1b5129a92da93c01e886f096868f44f668b5cc3f DATA={"source": "GestureModel_v1", "label": "Stop", "confidence": 0.96}
2026-05-17 19:06:04,165 | SENDER=context_node         TOPIC=/hri/context         SHA256=4f7f3e509d2a45b70dab96481bdeba99e5dd5787b28f81fbd5e9933a5b67478b DATA={"source": "ContextModel_v1", "environment": "Hospital_Reception", "crowding": "Medium"}
2026-05-17 19:06:04,181 | SENDER=emotion_node         TOPIC=/hri/emotion         SHA256=d22ed276a5200c14818ffa6b93799ed65bf4bb241614118f704e38749bfd3e20 DATA={"source": "EmotionModel_v1", "label": "Confused", "confidence": 0.91}
2026-05-17 19:06:04,394 | SENDER=emotion_node         TOPIC=/hri/emotion         SHA256=19defcd11cf6836b7b4682b7403fbda4ccebe3b4ea4b1dc9a12798386ede638f DATA={"source": "*** ATTACKER ***", "label": "Panicked", "confidence": 1.0, "note": "INJECTED \u2014 THIS IS A FAKE EMERGENCY"}
2026-05-17 19:06:04,979 | SENDER=motion_node          TOPIC=/hri/motion          SHA256=9733d22784558923f05068272b70dd2cb02c7a4a8904c6ed4341247c5459be6f DATA={"source": "MotionModel_v1", "label": "Approaching", "speed_ms": 0.74}
2026-05-17 19:06:05,413 | SENDER=gesture_node         TOPIC=/hri/gesture         SHA256=9c2d7d6267bc0073a7fc20ca7d5ec2c462d7d77f9ce3d11432f9db4950060e26 DATA={"source": "GestureModel_v1", "label": "Wave", "confidence": 0.85}
2026-05-17 19:06:05,894 | SENDER=emotion_node         TOPIC=/hri/emotion         SHA256=19defcd11cf6836b7b4682b7403fbda4ccebe3b4ea4b1dc9a12798386ede638f DATA={"source": "*** ATTACKER ***", "label": "Panicked", "confidence": 1.0, "note": "INJECTED \u2014 THIS IS A FAKE EMERGENCY"}
2026-05-17 19:06:06,165 | SENDER=context_node         TOPIC=/hri/context         SHA256=0328fe086d7abbbd5cc66066c96aec10db560086a0f840535d8d2da0875519d9 DATA={"source": "ContextModel_v1", "environment": "Retail_Aisle", "crowding": "Medium"}
2026-05-17 19:06:06,183 | SENDER=emotion_node         TOPIC=/hri/emotion         SHA256=f2084d172f0a61d589af23a490cc7f24a8e4c61bdadda5d13175df941e1c60e2 DATA={"source": "EmotionModel_v1", "label": "Neutral", "confidence": 0.91}
2026-05-17 19:06:06,979 | SENDER=motion_node          TOPIC=/hri/motion          SHA256=6bafa5e112a3f58cdb4aad92eb49fb4f720309f1bbe63b7aaa911e5100371c3b DATA={"source": "MotionModel_v1", "label": "Running", "speed_ms": 1.87}
2026-05-17 19:06:07,397 | SENDER=emotion_node         TOPIC=/hri/emotion         SHA256=19defcd11cf6836b7b4682b7403fbda4ccebe3b4ea4b1dc9a12798386ede638f DATA={"source": "*** ATTACKER ***", "label": "Panicked", "confidence": 1.0, "note": "INJECTED \u2014 THIS IS A FAKE EMERGENCY"}
2026-05-17 19:06:07,420 | SENDER=gesture_node         TOPIC=/hri/gesture         SHA256=c16ad41177289a7aadc458401d2c728ab3052043b041cd26005ccbb1aff9192c DATA={"source": "GestureModel_v1", "label": "Stop", "confidence": 0.97}
2026-05-17 19:06:08,165 | SENDER=context_node         TOPIC=/hri/context         SHA256=0328fe086d7abbbd5cc66066c96aec10db560086a0f840535d8d2da0875519d9 DATA={"source": "ContextModel_v1", "environment": "Retail_Aisle", "crowding": "Medium"}
2026-05-17 19:06:08,185 | SENDER=emotion_node         TOPIC=/hri/emotion         SHA256=aaf114afb03183f34f331041675d78ada5c375f64d858160873bcae1cbdf6edc DATA={"source": "EmotionModel_v1", "label": "Angry", "confidence": 0.91}
2026-05-17 19:06:08,896 | SENDER=emotion_node         TOPIC=/hri/emotion         SHA256=19defcd11cf6836b7b4682b7403fbda4ccebe3b4ea4b1dc9a12798386ede638f DATA={"source": "*** ATTACKER ***", "label": "Panicked", "confidence": 1.0, "note": "INJECTED \u2014 THIS IS A FAKE EMERGENCY"}
2026-05-17 19:06:08,984 | SENDER=motion_node          TOPIC=/hri/motion          SHA256=885c1d3b05b57794bd4553ada0358b04c5ba1b343bace41b3ceec742f66465c7 DATA={"source": "MotionModel_v1", "label": "Stationary", "speed_ms": 0.02}
2026-05-17 19:06:09,410 | SENDER=gesture_node         TOPIC=/hri/gesture         SHA256=e6d3acb2c298209dd58d23c111adf470153ad7621a89d99ebf96dfaf8a2cb665 DATA={"source": "GestureModel_v1", "label": "Beckon", "confidence": 0.82}
2026-05-17 19:06:10,167 | SENDER=context_node         TOPIC=/hri/context         SHA256=0328fe086d7abbbd5cc66066c96aec10db560086a0f840535d8d2da0875519d9 DATA={"source": "ContextModel_v1", "environment": "Retail_Aisle", "crowding": "Medium"}
2026-05-17 19:06:10,183 | SENDER=emotion_node         TOPIC=/hri/emotion         SHA256=4da8c0dec0a1bf7dc8dae38061acb68cf8c0d5a67c4026578b158d0aacbd4633 DATA={"source": "EmotionModel_v1", "label": "Panicked", "confidence": 0.95}
2026-05-17 19:06:10,393 | SENDER=emotion_node         TOPIC=/hri/emotion         SHA256=19defcd11cf6836b7b4682b7403fbda4ccebe3b4ea4b1dc9a12798386ede638f DATA={"source": "*** ATTACKER ***", "label": "Panicked", "confidence": 1.0, "note": "INJECTED \u2014 THIS IS A FAKE EMERGENCY"}
2026-05-17 19:06:10,980 | SENDER=motion_node          TOPIC=/hri/motion          SHA256=de35e8fc45278d0d1663fff6b3d6885c7acfd727af1aab9b7b04a97b170cfeef DATA={"source": "MotionModel_v1", "label": "Wandering", "speed_ms": 0.53}
2026-05-17 19:06:11,407 | SENDER=gesture_node         TOPIC=/hri/gesture         SHA256=62434f50539b04787134308277b1e06687ba3619d47877f2760dc09e7fc2bcf3 DATA={"source": "GestureModel_v1", "label": "Cross_Arms", "confidence": 0.78}
2026-05-17 19:06:11,894 | SENDER=emotion_node         TOPIC=/hri/emotion         SHA256=19defcd11cf6836b7b4682b7403fbda4ccebe3b4ea4b1dc9a12798386ede638f DATA={"source": "*** ATTACKER ***", "label": "Panicked", "confidence": 1.0, "note": "INJECTED \u2014 THIS IS A FAKE EMERGENCY"}
2026-05-17 19:06:12,165 | SENDER=context_node         TOPIC=/hri/context         SHA256=0328fe086d7abbbd5cc66066c96aec10db560086a0f840535d8d2da0875519d9 DATA={"source": "ContextModel_v1", "environment": "Retail_Aisle", "crowding": "Medium"}
2026-05-17 19:06:12,181 | SENDER=emotion_node         TOPIC=/hri/emotion         SHA256=fab0c9aa72f380b6e21edd55d828dcc18eca3f4e4437d94c8b5bbe7a296df64c DATA={"source": "EmotionModel_v1", "label": "Neutral", "confidence": 0.84}
2026-05-17 19:06:12,980 | SENDER=motion_node          TOPIC=/hri/motion          SHA256=c108693a89ee8636e5a6bbf2760f0e396e93d6720fa42e8f6f49cf83a620ffc4 DATA={"source": "MotionModel_v1", "label": "Wandering", "speed_ms": 0.25}
2026-05-17 19:06:13,394 | SENDER=emotion_node         TOPIC=/hri/emotion         SHA256=19defcd11cf6836b7b4682b7403fbda4ccebe3b4ea4b1dc9a12798386ede638f DATA={"source": "*** ATTACKER ***", "label": "Panicked", "confidence": 1.0, "note": "INJECTED \u2014 THIS IS A FAKE EMERGENCY"}
2026-05-17 19:06:13,408 | SENDER=gesture_node         TOPIC=/hri/gesture         SHA256=5862b1f8195402779034656183e5f4eb7de2b9175ecb1090388123ef5d4d60a4 DATA={"source": "GestureModel_v1", "label": "Cross_Arms", "confidence": 0.9}
2026-05-17 19:06:14,165 | SENDER=context_node         TOPIC=/hri/context         SHA256=0328fe086d7abbbd5cc66066c96aec10db560086a0f840535d8d2da0875519d9 DATA={"source": "ContextModel_v1", "environment": "Retail_Aisle", "crowding": "Medium"}
2026-05-17 19:06:14,182 | SENDER=emotion_node         TOPIC=/hri/emotion         SHA256=7f17b9753dea1c89574f88c2320cb01cc212d91a5b4f0840c1479c2befa10a65 DATA={"source": "EmotionModel_v1", "label": "Confused", "confidence": 0.89}
2026-05-17 19:06:14,896 | SENDER=emotion_node         TOPIC=/hri/emotion         SHA256=19defcd11cf6836b7b4682b7403fbda4ccebe3b4ea4b1dc9a12798386ede638f DATA={"source": "*** ATTACKER ***", "label": "Panicked", "confidence": 1.0, "note": "INJECTED \u2014 THIS IS A FAKE EMERGENCY"}
2026-05-17 19:06:14,982 | SENDER=motion_node          TOPIC=/hri/motion          SHA256=62e77d89d84fabf116e903453b3b184bcc1d2c21cec79c2878dbaed30ed69a63 DATA={"source": "MotionModel_v1", "label": "Wandering", "speed_ms": 0.4}
2026-05-17 19:06:15,407 | SENDER=gesture_node         TOPIC=/hri/gesture         SHA256=1bada581df882fed06f7aeae1b239a39313c8b114cc4a7970007d0c88593a117 DATA={"source": "GestureModel_v1", "label": "Stop", "confidence": 0.89}
2026-05-17 19:06:16,165 | SENDER=context_node         TOPIC=/hri/context         SHA256=a64fb3cfbf73edd634404a40b5c36a0c53b982ba75ff4431360d795192f7cd87 DATA={"source": "ContextModel_v1", "environment": "Hospital_Ward", "crowding": "Low"}
2026-05-17 19:06:16,181 | SENDER=emotion_node         TOPIC=/hri/emotion         SHA256=8f503dbb8027f39ba6403de6fe2b4dc73543f7d0a9ebbdf00fbc6ef50c8d76ba DATA={"source": "EmotionModel_v1", "label": "Neutral", "confidence": 0.89}
2026-05-17 19:06:16,395 | SENDER=emotion_node         TOPIC=/hri/emotion         SHA256=19defcd11cf6836b7b4682b7403fbda4ccebe3b4ea4b1dc9a12798386ede638f DATA={"source": "*** ATTACKER ***", "label": "Panicked", "confidence": 1.0, "note": "INJECTED \u2014 THIS IS A FAKE EMERGENCY"}
2026-05-17 19:06:16,979 | SENDER=motion_node          TOPIC=/hri/motion          SHA256=63a4a181c597932c13bcad30a012ab04d76a4b7cbd098d7a9228aca46f3c2c29 DATA={"source": "MotionModel_v1", "label": "Wandering", "speed_ms": 0.63}
2026-05-17 19:06:17,418 | SENDER=gesture_node         TOPIC=/hri/gesture         SHA256=f8c1e183c4fcefe7027020d7a9e91c173e5bc8d66e5ff5dd8a7fa1a395cc3836 DATA={"source": "GestureModel_v1", "label": "Wave", "confidence": 0.89}
2026-05-17 19:06:17,896 | SENDER=emotion_node         TOPIC=/hri/emotion         SHA256=19defcd11cf6836b7b4682b7403fbda4ccebe3b4ea4b1dc9a12798386ede638f DATA={"source": "*** ATTACKER ***", "label": "Panicked", "confidence": 1.0, "note": "INJECTED \u2014 THIS IS A FAKE EMERGENCY"}
2026-05-17 19:06:18,193 | SENDER=context_node         TOPIC=/hri/context         SHA256=0328fe086d7abbbd5cc66066c96aec10db560086a0f840535d8d2da0875519d9 DATA={"source": "ContextModel_v1", "environment": "Retail_Aisle", "crowding": "Medium"}
2026-05-17 19:06:18,241 | SENDER=emotion_node         TOPIC=/hri/emotion         SHA256=cb2e003d9f5fbe76bee13448067af71cf562ef517fc312e7eab895fc471d51cd DATA={"source": "EmotionModel_v1", "label": "Confused", "confidence": 0.84}
2026-05-17 19:06:18,993 | SENDER=motion_node          TOPIC=/hri/motion          SHA256=2f86b70f9115f538e632ef47af54b54ab21cce9401fac62bb4b60727eda1bb5c DATA={"source": "MotionModel_v1", "label": "Stationary", "speed_ms": 0.04}
2026-05-17 19:06:19,395 | SENDER=emotion_node         TOPIC=/hri/emotion         SHA256=19defcd11cf6836b7b4682b7403fbda4ccebe3b4ea4b1dc9a12798386ede638f DATA={"source": "*** ATTACKER ***", "label": "Panicked", "confidence": 1.0, "note": "INJECTED \u2014 THIS IS A FAKE EMERGENCY"}
2026-05-17 19:06:19,407 | SENDER=gesture_node         TOPIC=/hri/gesture         SHA256=f30987f1cee32204cad751d24bfc2b1e7dc87af4b2ffeb8fc604cb011bad0815 DATA={"source": "GestureModel_v1", "label": "Thumbs_Up", "confidence": 0.89}
2026-05-17 19:06:20,176 | SENDER=context_node         TOPIC=/hri/context         SHA256=b88b3385b15277f264a4977a18a860ce4df5fa37ec2862844eecd37fad4c7813 DATA={"source": "ContextModel_v1", "environment": "Hospital_Corridor", "crowding": "High"}
2026-05-17 19:06:20,202 | SENDER=emotion_node         TOPIC=/hri/emotion         SHA256=7f98eff31fa55888f474ad5245abe5d28f0c68cbc6bf5134d39a89c5dac69e36 DATA={"source": "EmotionModel_v1", "label": "Panicked", "confidence": 0.87}
2026-05-17 19:06:20,894 | SENDER=emotion_node         TOPIC=/hri/emotion         SHA256=19defcd11cf6836b7b4682b7403fbda4ccebe3b4ea4b1dc9a12798386ede638f DATA={"source": "*** ATTACKER ***", "label": "Panicked", "confidence": 1.0, "note": "INJECTED \u2014 THIS IS A FAKE EMERGENCY"}
2026-05-17 19:06:20,979 | SENDER=motion_node          TOPIC=/hri/motion          SHA256=45f7859dd91d328be94df974985fa772320f27510dbe17108032a0c56b2cf23c DATA={"source": "MotionModel_v1", "label": "Running", "speed_ms": 1.95}
2026-05-17 19:06:21,407 | SENDER=gesture_node         TOPIC=/hri/gesture         SHA256=f2a4182b8846cf6dce0c43725d11aedca3e19eb17a0c0f1c35fdf913c0165e4d DATA={"source": "GestureModel_v1", "label": "Beckon", "confidence": 0.83}
2026-05-17 19:06:22,166 | SENDER=context_node         TOPIC=/hri/context         SHA256=f83540b369d62d3a3626f4487a33a8fb933121643231b1e0e5d4aeab15d1aac7 DATA={"source": "ContextModel_v1", "environment": "Museum_Gallery", "crowding": "Low"}
2026-05-17 19:06:22,185 | SENDER=emotion_node         TOPIC=/hri/emotion         SHA256=9f4fe36c3dbb6f7f4d021d28f1a295f67466675c1893f867480a382a8f8a6e1c DATA={"source": "EmotionModel_v1", "label": "Confused", "confidence": 0.9}
2026-05-17 19:06:22,396 | SENDER=emotion_node         TOPIC=/hri/emotion         SHA256=19defcd11cf6836b7b4682b7403fbda4ccebe3b4ea4b1dc9a12798386ede638f DATA={"source": "*** ATTACKER ***", "label": "Panicked", "confidence": 1.0, "note": "INJECTED \u2014 THIS IS A FAKE EMERGENCY"}
2026-05-17 19:06:22,979 | SENDER=motion_node          TOPIC=/hri/motion          SHA256=62c8edaa7d9b39abc9cb1cfbde3ba1c40308ad40a68534655e937866dfcf2593 DATA={"source": "MotionModel_v1", "label": "Retreating", "speed_ms": 0.65}
2026-05-17 19:06:23,409 | SENDER=gesture_node         TOPIC=/hri/gesture         SHA256=0d4b16c73e3ed1114603730b82027a1fcd65990f149401bbf927fd2589b1ca25 DATA={"source": "GestureModel_v1", "label": "Thumbs_Up", "confidence": 0.85}
2026-05-17 19:06:23,894 | SENDER=emotion_node         TOPIC=/hri/emotion         SHA256=19defcd11cf6836b7b4682b7403fbda4ccebe3b4ea4b1dc9a12798386ede638f DATA={"source": "*** ATTACKER ***", "label": "Panicked", "confidence": 1.0, "note": "INJECTED \u2014 THIS IS A FAKE EMERGENCY"}
2026-05-17 19:06:24,165 | SENDER=context_node         TOPIC=/hri/context         SHA256=b88b3385b15277f264a4977a18a860ce4df5fa37ec2862844eecd37fad4c7813 DATA={"source": "ContextModel_v1", "environment": "Hospital_Corridor", "crowding": "High"}
2026-05-17 19:06:24,182 | SENDER=emotion_node         TOPIC=/hri/emotion         SHA256=26b7a844daab074597993edadfe29fd5248840fc18fc84b6b513ea12bfd6011c DATA={"source": "EmotionModel_v1", "label": "Confused", "confidence": 0.88}
2026-05-17 19:06:24,979 | SENDER=motion_node          TOPIC=/hri/motion          SHA256=c516121cd87cf873c7618887f0737d1b90226b90ac3fd8d92dab4a311e79d3bd DATA={"source": "MotionModel_v1", "label": "Running", "speed_ms": 2.1}
2026-05-17 19:06:25,394 | SENDER=emotion_node         TOPIC=/hri/emotion         SHA256=19defcd11cf6836b7b4682b7403fbda4ccebe3b4ea4b1dc9a12798386ede638f DATA={"source": "*** ATTACKER ***", "label": "Panicked", "confidence": 1.0, "note": "INJECTED \u2014 THIS IS A FAKE EMERGENCY"}
2026-05-17 19:06:25,408 | SENDER=gesture_node         TOPIC=/hri/gesture         SHA256=e60eaeb1fec23e63aa0078e10ac88c33178f8ee33395fe631388fa2198ba878e DATA={"source": "GestureModel_v1", "label": "Cross_Arms", "confidence": 0.83}
2026-05-17 19:06:26,165 | SENDER=context_node         TOPIC=/hri/context         SHA256=f83540b369d62d3a3626f4487a33a8fb933121643231b1e0e5d4aeab15d1aac7 DATA={"source": "ContextModel_v1", "environment": "Museum_Gallery", "crowding": "Low"}
2026-05-17 19:06:26,181 | SENDER=emotion_node         TOPIC=/hri/emotion         SHA256=a44bc912b5604b2f3a0f393ac260493be3e0e92bdbb7f67ea569ae6e7c06746e DATA={"source": "EmotionModel_v1", "label": "Angry", "confidence": 0.81}
2026-05-17 19:06:26,894 | SENDER=emotion_node         TOPIC=/hri/emotion         SHA256=19defcd11cf6836b7b4682b7403fbda4ccebe3b4ea4b1dc9a12798386ede638f DATA={"source": "*** ATTACKER ***", "label": "Panicked", "confidence": 1.0, "note": "INJECTED \u2014 THIS IS A FAKE EMERGENCY"}
2026-05-17 19:06:26,979 | SENDER=motion_node          TOPIC=/hri/motion          SHA256=ce95a571f07e8d71dd543db9e40e06e8ec61c51b4a970593c98dea09674b270d DATA={"source": "MotionModel_v1", "label": "Approaching", "speed_ms": 0.65}
2026-05-17 19:06:27,410 | SENDER=gesture_node         TOPIC=/hri/gesture         SHA256=8d55041af963c9010b206607d7a97f99f31d424413a435267b1fe4365ad44698 DATA={"source": "GestureModel_v1", "label": "Point", "confidence": 0.89}
2026-05-17 19:06:28,165 | SENDER=context_node         TOPIC=/hri/context         SHA256=a64fb3cfbf73edd634404a40b5c36a0c53b982ba75ff4431360d795192f7cd87 DATA={"source": "ContextModel_v1", "environment": "Hospital_Ward", "crowding": "Low"}
2026-05-17 19:06:28,184 | SENDER=emotion_node         TOPIC=/hri/emotion         SHA256=003585fd167f61cac7b5f185b4559b1326f928d6d22ff3679164d2ae0adacf95 DATA={"source": "EmotionModel_v1", "label": "Happy", "confidence": 0.94}
2026-05-17 19:06:28,396 | SENDER=emotion_node         TOPIC=/hri/emotion         SHA256=19defcd11cf6836b7b4682b7403fbda4ccebe3b4ea4b1dc9a12798386ede638f DATA={"source": "*** ATTACKER ***", "label": "Panicked", "confidence": 1.0, "note": "INJECTED \u2014 THIS IS A FAKE EMERGENCY"}
2026-05-17 19:06:28,979 | SENDER=motion_node          TOPIC=/hri/motion          SHA256=c588c174318521e4fce22df916a1fad0c9e8f75eb5e832c374a85bbb856e7692 DATA={"source": "MotionModel_v1", "label": "Retreating", "speed_ms": 0.67}
2026-05-17 19:06:29,408 | SENDER=gesture_node         TOPIC=/hri/gesture         SHA256=302e92bcdb3441312eeb6ef6f6bc6a6b48a089fae183ee89ca4e4abc52cda74b DATA={"source": "GestureModel_v1", "label": "Point", "confidence": 0.81}
2026-05-17 19:06:29,894 | SENDER=emotion_node         TOPIC=/hri/emotion         SHA256=19defcd11cf6836b7b4682b7403fbda4ccebe3b4ea4b1dc9a12798386ede638f DATA={"source": "*** ATTACKER ***", "label": "Panicked", "confidence": 1.0, "note": "INJECTED \u2014 THIS IS A FAKE EMERGENCY"}
2026-05-17 19:06:30,166 | SENDER=context_node         TOPIC=/hri/context         SHA256=4f7f3e509d2a45b70dab96481bdeba99e5dd5787b28f81fbd5e9933a5b67478b DATA={"source": "ContextModel_v1", "environment": "Hospital_Reception", "crowding": "Medium"}
2026-05-17 19:06:30,189 | SENDER=emotion_node         TOPIC=/hri/emotion         SHA256=dbbe40ed334054aee5be8141a38c431d9bbc4100f1e6718d9fd0c1ad36e3c66c DATA={"source": "EmotionModel_v1", "label": "Panicked", "confidence": 0.93}
2026-05-17 19:06:30,979 | SENDER=motion_node          TOPIC=/hri/motion          SHA256=0185f071c52b5e53f656a1996fda5247eb2c2d84cd003793484415addd0d654a DATA={"source": "MotionModel_v1", "label": "Stationary", "speed_ms": 0.06}
2026-05-17 19:06:31,394 | SENDER=emotion_node         TOPIC=/hri/emotion         SHA256=19defcd11cf6836b7b4682b7403fbda4ccebe3b4ea4b1dc9a12798386ede638f DATA={"source": "*** ATTACKER ***", "label": "Panicked", "confidence": 1.0, "note": "INJECTED \u2014 THIS IS A FAKE EMERGENCY"}
2026-05-17 19:06:31,411 | SENDER=gesture_node         TOPIC=/hri/gesture         SHA256=11e6fd7a0fe2b7cc02b1d5535340bfbce29e7a58080c7c95ca0cc6b929b3c01c DATA={"source": "GestureModel_v1", "label": "Cross_Arms", "confidence": 0.84}
2026-05-17 19:06:32,165 | SENDER=context_node         TOPIC=/hri/context         SHA256=a64fb3cfbf73edd634404a40b5c36a0c53b982ba75ff4431360d795192f7cd87 DATA={"source": "ContextModel_v1", "environment": "Hospital_Ward", "crowding": "Low"}
2026-05-17 19:06:32,190 | SENDER=emotion_node         TOPIC=/hri/emotion         SHA256=5fd491b63c5e8c32a95f9626beba45596d13dba494ef814bb8a83401b8dae7b2 DATA={"source": "EmotionModel_v1", "label": "Angry", "confidence": 0.89}
2026-05-17 19:06:33,846 | SENDER=emotion_node         TOPIC=/hri/emotion         SHA256=19defcd11cf6836b7b4682b7403fbda4ccebe3b4ea4b1dc9a12798386ede638f DATA={"source": "*** ATTACKER ***", "label": "Panicked", "confidence": 1.0, "note": "INJECTED \u2014 THIS IS A FAKE EMERGENCY"}
2026-05-17 19:06:33,930 | SENDER=motion_node          TOPIC=/hri/motion          SHA256=515e5c1e86e4d0bbed32a0b4d415c8adc8bf3e01a43b15b6536b8997c40535a1 DATA={"source": "MotionModel_v1", "label": "Stationary", "speed_ms": 0.05}
2026-05-17 19:06:34,359 | SENDER=gesture_node         TOPIC=/hri/gesture         SHA256=2f3b8570b684d4fa74465f1a58ba3a522605219d3622d152b92fb24550ea7a14 DATA={"source": "GestureModel_v1", "label": "Wave", "confidence": 0.9}
2026-05-17 19:06:34,394 | SENDER=emotion_node         TOPIC=/hri/emotion         SHA256=19defcd11cf6836b7b4682b7403fbda4ccebe3b4ea4b1dc9a12798386ede638f DATA={"source": "*** ATTACKER ***", "label": "Panicked", "confidence": 1.0, "note": "INJECTED \u2014 THIS IS A FAKE EMERGENCY"}
2026-05-17 19:06:34,979 | SENDER=motion_node          TOPIC=/hri/motion          SHA256=cdd7222c3d59bb4c582d47a56b83596a62f587f6522eeaa528eae81fa670c292 DATA={"source": "MotionModel_v1", "label": "Approaching", "speed_ms": 0.96}
2026-05-17 19:06:35,115 | SENDER=context_node         TOPIC=/hri/context         SHA256=0328fe086d7abbbd5cc66066c96aec10db560086a0f840535d8d2da0875519d9 DATA={"source": "ContextModel_v1", "environment": "Retail_Aisle", "crowding": "Medium"}
2026-05-17 19:06:35,132 | SENDER=emotion_node         TOPIC=/hri/emotion         SHA256=d91a3aa5e19a1c40cd82936f1e52a51856feb9b0a9aa81c9216570eba6ab60d2 DATA={"source": "EmotionModel_v1", "label": "Panicked", "confidence": 0.97}
2026-05-17 19:06:35,408 | SENDER=gesture_node         TOPIC=/hri/gesture         SHA256=567557a1528428c8fb1157a3a0fb4c1690c8c96455870d51ba01fa111151f296 DATA={"source": "GestureModel_v1", "label": "Cross_Arms", "confidence": 0.86}
2026-05-17 19:06:35,894 | SENDER=emotion_node         TOPIC=/hri/emotion         SHA256=19defcd11cf6836b7b4682b7403fbda4ccebe3b4ea4b1dc9a12798386ede638f DATA={"source": "*** ATTACKER ***", "label": "Panicked", "confidence": 1.0, "note": "INJECTED \u2014 THIS IS A FAKE EMERGENCY"}
2026-05-17 19:06:36,165 | SENDER=context_node         TOPIC=/hri/context         SHA256=4f7f3e509d2a45b70dab96481bdeba99e5dd5787b28f81fbd5e9933a5b67478b DATA={"source": "ContextModel_v1", "environment": "Hospital_Reception", "crowding": "Medium"}
2026-05-17 19:06:36,181 | SENDER=emotion_node         TOPIC=/hri/emotion         SHA256=5f56a2e6ea91db0269fb4bf51ad86c0ba9ce4b3e5985ae2e37c950e0f900a6e0 DATA={"source": "EmotionModel_v1", "label": "Neutral", "confidence": 0.92}
2026-05-17 19:06:36,980 | SENDER=motion_node          TOPIC=/hri/motion          SHA256=cdd7222c3d59bb4c582d47a56b83596a62f587f6522eeaa528eae81fa670c292 DATA={"source": "MotionModel_v1", "label": "Approaching", "speed_ms": 0.96}
2026-05-17 19:06:37,394 | SENDER=emotion_node         TOPIC=/hri/emotion         SHA256=19defcd11cf6836b7b4682b7403fbda4ccebe3b4ea4b1dc9a12798386ede638f DATA={"source": "*** ATTACKER ***", "label": "Panicked", "confidence": 1.0, "note": "INJECTED \u2014 THIS IS A FAKE EMERGENCY"}
2026-05-17 19:06:37,408 | SENDER=gesture_node         TOPIC=/hri/gesture         SHA256=f2a4182b8846cf6dce0c43725d11aedca3e19eb17a0c0f1c35fdf913c0165e4d DATA={"source": "GestureModel_v1", "label": "Beckon", "confidence": 0.83}
2026-05-17 19:06:38,167 | SENDER=context_node         TOPIC=/hri/context         SHA256=0328fe086d7abbbd5cc66066c96aec10db560086a0f840535d8d2da0875519d9 DATA={"source": "ContextModel_v1", "environment": "Retail_Aisle", "crowding": "Medium"}
2026-05-17 19:06:38,205 | SENDER=emotion_node         TOPIC=/hri/emotion         SHA256=21b8d3facfd69e37dd7c79e05619c7e3cab414c0b9e7dd6bf6f2f8eaba7eed36 DATA={"source": "EmotionModel_v1", "label": "Happy", "confidence": 0.91}
2026-05-17 19:06:38,894 | SENDER=emotion_node         TOPIC=/hri/emotion         SHA256=19defcd11cf6836b7b4682b7403fbda4ccebe3b4ea4b1dc9a12798386ede638f DATA={"source": "*** ATTACKER ***", "label": "Panicked", "confidence": 1.0, "note": "INJECTED \u2014 THIS IS A FAKE EMERGENCY"}
2026-05-17 19:06:38,980 | SENDER=motion_node          TOPIC=/hri/motion          SHA256=a367a901eea94efe4488dd81d4103762b49b3314da80c9bad5c70f490cc5af80 DATA={"source": "MotionModel_v1", "label": "Wandering", "speed_ms": 0.69}
2026-05-17 19:06:39,408 | SENDER=gesture_node         TOPIC=/hri/gesture         SHA256=496c30aba574f6aef0224ec0ba0c88384a73aab8db8bf34baa5e9fda39080e3a DATA={"source": "GestureModel_v1", "label": "Cross_Arms", "confidence": 0.87}
2026-05-17 19:06:40,165 | SENDER=context_node         TOPIC=/hri/context         SHA256=f83540b369d62d3a3626f4487a33a8fb933121643231b1e0e5d4aeab15d1aac7 DATA={"source": "ContextModel_v1", "environment": "Museum_Gallery", "crowding": "Low"}
2026-05-17 19:06:40,182 | SENDER=emotion_node         TOPIC=/hri/emotion         SHA256=fc4472a0e3e6cb848add7903cad45c0af5aa0c4fbe4ebc622c1d63dace00a456 DATA={"source": "EmotionModel_v1", "label": "Happy", "confidence": 0.89}
2026-05-17 19:06:40,394 | SENDER=emotion_node         TOPIC=/hri/emotion         SHA256=19defcd11cf6836b7b4682b7403fbda4ccebe3b4ea4b1dc9a12798386ede638f DATA={"source": "*** ATTACKER ***", "label": "Panicked", "confidence": 1.0, "note": "INJECTED \u2014 THIS IS A FAKE EMERGENCY"}
2026-05-17 19:06:40,979 | SENDER=motion_node          TOPIC=/hri/motion          SHA256=6a0719d51f947832598cb94874ee692a5e6ecd6b8818dc665a25759e67321831 DATA={"source": "MotionModel_v1", "label": "Approaching", "speed_ms": 1.11}
2026-05-17 19:06:41,407 | SENDER=gesture_node         TOPIC=/hri/gesture         SHA256=2f3b8570b684d4fa74465f1a58ba3a522605219d3622d152b92fb24550ea7a14 DATA={"source": "GestureModel_v1", "label": "Wave", "confidence": 0.9}
2026-05-17 19:06:41,893 | SENDER=emotion_node         TOPIC=/hri/emotion         SHA256=19defcd11cf6836b7b4682b7403fbda4ccebe3b4ea4b1dc9a12798386ede638f DATA={"source": "*** ATTACKER ***", "label": "Panicked", "confidence": 1.0, "note": "INJECTED \u2014 THIS IS A FAKE EMERGENCY"}
2026-05-17 19:06:42,165 | SENDER=context_node         TOPIC=/hri/context         SHA256=0328fe086d7abbbd5cc66066c96aec10db560086a0f840535d8d2da0875519d9 DATA={"source": "ContextModel_v1", "environment": "Retail_Aisle", "crowding": "Medium"}
2026-05-17 19:06:42,181 | SENDER=emotion_node         TOPIC=/hri/emotion         SHA256=106fd6dedd10a3a6624aac4bffac863c64467df79eb883bf7599f0bf3c63f2c2 DATA={"source": "EmotionModel_v1", "label": "Neutral", "confidence": 0.85}
2026-05-17 19:06:42,979 | SENDER=motion_node          TOPIC=/hri/motion          SHA256=be0eeb87fff38c0269a42dc1298d1957ab4f92a009b828f7452c517aeba0c2c8 DATA={"source": "MotionModel_v1", "label": "Retreating", "speed_ms": 0.52}
2026-05-17 19:06:43,394 | SENDER=emotion_node         TOPIC=/hri/emotion         SHA256=19defcd11cf6836b7b4682b7403fbda4ccebe3b4ea4b1dc9a12798386ede638f DATA={"source": "*** ATTACKER ***", "label": "Panicked", "confidence": 1.0, "note": "INJECTED \u2014 THIS IS A FAKE EMERGENCY"}
2026-05-17 19:06:43,408 | SENDER=gesture_node         TOPIC=/hri/gesture         SHA256=9c23e07af1c553433345d5ea1db582b01f88aaa69cfaff89eaecaa4d16ef97ce DATA={"source": "GestureModel_v1", "label": "Beckon", "confidence": 0.86}
2026-05-17 19:06:44,166 | SENDER=context_node         TOPIC=/hri/context         SHA256=a64fb3cfbf73edd634404a40b5c36a0c53b982ba75ff4431360d795192f7cd87 DATA={"source": "ContextModel_v1", "environment": "Hospital_Ward", "crowding": "Low"}
2026-05-17 19:06:44,183 | SENDER=emotion_node         TOPIC=/hri/emotion         SHA256=2a015f6639b60b948d636ecafda16b2a6c68bdd68bd8f48c96f231733e44a09f DATA={"source": "EmotionModel_v1", "label": "Neutral", "confidence": 0.88}
2026-05-17 19:06:44,896 | SENDER=emotion_node         TOPIC=/hri/emotion         SHA256=19defcd11cf6836b7b4682b7403fbda4ccebe3b4ea4b1dc9a12798386ede638f DATA={"source": "*** ATTACKER ***", "label": "Panicked", "confidence": 1.0, "note": "INJECTED \u2014 THIS IS A FAKE EMERGENCY"}
2026-05-17 19:06:44,979 | SENDER=motion_node          TOPIC=/hri/motion          SHA256=0ce1bac412be1ad42c08591cd9791b1e20648cf0f93d315dc5fc1d17a2951407 DATA={"source": "MotionModel_v1", "label": "Wandering", "speed_ms": 0.52}
2026-05-17 19:06:45,408 | SENDER=gesture_node         TOPIC=/hri/gesture         SHA256=58973deffa59167d658d90c2cc450855c6c6d02a30bf6c0386bf922b1cadcd2e DATA={"source": "GestureModel_v1", "label": "Stop", "confidence": 0.95}
2026-05-17 19:06:46,165 | SENDER=context_node         TOPIC=/hri/context         SHA256=4f7f3e509d2a45b70dab96481bdeba99e5dd5787b28f81fbd5e9933a5b67478b DATA={"source": "ContextModel_v1", "environment": "Hospital_Reception", "crowding": "Medium"}
2026-05-17 19:06:46,182 | SENDER=emotion_node         TOPIC=/hri/emotion         SHA256=5fd491b63c5e8c32a95f9626beba45596d13dba494ef814bb8a83401b8dae7b2 DATA={"source": "EmotionModel_v1", "label": "Angry", "confidence": 0.89}
2026-05-17 19:06:46,394 | SENDER=emotion_node         TOPIC=/hri/emotion         SHA256=19defcd11cf6836b7b4682b7403fbda4ccebe3b4ea4b1dc9a12798386ede638f DATA={"source": "*** ATTACKER ***", "label": "Panicked", "confidence": 1.0, "note": "INJECTED \u2014 THIS IS A FAKE EMERGENCY"}
2026-05-17 19:06:46,981 | SENDER=motion_node          TOPIC=/hri/motion          SHA256=2412c1f6396f8d49639388c31a69db6bfe6c37a561ecf61156f2afa4b36a6da5 DATA={"source": "MotionModel_v1", "label": "Wandering", "speed_ms": 0.42}
2026-05-17 19:06:47,408 | SENDER=gesture_node         TOPIC=/hri/gesture         SHA256=1d27a478ca4ab9822d3040f1cd6fca839b3ab9eafc4cbeaa895e44c33aac6f01 DATA={"source": "GestureModel_v1", "label": "Thumbs_Up", "confidence": 0.84}
2026-05-17 19:06:47,894 | SENDER=emotion_node         TOPIC=/hri/emotion         SHA256=19defcd11cf6836b7b4682b7403fbda4ccebe3b4ea4b1dc9a12798386ede638f DATA={"source": "*** ATTACKER ***", "label": "Panicked", "confidence": 1.0, "note": "INJECTED \u2014 THIS IS A FAKE EMERGENCY"}
2026-05-17 19:06:48,165 | SENDER=context_node         TOPIC=/hri/context         SHA256=a64fb3cfbf73edd634404a40b5c36a0c53b982ba75ff4431360d795192f7cd87 DATA={"source": "ContextModel_v1", "environment": "Hospital_Ward", "crowding": "Low"}
2026-05-17 19:06:48,181 | SENDER=emotion_node         TOPIC=/hri/emotion         SHA256=01697a80c45797717cd5f5e2d430ab119f847c2f85367f5bd9efbdd1017835e4 DATA={"source": "EmotionModel_v1", "label": "Angry", "confidence": 0.86}
2026-05-17 19:06:48,979 | SENDER=motion_node          TOPIC=/hri/motion          SHA256=885c1d3b05b57794bd4553ada0358b04c5ba1b343bace41b3ceec742f66465c7 DATA={"source": "MotionModel_v1", "label": "Stationary", "speed_ms": 0.02}
2026-05-17 19:06:49,394 | SENDER=emotion_node         TOPIC=/hri/emotion         SHA256=19defcd11cf6836b7b4682b7403fbda4ccebe3b4ea4b1dc9a12798386ede638f DATA={"source": "*** ATTACKER ***", "label": "Panicked", "confidence": 1.0, "note": "INJECTED \u2014 THIS IS A FAKE EMERGENCY"}
2026-05-17 19:06:49,411 | SENDER=gesture_node         TOPIC=/hri/gesture         SHA256=302e92bcdb3441312eeb6ef6f6bc6a6b48a089fae183ee89ca4e4abc52cda74b DATA={"source": "GestureModel_v1", "label": "Point", "confidence": 0.81}
2026-05-17 19:06:50,166 | SENDER=context_node         TOPIC=/hri/context         SHA256=a64fb3cfbf73edd634404a40b5c36a0c53b982ba75ff4431360d795192f7cd87 DATA={"source": "ContextModel_v1", "environment": "Hospital_Ward", "crowding": "Low"}
2026-05-17 19:06:50,192 | SENDER=emotion_node         TOPIC=/hri/emotion         SHA256=c97beabb29a7d067f58838c84617319171a090079c72d75459bf3126e73a0b29 DATA={"source": "EmotionModel_v1", "label": "Panicked", "confidence": 0.92}
2026-05-17 19:06:50,895 | SENDER=emotion_node         TOPIC=/hri/emotion         SHA256=19defcd11cf6836b7b4682b7403fbda4ccebe3b4ea4b1dc9a12798386ede638f DATA={"source": "*** ATTACKER ***", "label": "Panicked", "confidence": 1.0, "note": "INJECTED \u2014 THIS IS A FAKE EMERGENCY"}
2026-05-17 19:06:50,979 | SENDER=motion_node          TOPIC=/hri/motion          SHA256=b077429cd749ec5763116ba2393e73e9148ba9066e06efe18d002e3b104433fa DATA={"source": "MotionModel_v1", "label": "Approaching", "speed_ms": 0.41}
2026-05-17 19:06:51,408 | SENDER=gesture_node         TOPIC=/hri/gesture         SHA256=31fac80f864c6fe7a8e734360896faf52b592c75ee94f68ece09583c653c38ef DATA={"source": "GestureModel_v1", "label": "Thumbs_Up", "confidence": 0.9}
2026-05-17 19:06:52,166 | SENDER=context_node         TOPIC=/hri/context         SHA256=f83540b369d62d3a3626f4487a33a8fb933121643231b1e0e5d4aeab15d1aac7 DATA={"source": "ContextModel_v1", "environment": "Museum_Gallery", "crowding": "Low"}
2026-05-17 19:06:52,191 | SENDER=emotion_node         TOPIC=/hri/emotion         SHA256=1234be84924a9049244e5859fe0ba0054d1aa37b42680b45029c8cd0ad934b91 DATA={"source": "EmotionModel_v1", "label": "Panicked", "confidence": 0.98}
2026-05-17 19:06:52,394 | SENDER=emotion_node         TOPIC=/hri/emotion         SHA256=19defcd11cf6836b7b4682b7403fbda4ccebe3b4ea4b1dc9a12798386ede638f DATA={"source": "*** ATTACKER ***", "label": "Panicked", "confidence": 1.0, "note": "INJECTED \u2014 THIS IS A FAKE EMERGENCY"}
2026-05-17 19:06:52,978 | SENDER=motion_node          TOPIC=/hri/motion          SHA256=0d2472ea1d3358707964b544af8d652cd450dabeadf753002c6cde6429fec257 DATA={"source": "MotionModel_v1", "label": "Approaching", "speed_ms": 0.82}
2026-05-17 19:06:53,407 | SENDER=gesture_node         TOPIC=/hri/gesture         SHA256=2f3b8570b684d4fa74465f1a58ba3a522605219d3622d152b92fb24550ea7a14 DATA={"source": "GestureModel_v1", "label": "Wave", "confidence": 0.9}
2026-05-17 19:06:53,894 | SENDER=emotion_node         TOPIC=/hri/emotion         SHA256=19defcd11cf6836b7b4682b7403fbda4ccebe3b4ea4b1dc9a12798386ede638f DATA={"source": "*** ATTACKER ***", "label": "Panicked", "confidence": 1.0, "note": "INJECTED \u2014 THIS IS A FAKE EMERGENCY"}
2026-05-17 19:06:54,166 | SENDER=context_node         TOPIC=/hri/context         SHA256=4f7f3e509d2a45b70dab96481bdeba99e5dd5787b28f81fbd5e9933a5b67478b DATA={"source": "ContextModel_v1", "environment": "Hospital_Reception", "crowding": "Medium"}
2026-05-17 19:06:54,200 | SENDER=emotion_node         TOPIC=/hri/emotion         SHA256=ef8388a1c703316d6759d42afc8840c8134c7ac51660cbd318c7c2f89ecfe58a DATA={"source": "EmotionModel_v1", "label": "Happy", "confidence": 0.9}
2026-05-17 19:06:54,984 | SENDER=motion_node          TOPIC=/hri/motion          SHA256=c0bcc01ada529d057d395172f7a036be1fde5a5abc16359af645f42cc3cac742 DATA={"source": "MotionModel_v1", "label": "Running", "speed_ms": 2.71}
2026-05-17 19:06:55,405 | SENDER=emotion_node         TOPIC=/hri/emotion         SHA256=19defcd11cf6836b7b4682b7403fbda4ccebe3b4ea4b1dc9a12798386ede638f DATA={"source": "*** ATTACKER ***", "label": "Panicked", "confidence": 1.0, "note": "INJECTED \u2014 THIS IS A FAKE EMERGENCY"}
2026-05-17 19:06:55,426 | SENDER=gesture_node         TOPIC=/hri/gesture         SHA256=be63e7660b916eb1e9541cc8d01b5d71cd4981159621a37da733f471ba243b94 DATA={"source": "GestureModel_v1", "label": "Point", "confidence": 0.85}
2026-05-17 19:06:56,165 | SENDER=context_node         TOPIC=/hri/context         SHA256=b88b3385b15277f264a4977a18a860ce4df5fa37ec2862844eecd37fad4c7813 DATA={"source": "ContextModel_v1", "environment": "Hospital_Corridor", "crowding": "High"}
2026-05-17 19:06:56,182 | SENDER=emotion_node         TOPIC=/hri/emotion         SHA256=d22ed276a5200c14818ffa6b93799ed65bf4bb241614118f704e38749bfd3e20 DATA={"source": "EmotionModel_v1", "label": "Confused", "confidence": 0.91}
2026-05-17 19:06:56,895 | SENDER=emotion_node         TOPIC=/hri/emotion         SHA256=19defcd11cf6836b7b4682b7403fbda4ccebe3b4ea4b1dc9a12798386ede638f DATA={"source": "*** ATTACKER ***", "label": "Panicked", "confidence": 1.0, "note": "INJECTED \u2014 THIS IS A FAKE EMERGENCY"}
2026-05-17 19:06:56,979 | SENDER=motion_node          TOPIC=/hri/motion          SHA256=1ec63979207b1bbd260a2a1044e6c6ca463011579db9ee853e1c259e242e311a DATA={"source": "MotionModel_v1", "label": "Running", "speed_ms": 2.47}
2026-05-17 19:06:57,410 | SENDER=gesture_node         TOPIC=/hri/gesture         SHA256=c207a55977ac3af6d49b846463e0b831a7927f035f6f7bd91f1b793eeaec6caa DATA={"source": "GestureModel_v1", "label": "Cross_Arms", "confidence": 0.91}
