2026-05-17 21:33:41,928 | SENDER=emotion_node         TOPIC=/hri/emotion         SHA256=dbbe40ed334054aee5be8141a38c431d9bbc4100f1e6718d9fd0c1ad36e3c66c DATA={"source": "EmotionModel_v1", "label": "Panicked", "confidence": 0.93}
2026-05-17 21:33:43,927 | SENDER=emotion_node         TOPIC=/hri/emotion         SHA256=3a98de9da719fee6ab907bdae0a4b63a5338cd5475d0e485f5b84c94f98260cf DATA={"source": "EmotionModel_v1", "label": "Neutral", "confidence": 0.9}
2026-05-17 21:33:45,926 | SENDER=emotion_node         TOPIC=/hri/emotion         SHA256=b1b6ae86a9609b1d32e1fc2ad5ce71c410e80d992a52d3150327ed2c5a13d5d0 DATA={"source": "EmotionModel_v1", "label": "Happy", "confidence": 0.96}
2026-05-17 21:33:47,926 | SENDER=emotion_node         TOPIC=/hri/emotion         SHA256=68d9a54c36e749733e6d72908a91e4bc96e43c189d1488e01d780c25678f9ff1 DATA={"source": "EmotionModel_v1", "label": "Sad", "confidence": 0.89}
2026-05-17 21:33:49,928 | SENDER=emotion_node         TOPIC=/hri/emotion         SHA256=23f75cf2aa24df9c9db98112d1e711fb666ec845a4e79c5b61b52919f053e180 DATA={"source": "EmotionModel_v1", "label": "Happy", "confidence": 0.95}
2026-05-17 21:33:51,926 | SENDER=emotion_node         TOPIC=/hri/emotion         SHA256=ed4682367d4382351dd499e07c5e400137787831a4eb6d2544909d73a744c1b4 DATA={"source": "EmotionModel_v1", "label": "Angry", "confidence": 0.85}
2026-05-17 21:33:53,926 | SENDER=emotion_node         TOPIC=/hri/emotion         SHA256=2f82ecce2e3618087f7024ad42d3e0b6360e608be5d9efbca7fdef5171a408c2 DATA={"source": "EmotionModel_v1", "label": "Happy", "confidence": 0.93}
2026-05-17 21:33:55,926 | SENDER=emotion_node         TOPIC=/hri/emotion         SHA256=3b0b48fb4ebc8c671cb5891f5b5b8e6b70ad75b2152235da41e3b65f9b324e7a DATA={"source": "EmotionModel_v1", "label": "Angry", "confidence": 0.84}
2026-05-17 21:33:59,098 | SENDER=emotion_node         TOPIC=/hri/emotion         SHA256=8d8e599249315bb2058d5980ca33284afe65f140ea947ebbf6e5776979b68166 DATA={"source": "EmotionModel_v1", "label": "Angry", "confidence": 0.75}
2026-05-17 21:33:59,926 | SENDER=emotion_node         TOPIC=/hri/emotion         SHA256=3a98de9da719fee6ab907bdae0a4b63a5338cd5475d0e485f5b84c94f98260cf DATA={"source": "EmotionModel_v1", "label": "Neutral", "confidence": 0.9}
2026-05-17 21:34:01,927 | SENDER=emotion_node         TOPIC=/hri/emotion         SHA256=00859525ba0aa4fdb878ae87e001ac6dfb6c25c36af6d042ac530c69cb99ef29 DATA={"source": "EmotionModel_v1", "label": "Sad", "confidence": 0.88}
2026-05-17 21:34:03,926 | SENDER=emotion_node         TOPIC=/hri/emotion         SHA256=c9f62e048a71b2b7a2d2b3e01efa596035bef3940f5d6ee245990acc897438b2 DATA={"source": "EmotionModel_v1", "label": "Panicked", "confidence": 0.96}
2026-05-17 21:34:05,926 | SENDER=emotion_node         TOPIC=/hri/emotion         SHA256=def82fa5f6e5b9496b7405bb5a8c75e40de3b320de1185bbb8b26788cd65e167 DATA={"source": "EmotionModel_v1", "label": "Happy", "confidence": 0.88}
2026-05-17 21:34:07,927 | SENDER=emotion_node         TOPIC=/hri/emotion         SHA256=b1b6ae86a9609b1d32e1fc2ad5ce71c410e80d992a52d3150327ed2c5a13d5d0 DATA={"source": "EmotionModel_v1", "label": "Happy", "confidence": 0.96}
2026-05-17 21:34:09,926 | SENDER=emotion_node         TOPIC=/hri/emotion         SHA256=4637c439325137063921fdb8b3b51f8cc7160eeb5ab0029d5632d992dfb55ca7 DATA={"source": "EmotionModel_v1", "label": "Confused", "confidence": 0.82}
2026-05-17 21:34:11,926 | SENDER=emotion_node         TOPIC=/hri/emotion         SHA256=e5cbca8c59c069739e9cdc18ad3ffc7e3ef023c941433dc28c7a7f42eb3facd0 DATA={"source": "EmotionModel_v1", "label": "Confused", "confidence": 0.83}
2026-05-17 21:34:13,926 | SENDER=emotion_node         TOPIC=/hri/emotion         SHA256=5f56a2e6ea91db0269fb4bf51ad86c0ba9ce4b3e5985ae2e37c950e0f900a6e0 DATA={"source": "EmotionModel_v1", "label": "Neutral", "confidence": 0.92}
2026-05-17 21:34:15,926 | SENDER=emotion_node         TOPIC=/hri/emotion         SHA256=def82fa5f6e5b9496b7405bb5a8c75e40de3b320de1185bbb8b26788cd65e167 DATA={"source": "EmotionModel_v1", "label": "Happy", "confidence": 0.88}
2026-05-17 21:34:17,926 | SENDER=emotion_node         TOPIC=/hri/emotion         SHA256=1a6b6cd8ce54374fcf1708ed772ae33dc72925ef1859d2984c199c36d21e8af5 DATA={"source": "EmotionModel_v1", "label": "Sad", "confidence": 0.87}
2026-05-17 21:34:19,927 | SENDER=emotion_node         TOPIC=/hri/emotion         SHA256=711685edb11d7f7975b724d921bc9e0c32030b2cc3a9ac2563d875694436b2bc DATA={"source": "EmotionModel_v1", "label": "Sad", "confidence": 0.82}
2026-05-17 21:34:21,926 | SENDER=emotion_node         TOPIC=/hri/emotion         SHA256=cde2f37f342c665de86357068364314c9948bbfa70c1390226eacc6c9333742c DATA={"source": "EmotionModel_v1", "label": "Confused", "confidence": 0.92}
2026-05-17 21:34:23,926 | SENDER=emotion_node         TOPIC=/hri/emotion         SHA256=1234be84924a9049244e5859fe0ba0054d1aa37b42680b45029c8cd0ad934b91 DATA={"source": "EmotionModel_v1", "label": "Panicked", "confidence": 0.98}
2026-05-17 21:34:25,926 | SENDER=emotion_node         TOPIC=/hri/emotion         SHA256=206f8eab2f2e7a704153e9142dbeaf03e7c21bd53326c7ea8b3f723a04077be1 DATA={"source": "EmotionModel_v1", "label": "Happy", "confidence": 0.92}
2026-05-17 21:34:26,378 | SENDER=gesture_node         TOPIC=/hri/gesture         SHA256=757678849b1b5e94f27cae2f19e40e63b8696e8864d759874ba58f978f25fc46 DATA={"source": "GestureModel_v1", "label": "Thumbs_Up", "confidence": 0.88}
2026-05-17 21:34:27,926 | SENDER=emotion_node         TOPIC=/hri/emotion         SHA256=21b8d3facfd69e37dd7c79e05619c7e3cab414c0b9e7dd6bf6f2f8eaba7eed36 DATA={"source": "EmotionModel_v1", "label": "Happy", "confidence": 0.91}
2026-05-17 21:34:28,378 | SENDER=gesture_node         TOPIC=/hri/gesture         SHA256=1058856b663e44ff9e634809405a74d7f4a4937056fadf2d0fadfdd8f23d16bf DATA={"source": "GestureModel_v1", "label": "Thumbs_Up", "confidence": 0.82}
2026-05-17 21:34:29,927 | SENDER=emotion_node         TOPIC=/hri/emotion         SHA256=4b2df71a6a968f38a303f5940882ea4a4c80c9e591ef307e98f96607abb289c0 DATA={"source": "EmotionModel_v1", "label": "Panicked", "confidence": 0.9}
2026-05-17 21:34:30,377 | SENDER=gesture_node         TOPIC=/hri/gesture         SHA256=641c3dda621dae518afaa84bb122e0fd38aaa475d79f4f2f95a3237156141a42 DATA={"source": "GestureModel_v1", "label": "Cross_Arms", "confidence": 0.82}
2026-05-17 21:34:33,080 | SENDER=emotion_node         TOPIC=/hri/emotion         SHA256=e5cbca8c59c069739e9cdc18ad3ffc7e3ef023c941433dc28c7a7f42eb3facd0 DATA={"source": "EmotionModel_v1", "label": "Confused", "confidence": 0.83}
2026-05-17 21:34:33,530 | SENDER=gesture_node         TOPIC=/hri/gesture         SHA256=0d4b16c73e3ed1114603730b82027a1fcd65990f149401bbf927fd2589b1ca25 DATA={"source": "GestureModel_v1", "label": "Thumbs_Up", "confidence": 0.85}
2026-05-17 21:34:33,926 | SENDER=emotion_node         TOPIC=/hri/emotion         SHA256=7411f2bf2664640c499aa8f823ef5d77c4d8d0b64db1abf118cde27ec93bd07e DATA={"source": "EmotionModel_v1", "label": "Angry", "confidence": 0.82}
2026-05-17 21:34:34,377 | SENDER=gesture_node         TOPIC=/hri/gesture         SHA256=4811bf4d8ef8729831d87bd1c5fdac446b9be8533584c275d6c2378e09e8cffe DATA={"source": "GestureModel_v1", "label": "Cross_Arms", "confidence": 0.88}
2026-05-17 21:34:35,926 | SENDER=emotion_node         TOPIC=/hri/emotion         SHA256=d555f029dd171e5f1742b8cfa03c38bf06ece8c19269a42a00afdd0aab6e05cb DATA={"source": "EmotionModel_v1", "label": "Sad", "confidence": 0.81}
2026-05-17 21:34:36,377 | SENDER=gesture_node         TOPIC=/hri/gesture         SHA256=07f6a18ff66122470059036b3cc30429fda2758668b042c013231913c8770264 DATA={"source": "GestureModel_v1", "label": "Wave", "confidence": 0.96}
2026-05-17 21:34:37,848 | SENDER=motion_node          TOPIC=/hri/motion          SHA256=d280fa0ca7c6b19ee9ce62df418978d0055e358612ac176bc185d24a21ba61fb DATA={"source": "MotionModel_v1", "label": "Wandering", "speed_ms": 0.37}
2026-05-17 21:34:37,927 | SENDER=emotion_node         TOPIC=/hri/emotion         SHA256=fb8e1603c1c878d9bde4256305bb541a522e9d71e8619861d7913c31ba0de47e DATA={"source": "EmotionModel_v1", "label": "Confused", "confidence": 0.81}
2026-05-17 21:34:38,377 | SENDER=gesture_node         TOPIC=/hri/gesture         SHA256=0af1ed4d53f9ad3ab12d0f8ba5c5ded386c66457545958e23cac05adbfcade55 DATA={"source": "GestureModel_v1", "label": "Stop", "confidence": 0.93}
2026-05-17 21:34:39,848 | SENDER=motion_node          TOPIC=/hri/motion          SHA256=78a38521cf81609fbc52b1b0535e47c514fc44ffff07091fe6726c5feefd35e3 DATA={"source": "MotionModel_v1", "label": "Wandering", "speed_ms": 0.36}
2026-05-17 21:34:39,926 | SENDER=emotion_node         TOPIC=/hri/emotion         SHA256=f2084d172f0a61d589af23a490cc7f24a8e4c61bdadda5d13175df941e1c60e2 DATA={"source": "EmotionModel_v1", "label": "Neutral", "confidence": 0.91}
2026-05-17 21:34:40,377 | SENDER=gesture_node         TOPIC=/hri/gesture         SHA256=11e6fd7a0fe2b7cc02b1d5535340bfbce29e7a58080c7c95ca0cc6b929b3c01c DATA={"source": "GestureModel_v1", "label": "Cross_Arms", "confidence": 0.84}
2026-05-17 21:34:41,849 | SENDER=motion_node          TOPIC=/hri/motion          SHA256=1d05efac7eb9740c77c9f332660c02ce6dc07e71a31cca87b874607f28e225d8 DATA={"source": "MotionModel_v1", "label": "Running", "speed_ms": 1.97}
2026-05-17 21:34:41,926 | SENDER=emotion_node         TOPIC=/hri/emotion         SHA256=ef8388a1c703316d6759d42afc8840c8134c7ac51660cbd318c7c2f89ecfe58a DATA={"source": "EmotionModel_v1", "label": "Happy", "confidence": 0.9}
2026-05-17 21:34:42,377 | SENDER=gesture_node         TOPIC=/hri/gesture         SHA256=c207a55977ac3af6d49b846463e0b831a7927f035f6f7bd91f1b793eeaec6caa DATA={"source": "GestureModel_v1", "label": "Cross_Arms", "confidence": 0.91}
2026-05-17 21:34:43,848 | SENDER=motion_node          TOPIC=/hri/motion          SHA256=30c2961fb7f650392ac8bea109f3d9792fc3f5cce729828478d0bde9b246bd4f DATA={"source": "MotionModel_v1", "label": "Wandering", "speed_ms": 0.28}
2026-05-17 21:34:43,926 | SENDER=emotion_node         TOPIC=/hri/emotion         SHA256=2f82ecce2e3618087f7024ad42d3e0b6360e608be5d9efbca7fdef5171a408c2 DATA={"source": "EmotionModel_v1", "label": "Happy", "confidence": 0.93}
2026-05-17 21:34:44,377 | SENDER=gesture_node         TOPIC=/hri/gesture         SHA256=721bd19713e8d22af1a91566b14fbf22e8c148699b69ae10ba23de17f887208b DATA={"source": "GestureModel_v1", "label": "Stop", "confidence": 0.92}
2026-05-17 21:34:45,849 | SENDER=motion_node          TOPIC=/hri/motion          SHA256=51e72eef58acca1751706769919f1380debfc4d53bee8ae8f0bd221a38eccc42 DATA={"source": "MotionModel_v1", "label": "Retreating", "speed_ms": 0.74}
2026-05-17 21:34:45,928 | SENDER=emotion_node         TOPIC=/hri/emotion         SHA256=1dce560609a9d2f4938db0d258e18578b7f2146af2e9808cea373f78f52767e7 DATA={"source": "EmotionModel_v1", "label": "Angry", "confidence": 0.79}
2026-05-17 21:34:46,378 | SENDER=gesture_node         TOPIC=/hri/gesture         SHA256=a3e7e2cbad1a013fe4afeb2b49a4084ba7a389be5aa136a97f339829cb995bcf DATA={"source": "GestureModel_v1", "label": "Wave", "confidence": 0.92}
2026-05-17 21:34:47,848 | SENDER=motion_node          TOPIC=/hri/motion          SHA256=2c37b6337d616cd8a51669c8b0d33c63fbd0316bd023de0bee1ea63b87992896 DATA={"source": "MotionModel_v1", "label": "Wandering", "speed_ms": 0.35}
2026-05-17 21:34:47,926 | SENDER=emotion_node         TOPIC=/hri/emotion         SHA256=d555f029dd171e5f1742b8cfa03c38bf06ece8c19269a42a00afdd0aab6e05cb DATA={"source": "EmotionModel_v1", "label": "Sad", "confidence": 0.81}
2026-05-17 21:34:48,379 | SENDER=gesture_node         TOPIC=/hri/gesture         SHA256=4064b53ef72a7ef9a3f00fe9b94d1748c806e3637eb7961fd797c4b363031dfc DATA={"source": "GestureModel_v1", "label": "Beckon", "confidence": 0.85}
2026-05-17 21:34:49,691 | SENDER=context_node         TOPIC=/hri/context         SHA256=f83540b369d62d3a3626f4487a33a8fb933121643231b1e0e5d4aeab15d1aac7 DATA={"source": "ContextModel_v1", "environment": "Museum_Gallery", "crowding": "Low"}
2026-05-17 21:34:49,848 | SENDER=motion_node          TOPIC=/hri/motion          SHA256=a359a737c4a8f83de8a70af073b343f97c0726f835bbb4dbf1d97bf7ee31880f DATA={"source": "MotionModel_v1", "label": "Stationary", "speed_ms": 0.07}
2026-05-17 21:34:49,926 | SENDER=emotion_node         TOPIC=/hri/emotion         SHA256=fc4472a0e3e6cb848add7903cad45c0af5aa0c4fbe4ebc622c1d63dace00a456 DATA={"source": "EmotionModel_v1", "label": "Happy", "confidence": 0.89}
2026-05-17 21:34:50,377 | SENDER=gesture_node         TOPIC=/hri/gesture         SHA256=1d27a478ca4ab9822d3040f1cd6fca839b3ab9eafc4cbeaa895e44c33aac6f01 DATA={"source": "GestureModel_v1", "label": "Thumbs_Up", "confidence": 0.84}
2026-05-17 21:34:51,691 | SENDER=context_node         TOPIC=/hri/context         SHA256=b88b3385b15277f264a4977a18a860ce4df5fa37ec2862844eecd37fad4c7813 DATA={"source": "ContextModel_v1", "environment": "Hospital_Corridor", "crowding": "High"}
2026-05-17 21:34:51,849 | SENDER=motion_node          TOPIC=/hri/motion          SHA256=fb6561c61adba03224441df133e19f6d510b6c1cae9ebc8c31c309d996c99459 DATA={"source": "MotionModel_v1", "label": "Running", "speed_ms": 3.06}
2026-05-17 21:34:51,926 | SENDER=emotion_node         TOPIC=/hri/emotion         SHA256=711685edb11d7f7975b724d921bc9e0c32030b2cc3a9ac2563d875694436b2bc DATA={"source": "EmotionModel_v1", "label": "Sad", "confidence": 0.82}
2026-05-17 21:34:52,379 | SENDER=gesture_node         TOPIC=/hri/gesture         SHA256=35912617a819bc270057bac9ae7346d7fb8cae37d746b08ff5974cd835925696 DATA={"source": "GestureModel_v1", "label": "Point", "confidence": 0.86}
2026-05-17 21:34:53,693 | SENDER=context_node         TOPIC=/hri/context         SHA256=b88b3385b15277f264a4977a18a860ce4df5fa37ec2862844eecd37fad4c7813 DATA={"source": "ContextModel_v1", "environment": "Hospital_Corridor", "crowding": "High"}
2026-05-17 21:34:53,848 | SENDER=motion_node          TOPIC=/hri/motion          SHA256=cd0d4e8c708c445990f453084a73d05136c11a19618ed8bba064446cdeab5158 DATA={"source": "MotionModel_v1", "label": "Running", "speed_ms": 2.29}
2026-05-17 21:34:53,926 | SENDER=emotion_node         TOPIC=/hri/emotion         SHA256=d4074f4824daacea312d44fe003b97ab003d1c7b4d7434f63558e3c245317f0c DATA={"source": "EmotionModel_v1", "label": "Confused", "confidence": 0.86}
2026-05-17 21:34:54,377 | SENDER=gesture_node         TOPIC=/hri/gesture         SHA256=db95a7d232071aadf9be429e50e34bac857079c691f18c3e65de2a3df72b4407 DATA={"source": "GestureModel_v1", "label": "Wave", "confidence": 0.93}
2026-05-17 21:34:55,691 | SENDER=context_node         TOPIC=/hri/context         SHA256=0328fe086d7abbbd5cc66066c96aec10db560086a0f840535d8d2da0875519d9 DATA={"source": "ContextModel_v1", "environment": "Retail_Aisle", "crowding": "Medium"}
2026-05-17 21:34:55,849 | SENDER=motion_node          TOPIC=/hri/motion          SHA256=4bcce11548502fba55e9e9f71598cb398eb0c475dcf87d97c148502b5bbef3ad DATA={"source": "MotionModel_v1", "label": "Approaching", "speed_ms": 0.6}
2026-05-17 21:34:55,927 | SENDER=emotion_node         TOPIC=/hri/emotion         SHA256=75564a1282a304f3258327c33131cd0bdc88e76a79bf7b8a4bc6a7b658f10348 DATA={"source": "EmotionModel_v1", "label": "Panicked", "confidence": 0.88}
2026-05-17 21:34:56,378 | SENDER=gesture_node         TOPIC=/hri/gesture         SHA256=0d4b16c73e3ed1114603730b82027a1fcd65990f149401bbf927fd2589b1ca25 DATA={"source": "GestureModel_v1", "label": "Thumbs_Up", "confidence": 0.85}
2026-05-17 21:34:57,692 | SENDER=context_node         TOPIC=/hri/context         SHA256=4f7f3e509d2a45b70dab96481bdeba99e5dd5787b28f81fbd5e9933a5b67478b DATA={"source": "ContextModel_v1", "environment": "Hospital_Reception", "crowding": "Medium"}
2026-05-17 21:34:57,849 | SENDER=motion_node          TOPIC=/hri/motion          SHA256=2ee4f17e9ea44e1d703f30ca08c66e82fc806a20e751bbbf488ff87e45a990b4 DATA={"source": "MotionModel_v1", "label": "Wandering", "speed_ms": 0.67}
2026-05-17 21:34:57,926 | SENDER=emotion_node         TOPIC=/hri/emotion         SHA256=6a64b3df5d5d4fa170734db5e68355663f3cfa0e16e340c0f869d534e05559f1 DATA={"source": "EmotionModel_v1", "label": "Neutral", "confidence": 0.87}
2026-05-17 21:34:58,379 | SENDER=gesture_node         TOPIC=/hri/gesture         SHA256=41858cb651ab8d66a77131f1667e8d6152a1ef706585d2251aaddd3d2bb550ab DATA={"source": "GestureModel_v1", "label": "Stop", "confidence": 0.91}
2026-05-17 21:34:59,691 | SENDER=context_node         TOPIC=/hri/context         SHA256=0328fe086d7abbbd5cc66066c96aec10db560086a0f840535d8d2da0875519d9 DATA={"source": "ContextModel_v1", "environment": "Retail_Aisle", "crowding": "Medium"}
2026-05-17 21:34:59,848 | SENDER=motion_node          TOPIC=/hri/motion          SHA256=7b597c1ca55c03e02b859e4b12873d7ae89bb4033245337d537ac8b5f21ae7a6 DATA={"source": "MotionModel_v1", "label": "Wandering", "speed_ms": 0.34}
2026-05-17 21:34:59,926 | SENDER=emotion_node         TOPIC=/hri/emotion         SHA256=9beddab6b207fd0240159a70ae954ac7e1a4f55bfaa7771671c43bf498cc8ec8 DATA={"source": "EmotionModel_v1", "label": "Angry", "confidence": 0.78}
2026-05-17 21:35:00,377 | SENDER=gesture_node         TOPIC=/hri/gesture         SHA256=721bd19713e8d22af1a91566b14fbf22e8c148699b69ae10ba23de17f887208b DATA={"source": "GestureModel_v1", "label": "Stop", "confidence": 0.92}
2026-05-17 21:35:01,694 | SENDER=context_node         TOPIC=/hri/context         SHA256=b88b3385b15277f264a4977a18a860ce4df5fa37ec2862844eecd37fad4c7813 DATA={"source": "ContextModel_v1", "environment": "Hospital_Corridor", "crowding": "High"}
2026-05-17 21:35:01,848 | SENDER=motion_node          TOPIC=/hri/motion          SHA256=2f86b70f9115f538e632ef47af54b54ab21cce9401fac62bb4b60727eda1bb5c DATA={"source": "MotionModel_v1", "label": "Stationary", "speed_ms": 0.04}
2026-05-17 21:35:01,926 | SENDER=emotion_node         TOPIC=/hri/emotion         SHA256=c4373afd645a7006318f98e2df204e1da4ae18e2a3431ccf16cca3b9332ebafa DATA={"source": "EmotionModel_v1", "label": "Sad", "confidence": 0.77}
2026-05-17 21:35:02,377 | SENDER=gesture_node         TOPIC=/hri/gesture         SHA256=35912617a819bc270057bac9ae7346d7fb8cae37d746b08ff5974cd835925696 DATA={"source": "GestureModel_v1", "label": "Point", "confidence": 0.86}
2026-05-17 21:35:03,691 | SENDER=context_node         TOPIC=/hri/context         SHA256=a64fb3cfbf73edd634404a40b5c36a0c53b982ba75ff4431360d795192f7cd87 DATA={"source": "ContextModel_v1", "environment": "Hospital_Ward", "crowding": "Low"}
2026-05-17 21:35:05,000 | SENDER=motion_node          TOPIC=/hri/motion          SHA256=d773d480b9582420b9841013a64156f6c4269e0da6bd8d2e9e0d32f8715a6126 DATA={"source": "MotionModel_v1", "label": "Wandering", "speed_ms": 0.26}
2026-05-17 21:35:05,078 | SENDER=emotion_node         TOPIC=/hri/emotion         SHA256=711685edb11d7f7975b724d921bc9e0c32030b2cc3a9ac2563d875694436b2bc DATA={"source": "EmotionModel_v1", "label": "Sad", "confidence": 0.82}
2026-05-17 21:35:05,529 | SENDER=gesture_node         TOPIC=/hri/gesture         SHA256=db95a7d232071aadf9be429e50e34bac857079c691f18c3e65de2a3df72b4407 DATA={"source": "GestureModel_v1", "label": "Wave", "confidence": 0.93}
2026-05-17 21:35:05,850 | SENDER=motion_node          TOPIC=/hri/motion          SHA256=3fc85e54209cc5088f073d65874945cf9612b16d97b77f8b4ecb87bb08fd5889 DATA={"source": "MotionModel_v1", "label": "Retreating", "speed_ms": 0.3}
2026-05-17 21:35:05,927 | SENDER=emotion_node         TOPIC=/hri/emotion         SHA256=92ba8953f0a9dc9df5a150689d2aa425d4006226c738c6a5e212ad207cce14db DATA={"source": "EmotionModel_v1", "label": "Sad", "confidence": 0.79}
2026-05-17 21:35:06,377 | SENDER=gesture_node         TOPIC=/hri/gesture         SHA256=3ecfd8986e395125c84f18e5ae99ca501d0aeb626128e03435d34223d907b0dd DATA={"source": "GestureModel_v1", "label": "Point", "confidence": 0.91}
2026-05-17 21:35:06,843 | SENDER=context_node         TOPIC=/hri/context         SHA256=0328fe086d7abbbd5cc66066c96aec10db560086a0f840535d8d2da0875519d9 DATA={"source": "ContextModel_v1", "environment": "Retail_Aisle", "crowding": "Medium"}
2026-05-17 21:35:07,691 | SENDER=context_node         TOPIC=/hri/context         SHA256=a64fb3cfbf73edd634404a40b5c36a0c53b982ba75ff4431360d795192f7cd87 DATA={"source": "ContextModel_v1", "environment": "Hospital_Ward", "crowding": "Low"}
2026-05-17 21:35:07,848 | SENDER=motion_node          TOPIC=/hri/motion          SHA256=af2f013a6c5db89d571ee05647d40d7ad28f8e03b7590ac6edc38367ca8c2108 DATA={"source": "MotionModel_v1", "label": "Running", "speed_ms": 1.98}
2026-05-17 21:35:07,927 | SENDER=emotion_node         TOPIC=/hri/emotion         SHA256=b5bae5853ba7db99f5fca54f4048107ae6a8be3dee2f415addc8f5a6e0f55421 DATA={"source": "EmotionModel_v1", "label": "Sad", "confidence": 0.83}
2026-05-17 21:35:08,377 | SENDER=gesture_node         TOPIC=/hri/gesture         SHA256=1c26f0b6d9044fdafa1762a023dd598d667da44f5a8a353920b5a5dd5ffb649e DATA={"source": "GestureModel_v1", "label": "Beckon", "confidence": 0.89}
2026-05-17 21:35:09,693 | SENDER=context_node         TOPIC=/hri/context         SHA256=b88b3385b15277f264a4977a18a860ce4df5fa37ec2862844eecd37fad4c7813 DATA={"source": "ContextModel_v1", "environment": "Hospital_Corridor", "crowding": "High"}
2026-05-17 21:35:09,852 | SENDER=motion_node          TOPIC=/hri/motion          SHA256=a9fd062e8c4ac86dd371cfb10f2c1605bb08cb5463ecadd2375fbd95e4eb4eea DATA={"source": "MotionModel_v1", "label": "Retreating", "speed_ms": 0.43}
2026-05-17 21:35:09,927 | SENDER=emotion_node         TOPIC=/hri/emotion         SHA256=542cb0a557d680d2be3b4f1acda147bc296a1cc1f892f397b93700b4f170d620 DATA={"source": "EmotionModel_v1", "label": "Panicked", "confidence": 0.86}
2026-05-17 21:35:10,378 | SENDER=gesture_node         TOPIC=/hri/gesture         SHA256=757678849b1b5e94f27cae2f19e40e63b8696e8864d759874ba58f978f25fc46 DATA={"source": "GestureModel_v1", "label": "Thumbs_Up", "confidence": 0.88}
2026-05-17 21:35:11,691 | SENDER=context_node         TOPIC=/hri/context         SHA256=f83540b369d62d3a3626f4487a33a8fb933121643231b1e0e5d4aeab15d1aac7 DATA={"source": "ContextModel_v1", "environment": "Museum_Gallery", "crowding": "Low"}
2026-05-17 21:35:11,849 | SENDER=motion_node          TOPIC=/hri/motion          SHA256=894a75f3e8b5aaea7120d96bc04e4c70ff76f383bed5cb80e0fa7d514b56a005 DATA={"source": "MotionModel_v1", "label": "Running", "speed_ms": 2.86}
2026-05-17 21:35:11,926 | SENDER=emotion_node         TOPIC=/hri/emotion         SHA256=ef8388a1c703316d6759d42afc8840c8134c7ac51660cbd318c7c2f89ecfe58a DATA={"source": "EmotionModel_v1", "label": "Happy", "confidence": 0.9}
2026-05-17 21:35:12,377 | SENDER=gesture_node         TOPIC=/hri/gesture         SHA256=b2a74b9ee4370910c7c9f7d4a909c0ad8e82f3e3373828aec156c25d7bfe406e DATA={"source": "GestureModel_v1", "label": "Beckon", "confidence": 0.84}
2026-05-17 21:35:13,691 | SENDER=context_node         TOPIC=/hri/context         SHA256=0328fe086d7abbbd5cc66066c96aec10db560086a0f840535d8d2da0875519d9 DATA={"source": "ContextModel_v1", "environment": "Retail_Aisle", "crowding": "Medium"}
2026-05-17 21:35:13,848 | SENDER=motion_node          TOPIC=/hri/motion          SHA256=a359a737c4a8f83de8a70af073b343f97c0726f835bbb4dbf1d97bf7ee31880f DATA={"source": "MotionModel_v1", "label": "Stationary", "speed_ms": 0.07}
2026-05-17 21:35:13,927 | SENDER=emotion_node         TOPIC=/hri/emotion         SHA256=92ba8953f0a9dc9df5a150689d2aa425d4006226c738c6a5e212ad207cce14db DATA={"source": "EmotionModel_v1", "label": "Sad", "confidence": 0.79}
2026-05-17 21:35:14,377 | SENDER=gesture_node         TOPIC=/hri/gesture         SHA256=58973deffa59167d658d90c2cc450855c6c6d02a30bf6c0386bf922b1cadcd2e DATA={"source": "GestureModel_v1", "label": "Stop", "confidence": 0.95}
2026-05-17 21:35:15,692 | SENDER=context_node         TOPIC=/hri/context         SHA256=a64fb3cfbf73edd634404a40b5c36a0c53b982ba75ff4431360d795192f7cd87 DATA={"source": "ContextModel_v1", "environment": "Hospital_Ward", "crowding": "Low"}
2026-05-17 21:35:15,849 | SENDER=motion_node          TOPIC=/hri/motion          SHA256=9fcfeb644c50fd711ed22cf187aae935d881415851285ff138c507952b09ffd5 DATA={"source": "MotionModel_v1", "label": "Retreating", "speed_ms": 0.8}
2026-05-17 21:35:15,926 | SENDER=emotion_node         TOPIC=/hri/emotion         SHA256=c97beabb29a7d067f58838c84617319171a090079c72d75459bf3126e73a0b29 DATA={"source": "EmotionModel_v1", "label": "Panicked", "confidence": 0.92}
2026-05-17 21:35:16,377 | SENDER=gesture_node         TOPIC=/hri/gesture         SHA256=f3a5e9fd5f47af06408d6a01da4f6c1cef0aabb11188d59709928a9a43a32fa8 DATA={"source": "GestureModel_v1", "label": "Wave", "confidence": 0.86}
2026-05-17 21:35:17,691 | SENDER=context_node         TOPIC=/hri/context         SHA256=b88b3385b15277f264a4977a18a860ce4df5fa37ec2862844eecd37fad4c7813 DATA={"source": "ContextModel_v1", "environment": "Hospital_Corridor", "crowding": "High"}
2026-05-17 21:35:17,848 | SENDER=motion_node          TOPIC=/hri/motion          SHA256=bc7ef510a860b3fa76471b63ae3a8ea3ec8403d9e2d76a8f0b342d9ac602547f DATA={"source": "MotionModel_v1", "label": "Approaching", "speed_ms": 0.58}
2026-05-17 21:35:17,926 | SENDER=emotion_node         TOPIC=/hri/emotion         SHA256=f4c552f3ac53f1a66424151ab0b59a5d807cfabed51c03e0c2dbd11cdd879540 DATA={"source": "EmotionModel_v1", "label": "Panicked", "confidence": 0.91}
2026-05-17 21:35:18,379 | SENDER=gesture_node         TOPIC=/hri/gesture         SHA256=11e6fd7a0fe2b7cc02b1d5535340bfbce29e7a58080c7c95ca0cc6b929b3c01c DATA={"source": "GestureModel_v1", "label": "Cross_Arms", "confidence": 0.84}
2026-05-17 21:35:19,693 | SENDER=context_node         TOPIC=/hri/context         SHA256=a64fb3cfbf73edd634404a40b5c36a0c53b982ba75ff4431360d795192f7cd87 DATA={"source": "ContextModel_v1", "environment": "Hospital_Ward", "crowding": "Low"}
2026-05-17 21:35:19,849 | SENDER=motion_node          TOPIC=/hri/motion          SHA256=e9e72f3216bab8d211a7c31ca4e5f8789e65e366b5af64640c006f1b08db5710 DATA={"source": "MotionModel_v1", "label": "Stationary", "speed_ms": 0.08}
2026-05-17 21:35:19,926 | SENDER=emotion_node         TOPIC=/hri/emotion         SHA256=6a64b3df5d5d4fa170734db5e68355663f3cfa0e16e340c0f869d534e05559f1 DATA={"source": "EmotionModel_v1", "label": "Neutral", "confidence": 0.87}
2026-05-17 21:35:20,377 | SENDER=gesture_node         TOPIC=/hri/gesture         SHA256=07f6a18ff66122470059036b3cc30429fda2758668b042c013231913c8770264 DATA={"source": "GestureModel_v1", "label": "Wave", "confidence": 0.96}
2026-05-17 21:35:21,692 | SENDER=context_node         TOPIC=/hri/context         SHA256=a64fb3cfbf73edd634404a40b5c36a0c53b982ba75ff4431360d795192f7cd87 DATA={"source": "ContextModel_v1", "environment": "Hospital_Ward", "crowding": "Low"}
2026-05-17 21:35:21,848 | SENDER=motion_node          TOPIC=/hri/motion          SHA256=6e490c6a16d3f1d99de7d856da3ee6b61c6eda182db7e2f71275051cb75eeb5d DATA={"source": "MotionModel_v1", "label": "Running", "speed_ms": 3.24}
2026-05-17 21:35:21,926 | SENDER=emotion_node         TOPIC=/hri/emotion         SHA256=9beddab6b207fd0240159a70ae954ac7e1a4f55bfaa7771671c43bf498cc8ec8 DATA={"source": "EmotionModel_v1", "label": "Angry", "confidence": 0.78}
2026-05-17 21:35:22,377 | SENDER=gesture_node         TOPIC=/hri/gesture         SHA256=b7e9f74bceb3675a802434847049e10690a0b4ae22f74bb70b7698bea2ca39fc DATA={"source": "GestureModel_v1", "label": "Point", "confidence": 0.82}
2026-05-17 21:35:23,692 | SENDER=context_node         TOPIC=/hri/context         SHA256=0328fe086d7abbbd5cc66066c96aec10db560086a0f840535d8d2da0875519d9 DATA={"source": "ContextModel_v1", "environment": "Retail_Aisle", "crowding": "Medium"}
2026-05-17 21:35:23,848 | SENDER=motion_node          TOPIC=/hri/motion          SHA256=941716b9afaccffc06424170aa61378516e08fcb11982b54bc7ed99f93ce8034 DATA={"source": "MotionModel_v1", "label": "Retreating", "speed_ms": 0.54}
2026-05-17 21:35:23,926 | SENDER=emotion_node         TOPIC=/hri/emotion         SHA256=d4074f4824daacea312d44fe003b97ab003d1c7b4d7434f63558e3c245317f0c DATA={"source": "EmotionModel_v1", "label": "Confused", "confidence": 0.86}
2026-05-17 21:35:24,378 | SENDER=gesture_node         TOPIC=/hri/gesture         SHA256=4064b53ef72a7ef9a3f00fe9b94d1748c806e3637eb7961fd797c4b363031dfc DATA={"source": "GestureModel_v1", "label": "Beckon", "confidence": 0.85}
2026-05-17 21:35:25,692 | SENDER=context_node         TOPIC=/hri/context         SHA256=b88b3385b15277f264a4977a18a860ce4df5fa37ec2862844eecd37fad4c7813 DATA={"source": "ContextModel_v1", "environment": "Hospital_Corridor", "crowding": "High"}
2026-05-17 21:35:25,848 | SENDER=motion_node          TOPIC=/hri/motion          SHA256=7b597c1ca55c03e02b859e4b12873d7ae89bb4033245337d537ac8b5f21ae7a6 DATA={"source": "MotionModel_v1", "label": "Wandering", "speed_ms": 0.34}
2026-05-17 21:35:25,926 | SENDER=emotion_node         TOPIC=/hri/emotion         SHA256=b7ef50907269775339990ba759422603a4410e00b2d9c828a1c34afac74406a3 DATA={"source": "EmotionModel_v1", "label": "Angry", "confidence": 0.9}
2026-05-17 21:35:26,380 | SENDER=gesture_node         TOPIC=/hri/gesture         SHA256=eeea3df0df901eb95e968cc45374dc95367eadfbdfc477222b3575958842b3f1 DATA={"source": "GestureModel_v1", "label": "Wave", "confidence": 0.91}
2026-05-17 21:35:27,692 | SENDER=context_node         TOPIC=/hri/context         SHA256=f83540b369d62d3a3626f4487a33a8fb933121643231b1e0e5d4aeab15d1aac7 DATA={"source": "ContextModel_v1", "environment": "Museum_Gallery", "crowding": "Low"}
2026-05-17 21:35:27,851 | SENDER=motion_node          TOPIC=/hri/motion          SHA256=a408e144c5d34d47ecba6ec8193df8f65557f7e3863658bb85ac3c29f48e9006 DATA={"source": "MotionModel_v1", "label": "Running", "speed_ms": 1.9}
2026-05-17 21:35:27,927 | SENDER=emotion_node         TOPIC=/hri/emotion         SHA256=bd7df66e589fc65612ba80c9511f32ca0bd95b51c08bff4643c46f4c26640c83 DATA={"source": "EmotionModel_v1", "label": "Panicked", "confidence": 0.94}
2026-05-17 21:35:28,377 | SENDER=gesture_node         TOPIC=/hri/gesture         SHA256=b2a74b9ee4370910c7c9f7d4a909c0ad8e82f3e3373828aec156c25d7bfe406e DATA={"source": "GestureModel_v1", "label": "Beckon", "confidence": 0.84}
2026-05-17 21:35:29,692 | SENDER=context_node         TOPIC=/hri/context         SHA256=4f7f3e509d2a45b70dab96481bdeba99e5dd5787b28f81fbd5e9933a5b67478b DATA={"source": "ContextModel_v1", "environment": "Hospital_Reception", "crowding": "Medium"}
2026-05-17 21:35:29,851 | SENDER=motion_node          TOPIC=/hri/motion          SHA256=4b46d6d0660837aacddafdece0e331c4ad471fee314957000c2cd1c5d175df43 DATA={"source": "MotionModel_v1", "label": "Running", "speed_ms": 3.03}
2026-05-17 21:35:29,926 | SENDER=emotion_node         TOPIC=/hri/emotion         SHA256=7beafe6004ed15f146adec68e8da13641fd903793a7ab000b39e040744469d0f DATA={"source": "EmotionModel_v1", "label": "Angry", "confidence": 0.76}
2026-05-17 21:35:30,379 | SENDER=gesture_node         TOPIC=/hri/gesture         SHA256=ab0c738f88aa89f042fa5de523b57602eb39ca46f6a33a9c066709723504c33b DATA={"source": "GestureModel_v1", "label": "Wave", "confidence": 0.87}
2026-05-17 21:35:31,692 | SENDER=context_node         TOPIC=/hri/context         SHA256=0328fe086d7abbbd5cc66066c96aec10db560086a0f840535d8d2da0875519d9 DATA={"source": "ContextModel_v1", "environment": "Retail_Aisle", "crowding": "Medium"}
2026-05-17 21:35:31,849 | SENDER=motion_node          TOPIC=/hri/motion          SHA256=7fbe42df6721f731448d37773b24173854cfd4f3fe3d99dc83e14f3eb8d17509 DATA={"source": "MotionModel_v1", "label": "Approaching", "speed_ms": 0.95}
2026-05-17 21:35:31,926 | SENDER=emotion_node         TOPIC=/hri/emotion         SHA256=7f17b9753dea1c89574f88c2320cb01cc212d91a5b4f0840c1479c2befa10a65 DATA={"source": "EmotionModel_v1", "label": "Confused", "confidence": 0.89}
2026-05-17 21:35:32,378 | SENDER=gesture_node         TOPIC=/hri/gesture         SHA256=757678849b1b5e94f27cae2f19e40e63b8696e8864d759874ba58f978f25fc46 DATA={"source": "GestureModel_v1", "label": "Thumbs_Up", "confidence": 0.88}
2026-05-17 21:35:33,693 | SENDER=context_node         TOPIC=/hri/context         SHA256=0328fe086d7abbbd5cc66066c96aec10db560086a0f840535d8d2da0875519d9 DATA={"source": "ContextModel_v1", "environment": "Retail_Aisle", "crowding": "Medium"}
2026-05-17 21:35:33,848 | SENDER=motion_node          TOPIC=/hri/motion          SHA256=0185f071c52b5e53f656a1996fda5247eb2c2d84cd003793484415addd0d654a DATA={"source": "MotionModel_v1", "label": "Stationary", "speed_ms": 0.06}
2026-05-17 21:35:33,926 | SENDER=emotion_node         TOPIC=/hri/emotion         SHA256=209f12299bf832daf2acca5bd20d94ced3b9001fe96624a0efc4aded1042fe65 DATA={"source": "EmotionModel_v1", "label": "Angry", "confidence": 0.77}
2026-05-17 21:35:34,378 | SENDER=gesture_node         TOPIC=/hri/gesture         SHA256=07f6a18ff66122470059036b3cc30429fda2758668b042c013231913c8770264 DATA={"source": "GestureModel_v1", "label": "Wave", "confidence": 0.96}
2026-05-17 21:35:35,691 | SENDER=context_node         TOPIC=/hri/context         SHA256=0328fe086d7abbbd5cc66066c96aec10db560086a0f840535d8d2da0875519d9 DATA={"source": "ContextModel_v1", "environment": "Retail_Aisle", "crowding": "Medium"}
2026-05-17 21:35:35,849 | SENDER=motion_node          TOPIC=/hri/motion          SHA256=a805403fe791a4e7b6b69e2c78a37faa4cc88f0781ae75b9605f520fd3fcfb64 DATA={"source": "MotionModel_v1", "label": "Retreating", "speed_ms": 0.7}
2026-05-17 21:35:35,926 | SENDER=emotion_node         TOPIC=/hri/emotion         SHA256=b5bae5853ba7db99f5fca54f4048107ae6a8be3dee2f415addc8f5a6e0f55421 DATA={"source": "EmotionModel_v1", "label": "Sad", "confidence": 0.83}
2026-05-17 21:35:36,377 | SENDER=gesture_node         TOPIC=/hri/gesture         SHA256=fdea9da89496b551be658a7c3da499ee1a917f963e7fa137772c70fcb33de972 DATA={"source": "GestureModel_v1", "label": "Beckon", "confidence": 0.9}
2026-05-17 21:35:38,891 | SENDER=context_node         TOPIC=/hri/context         SHA256=f83540b369d62d3a3626f4487a33a8fb933121643231b1e0e5d4aeab15d1aac7 DATA={"source": "ContextModel_v1", "environment": "Museum_Gallery", "crowding": "Low"}
2026-05-17 21:35:39,049 | SENDER=motion_node          TOPIC=/hri/motion          SHA256=b077429cd749ec5763116ba2393e73e9148ba9066e06efe18d002e3b104433fa DATA={"source": "MotionModel_v1", "label": "Approaching", "speed_ms": 0.41}
2026-05-17 21:35:39,126 | SENDER=emotion_node         TOPIC=/hri/emotion         SHA256=1234be84924a9049244e5859fe0ba0054d1aa37b42680b45029c8cd0ad934b91 DATA={"source": "EmotionModel_v1", "label": "Panicked", "confidence": 0.98}
2026-05-17 21:35:39,577 | SENDER=gesture_node         TOPIC=/hri/gesture         SHA256=f2a4182b8846cf6dce0c43725d11aedca3e19eb17a0c0f1c35fdf913c0165e4d DATA={"source": "GestureModel_v1", "label": "Beckon", "confidence": 0.83}
2026-05-17 21:35:39,691 | SENDER=context_node         TOPIC=/hri/context         SHA256=0328fe086d7abbbd5cc66066c96aec10db560086a0f840535d8d2da0875519d9 DATA={"source": "ContextModel_v1", "environment": "Retail_Aisle", "crowding": "Medium"}
2026-05-17 21:35:39,852 | SENDER=motion_node          TOPIC=/hri/motion          SHA256=ad5c56b7f1653f465679ce0b5cbdd5ef03aad7ca909840b8fbcd0b8ffb92ce36 DATA={"source": "MotionModel_v1", "label": "Retreating", "speed_ms": 0.71}
2026-05-17 21:35:39,926 | SENDER=emotion_node         TOPIC=/hri/emotion         SHA256=d4074f4824daacea312d44fe003b97ab003d1c7b4d7434f63558e3c245317f0c DATA={"source": "EmotionModel_v1", "label": "Confused", "confidence": 0.86}
2026-05-17 21:35:40,382 | SENDER=gesture_node         TOPIC=/hri/gesture         SHA256=e3939c6d249bceae1c9194e70ced34c91a901afbf0d22af6d3a5b3c2558647f5 DATA={"source": "GestureModel_v1", "label": "Stop", "confidence": 0.94}
2026-05-17 21:35:41,691 | SENDER=context_node         TOPIC=/hri/context         SHA256=f83540b369d62d3a3626f4487a33a8fb933121643231b1e0e5d4aeab15d1aac7 DATA={"source": "ContextModel_v1", "environment": "Museum_Gallery", "crowding": "Low"}
2026-05-17 21:35:41,849 | SENDER=motion_node          TOPIC=/hri/motion          SHA256=1475ebb6b8917ec88f4cbc11934bda041670c12013663d8207139383d227d310 DATA={"source": "MotionModel_v1", "label": "Wandering", "speed_ms": 0.46}
2026-05-17 21:35:41,927 | SENDER=emotion_node         TOPIC=/hri/emotion         SHA256=003585fd167f61cac7b5f185b4559b1326f928d6d22ff3679164d2ae0adacf95 DATA={"source": "EmotionModel_v1", "label": "Happy", "confidence": 0.94}
2026-05-17 21:35:42,378 | SENDER=gesture_node         TOPIC=/hri/gesture         SHA256=eea59434a52107b7a82b1ad0c516a773c44b3917b2c46bbfdcb491c4f7882295 DATA={"source": "GestureModel_v1", "label": "Stop", "confidence": 0.98}
2026-05-17 21:35:43,693 | SENDER=context_node         TOPIC=/hri/context         SHA256=a64fb3cfbf73edd634404a40b5c36a0c53b982ba75ff4431360d795192f7cd87 DATA={"source": "ContextModel_v1", "environment": "Hospital_Ward", "crowding": "Low"}
2026-05-17 21:35:43,848 | SENDER=motion_node          TOPIC=/hri/motion          SHA256=a359a737c4a8f83de8a70af073b343f97c0726f835bbb4dbf1d97bf7ee31880f DATA={"source": "MotionModel_v1", "label": "Stationary", "speed_ms": 0.07}
2026-05-17 21:35:43,926 | SENDER=emotion_node         TOPIC=/hri/emotion         SHA256=f690fd6b73297fb6b4bec0ac3bbe0b4989569ba692e87df3bb86f80ef6b6028f DATA={"source": "EmotionModel_v1", "label": "Sad", "confidence": 0.8}
2026-05-17 21:35:44,378 | SENDER=gesture_node         TOPIC=/hri/gesture         SHA256=b7e9f74bceb3675a802434847049e10690a0b4ae22f74bb70b7698bea2ca39fc DATA={"source": "GestureModel_v1", "label": "Point", "confidence": 0.82}
2026-05-17 21:35:45,693 | SENDER=context_node         TOPIC=/hri/context         SHA256=f83540b369d62d3a3626f4487a33a8fb933121643231b1e0e5d4aeab15d1aac7 DATA={"source": "ContextModel_v1", "environment": "Museum_Gallery", "crowding": "Low"}
2026-05-17 21:35:45,848 | SENDER=motion_node          TOPIC=/hri/motion          SHA256=1eecd8865a703680fd1b801ed7f0f89c448e55f53277455f7c454dd523dd5e2d DATA={"source": "MotionModel_v1", "label": "Approaching", "speed_ms": 0.48}
2026-05-17 21:35:45,926 | SENDER=emotion_node         TOPIC=/hri/emotion         SHA256=58f2a9c7827b5c84aab43cc7d2ed27bba5eac2d03fb0f135bf0f54e21702bf89 DATA={"source": "EmotionModel_v1", "label": "Angry", "confidence": 0.92}
2026-05-17 21:35:46,378 | SENDER=gesture_node         TOPIC=/hri/gesture         SHA256=3279851d7c516d167854e919eb80987f7ab72a3a4351ea05a7d402b0f22d7efb DATA={"source": "GestureModel_v1", "label": "Point", "confidence": 0.84}
2026-05-17 21:35:47,692 | SENDER=context_node         TOPIC=/hri/context         SHA256=b88b3385b15277f264a4977a18a860ce4df5fa37ec2862844eecd37fad4c7813 DATA={"source": "ContextModel_v1", "environment": "Hospital_Corridor", "crowding": "High"}
2026-05-17 21:35:47,848 | SENDER=motion_node          TOPIC=/hri/motion          SHA256=09a99d9af91e48c67a7a80f27bc9029a9f2b4d96e720c7d349042e617526809f DATA={"source": "MotionModel_v1", "label": "Retreating", "speed_ms": 0.83}
2026-05-17 21:35:47,926 | SENDER=emotion_node         TOPIC=/hri/emotion         SHA256=cb2e003d9f5fbe76bee13448067af71cf562ef517fc312e7eab895fc471d51cd DATA={"source": "EmotionModel_v1", "label": "Confused", "confidence": 0.84}
2026-05-17 21:35:48,378 | SENDER=gesture_node         TOPIC=/hri/gesture         SHA256=65c18f592191716bd4713ca0311a437ad474800ebd3506cfd207376f6807f6ba DATA={"source": "GestureModel_v1", "label": "Thumbs_Up", "confidence": 0.87}
2026-05-17 21:35:49,692 | SENDER=context_node         TOPIC=/hri/context         SHA256=b88b3385b15277f264a4977a18a860ce4df5fa37ec2862844eecd37fad4c7813 DATA={"source": "ContextModel_v1", "environment": "Hospital_Corridor", "crowding": "High"}
2026-05-17 21:35:49,848 | SENDER=motion_node          TOPIC=/hri/motion          SHA256=047521ade1bac4e5235b2fb2eec002ebe33f8f21aee41941ad591b12cdf7f294 DATA={"source": "MotionModel_v1", "label": "Wandering", "speed_ms": 0.43}
2026-05-17 21:35:49,926 | SENDER=emotion_node         TOPIC=/hri/emotion         SHA256=f4c552f3ac53f1a66424151ab0b59a5d807cfabed51c03e0c2dbd11cdd879540 DATA={"source": "EmotionModel_v1", "label": "Panicked", "confidence": 0.91}
2026-05-17 21:35:50,378 | SENDER=gesture_node         TOPIC=/hri/gesture         SHA256=e6d3acb2c298209dd58d23c111adf470153ad7621a89d99ebf96dfaf8a2cb665 DATA={"source": "GestureModel_v1", "label": "Beckon", "confidence": 0.82}
2026-05-17 21:35:51,692 | SENDER=context_node         TOPIC=/hri/context         SHA256=b88b3385b15277f264a4977a18a860ce4df5fa37ec2862844eecd37fad4c7813 DATA={"source": "ContextModel_v1", "environment": "Hospital_Corridor", "crowding": "High"}
2026-05-17 21:35:51,848 | SENDER=motion_node          TOPIC=/hri/motion          SHA256=7ccc38389c27ea3826fff81babff4a0ef8dd00c259c877883ca2d21ab20e8278 DATA={"source": "MotionModel_v1", "label": "Wandering", "speed_ms": 0.39}
2026-05-17 21:35:51,926 | SENDER=emotion_node         TOPIC=/hri/emotion         SHA256=5fd491b63c5e8c32a95f9626beba45596d13dba494ef814bb8a83401b8dae7b2 DATA={"source": "EmotionModel_v1", "label": "Angry", "confidence": 0.89}
2026-05-17 21:35:52,381 | SENDER=gesture_node         TOPIC=/hri/gesture         SHA256=f35c0c663016184390bf9610b8640506db34cf9c64b2d7768d7484190ec03aaf DATA={"source": "GestureModel_v1", "label": "Thumbs_Up", "confidence": 0.93}
2026-05-17 21:35:53,691 | SENDER=context_node         TOPIC=/hri/context         SHA256=4f7f3e509d2a45b70dab96481bdeba99e5dd5787b28f81fbd5e9933a5b67478b DATA={"source": "ContextModel_v1", "environment": "Hospital_Reception", "crowding": "Medium"}
2026-05-17 21:35:53,848 | SENDER=motion_node          TOPIC=/hri/motion          SHA256=2f86b70f9115f538e632ef47af54b54ab21cce9401fac62bb4b60727eda1bb5c DATA={"source": "MotionModel_v1", "label": "Stationary", "speed_ms": 0.04}
2026-05-17 21:35:53,926 | SENDER=emotion_node         TOPIC=/hri/emotion         SHA256=ef8388a1c703316d6759d42afc8840c8134c7ac51660cbd318c7c2f89ecfe58a DATA={"source": "EmotionModel_v1", "label": "Happy", "confidence": 0.9}
2026-05-17 21:35:54,378 | SENDER=gesture_node         TOPIC=/hri/gesture         SHA256=11e6fd7a0fe2b7cc02b1d5535340bfbce29e7a58080c7c95ca0cc6b929b3c01c DATA={"source": "GestureModel_v1", "label": "Cross_Arms", "confidence": 0.84}
2026-05-17 21:35:55,691 | SENDER=context_node         TOPIC=/hri/context         SHA256=4f7f3e509d2a45b70dab96481bdeba99e5dd5787b28f81fbd5e9933a5b67478b DATA={"source": "ContextModel_v1", "environment": "Hospital_Reception", "crowding": "Medium"}
2026-05-17 21:35:55,849 | SENDER=motion_node          TOPIC=/hri/motion          SHA256=f06d62d560755f93d942f5844ed26be1a40949901de711f72019edb1fac51ba9 DATA={"source": "MotionModel_v1", "label": "Running", "speed_ms": 1.93}
2026-05-17 21:35:55,926 | SENDER=emotion_node         TOPIC=/hri/emotion         SHA256=d555f029dd171e5f1742b8cfa03c38bf06ece8c19269a42a00afdd0aab6e05cb DATA={"source": "EmotionModel_v1", "label": "Sad", "confidence": 0.81}
2026-05-17 21:35:56,378 | SENDER=gesture_node         TOPIC=/hri/gesture         SHA256=721bd19713e8d22af1a91566b14fbf22e8c148699b69ae10ba23de17f887208b DATA={"source": "GestureModel_v1", "label": "Stop", "confidence": 0.92}
2026-05-17 21:35:57,692 | SENDER=context_node         TOPIC=/hri/context         SHA256=f83540b369d62d3a3626f4487a33a8fb933121643231b1e0e5d4aeab15d1aac7 DATA={"source": "ContextModel_v1", "environment": "Museum_Gallery", "crowding": "Low"}
2026-05-17 21:35:57,848 | SENDER=motion_node          TOPIC=/hri/motion          SHA256=e8bf62683a5f483a067e90abacc6c67e672c2621617209b280c1f005297fa51b DATA={"source": "MotionModel_v1", "label": "Approaching", "speed_ms": 1.08}
2026-05-17 21:35:57,926 | SENDER=emotion_node         TOPIC=/hri/emotion         SHA256=07d1b20cf76f5acfe8392d055d57b184bce0d401c09383fbdc4a03f808b207a9 DATA={"source": "EmotionModel_v1", "label": "Sad", "confidence": 0.78}
2026-05-17 21:35:58,378 | SENDER=gesture_node         TOPIC=/hri/gesture         SHA256=58973deffa59167d658d90c2cc450855c6c6d02a30bf6c0386bf922b1cadcd2e DATA={"source": "GestureModel_v1", "label": "Stop", "confidence": 0.95}
2026-05-17 21:35:59,692 | SENDER=context_node         TOPIC=/hri/context         SHA256=f83540b369d62d3a3626f4487a33a8fb933121643231b1e0e5d4aeab15d1aac7 DATA={"source": "ContextModel_v1", "environment": "Museum_Gallery", "crowding": "Low"}
2026-05-17 21:35:59,848 | SENDER=motion_node          TOPIC=/hri/motion          SHA256=1e7c1ebed2bc3d1a8154ac3228fb487aeafc26a624f8dd9e66b15872c48693ff DATA={"source": "MotionModel_v1", "label": "Running", "speed_ms": 3.08}
2026-05-17 21:35:59,926 | SENDER=emotion_node         TOPIC=/hri/emotion         SHA256=c9f62e048a71b2b7a2d2b3e01efa596035bef3940f5d6ee245990acc897438b2 DATA={"source": "EmotionModel_v1", "label": "Panicked", "confidence": 0.96}
2026-05-17 21:36:00,377 | SENDER=gesture_node         TOPIC=/hri/gesture         SHA256=360ed7fd856521fd958c783e3921e09bdc53afd0d257c050d1d631e741a75fbb DATA={"source": "GestureModel_v1", "label": "Thumbs_Up", "confidence": 0.92}
2026-05-17 21:36:01,691 | SENDER=context_node         TOPIC=/hri/context         SHA256=b88b3385b15277f264a4977a18a860ce4df5fa37ec2862844eecd37fad4c7813 DATA={"source": "ContextModel_v1", "environment": "Hospital_Corridor", "crowding": "High"}
2026-05-17 21:36:01,848 | SENDER=motion_node          TOPIC=/hri/motion          SHA256=a80a2e0226e1fef86cf70b63e8bccbfd143ff67832653fef49ab14c8551433b9 DATA={"source": "MotionModel_v1", "label": "Wandering", "speed_ms": 0.44}
2026-05-17 21:36:01,926 | SENDER=emotion_node         TOPIC=/hri/emotion         SHA256=ed4682367d4382351dd499e07c5e400137787831a4eb6d2544909d73a744c1b4 DATA={"source": "EmotionModel_v1", "label": "Angry", "confidence": 0.85}
2026-05-17 21:36:02,377 | SENDER=gesture_node         TOPIC=/hri/gesture         SHA256=5fed337a0a41811d63db9d6e9998b6775db60af51dbcca4d2364cde34df5fac4 DATA={"source": "GestureModel_v1", "label": "Stop", "confidence": 0.9}
2026-05-17 21:36:03,694 | SENDER=context_node         TOPIC=/hri/context         SHA256=a64fb3cfbf73edd634404a40b5c36a0c53b982ba75ff4431360d795192f7cd87 DATA={"source": "ContextModel_v1", "environment": "Hospital_Ward", "crowding": "Low"}
2026-05-17 21:36:03,849 | SENDER=motion_node          TOPIC=/hri/motion          SHA256=368f5b74054472e58a8451502675f255f076199f76440bf509165b025be5f5bf DATA={"source": "MotionModel_v1", "label": "Wandering", "speed_ms": 0.23}
2026-05-17 21:36:03,926 | SENDER=emotion_node         TOPIC=/hri/emotion         SHA256=1234be84924a9049244e5859fe0ba0054d1aa37b42680b45029c8cd0ad934b91 DATA={"source": "EmotionModel_v1", "label": "Panicked", "confidence": 0.98}
2026-05-17 21:36:04,378 | SENDER=gesture_node         TOPIC=/hri/gesture         SHA256=af86edf6ee4495d7dc4fdbaeb3805b2c35947be88da925ea476e0d15668fe167 DATA={"source": "GestureModel_v1", "label": "Cross_Arms", "confidence": 0.89}
2026-05-17 21:36:05,692 | SENDER=context_node         TOPIC=/hri/context         SHA256=f83540b369d62d3a3626f4487a33a8fb933121643231b1e0e5d4aeab15d1aac7 DATA={"source": "ContextModel_v1", "environment": "Museum_Gallery", "crowding": "Low"}
2026-05-17 21:36:05,848 | SENDER=motion_node          TOPIC=/hri/motion          SHA256=f7c5ea6d315fb2001204f9bf0d1ba0420b3e0e6ac6ec6036f8c1020180192325 DATA={"source": "MotionModel_v1", "label": "Running", "speed_ms": 2.87}
2026-05-17 21:36:05,927 | SENDER=emotion_node         TOPIC=/hri/emotion         SHA256=aaf114afb03183f34f331041675d78ada5c375f64d858160873bcae1cbdf6edc DATA={"source": "EmotionModel_v1", "label": "Angry", "confidence": 0.91}
2026-05-17 21:36:06,379 | SENDER=gesture_node         TOPIC=/hri/gesture         SHA256=fdea9da89496b551be658a7c3da499ee1a917f963e7fa137772c70fcb33de972 DATA={"source": "GestureModel_v1", "label": "Beckon", "confidence": 0.9}
2026-05-17 21:36:07,692 | SENDER=context_node         TOPIC=/hri/context         SHA256=4f7f3e509d2a45b70dab96481bdeba99e5dd5787b28f81fbd5e9933a5b67478b DATA={"source": "ContextModel_v1", "environment": "Hospital_Reception", "crowding": "Medium"}
2026-05-17 21:36:07,848 | SENDER=motion_node          TOPIC=/hri/motion          SHA256=12774716abeac4c61dc67150de937b1e258415fe6ea22dd18d0f5019bd6b19d1 DATA={"source": "MotionModel_v1", "label": "Wandering", "speed_ms": 0.5}
2026-05-17 21:36:07,927 | SENDER=emotion_node         TOPIC=/hri/emotion         SHA256=5f56a2e6ea91db0269fb4bf51ad86c0ba9ce4b3e5985ae2e37c950e0f900a6e0 DATA={"source": "EmotionModel_v1", "label": "Neutral", "confidence": 0.92}
2026-05-17 21:36:08,378 | SENDER=gesture_node         TOPIC=/hri/gesture         SHA256=fe1ac882e5c284ef3f3faba2d64e2bacdf8c088b3b07eef400dfd00c66b4d12f DATA={"source": "GestureModel_v1", "label": "Thumbs_Up", "confidence": 0.83}
2026-05-17 21:36:09,693 | SENDER=context_node         TOPIC=/hri/context         SHA256=b88b3385b15277f264a4977a18a860ce4df5fa37ec2862844eecd37fad4c7813 DATA={"source": "ContextModel_v1", "environment": "Hospital_Corridor", "crowding": "High"}
2026-05-17 21:36:09,848 | SENDER=motion_node          TOPIC=/hri/motion          SHA256=de35e8fc45278d0d1663fff6b3d6885c7acfd727af1aab9b7b04a97b170cfeef DATA={"source": "MotionModel_v1", "label": "Wandering", "speed_ms": 0.53}
2026-05-17 21:36:09,927 | SENDER=emotion_node         TOPIC=/hri/emotion         SHA256=209f12299bf832daf2acca5bd20d94ced3b9001fe96624a0efc4aded1042fe65 DATA={"source": "EmotionModel_v1", "label": "Angry", "confidence": 0.77}
2026-05-17 21:36:10,378 | SENDER=gesture_node         TOPIC=/hri/gesture         SHA256=1c26f0b6d9044fdafa1762a023dd598d667da44f5a8a353920b5a5dd5ffb649e DATA={"source": "GestureModel_v1", "label": "Beckon", "confidence": 0.89}
2026-05-17 21:36:12,850 | SENDER=context_node         TOPIC=/hri/context         SHA256=0328fe086d7abbbd5cc66066c96aec10db560086a0f840535d8d2da0875519d9 DATA={"source": "ContextModel_v1", "environment": "Retail_Aisle", "crowding": "Medium"}
2026-05-17 21:36:13,008 | SENDER=motion_node          TOPIC=/hri/motion          SHA256=a367a901eea94efe4488dd81d4103762b49b3314da80c9bad5c70f490cc5af80 DATA={"source": "MotionModel_v1", "label": "Wandering", "speed_ms": 0.69}
2026-05-17 21:36:13,085 | SENDER=emotion_node         TOPIC=/hri/emotion         SHA256=711685edb11d7f7975b724d921bc9e0c32030b2cc3a9ac2563d875694436b2bc DATA={"source": "EmotionModel_v1", "label": "Sad", "confidence": 0.82}
2026-05-17 21:36:13,537 | SENDER=gesture_node         TOPIC=/hri/gesture         SHA256=f8c1e183c4fcefe7027020d7a9e91c173e5bc8d66e5ff5dd8a7fa1a395cc3836 DATA={"source": "GestureModel_v1", "label": "Wave", "confidence": 0.89}
2026-05-17 21:36:13,691 | SENDER=context_node         TOPIC=/hri/context         SHA256=4f7f3e509d2a45b70dab96481bdeba99e5dd5787b28f81fbd5e9933a5b67478b DATA={"source": "ContextModel_v1", "environment": "Hospital_Reception", "crowding": "Medium"}
2026-05-17 21:36:13,849 | SENDER=motion_node          TOPIC=/hri/motion          SHA256=e11b7cd5c27f55986bd88915c50afd2f7163b42205ef7f4960fb1df9462c8b30 DATA={"source": "MotionModel_v1", "label": "Wandering", "speed_ms": 0.47}
2026-05-17 21:36:13,927 | SENDER=emotion_node         TOPIC=/hri/emotion         SHA256=003585fd167f61cac7b5f185b4559b1326f928d6d22ff3679164d2ae0adacf95 DATA={"source": "EmotionModel_v1", "label": "Happy", "confidence": 0.94}
2026-05-17 21:36:14,378 | SENDER=gesture_node         TOPIC=/hri/gesture         SHA256=4811bf4d8ef8729831d87bd1c5fdac446b9be8533584c275d6c2378e09e8cffe DATA={"source": "GestureModel_v1", "label": "Cross_Arms", "confidence": 0.88}
2026-05-17 21:36:15,691 | SENDER=context_node         TOPIC=/hri/context         SHA256=f83540b369d62d3a3626f4487a33a8fb933121643231b1e0e5d4aeab15d1aac7 DATA={"source": "ContextModel_v1", "environment": "Museum_Gallery", "crowding": "Low"}
2026-05-17 21:36:15,849 | SENDER=motion_node          TOPIC=/hri/motion          SHA256=96a3ebc3b3cfb948cdd0dfc502343054a617d374415a95f764e97ddc04029648 DATA={"source": "MotionModel_v1", "label": "Retreating", "speed_ms": 0.49}
2026-05-17 21:36:15,927 | SENDER=emotion_node         TOPIC=/hri/emotion         SHA256=8ff5f9c21910132b4ba60fb0fbc153cd9bfe6294e71b6f983095acf055823c35 DATA={"source": "EmotionModel_v1", "label": "Angry", "confidence": 0.8}
2026-05-17 21:36:16,377 | SENDER=gesture_node         TOPIC=/hri/gesture         SHA256=ff791522bd7f91043fa4240733a276a7ea3cc81761af1f1759a1d59910f2846f DATA={"source": "GestureModel_v1", "label": "Beckon", "confidence": 0.87}
2026-05-17 21:36:17,691 | SENDER=context_node         TOPIC=/hri/context         SHA256=0328fe086d7abbbd5cc66066c96aec10db560086a0f840535d8d2da0875519d9 DATA={"source": "ContextModel_v1", "environment": "Retail_Aisle", "crowding": "Medium"}
2026-05-17 21:36:17,849 | SENDER=motion_node          TOPIC=/hri/motion          SHA256=885c1d3b05b57794bd4553ada0358b04c5ba1b343bace41b3ceec742f66465c7 DATA={"source": "MotionModel_v1", "label": "Stationary", "speed_ms": 0.02}
2026-05-17 21:36:17,927 | SENDER=emotion_node         TOPIC=/hri/emotion         SHA256=3a98de9da719fee6ab907bdae0a4b63a5338cd5475d0e485f5b84c94f98260cf DATA={"source": "EmotionModel_v1", "label": "Neutral", "confidence": 0.9}
2026-05-17 21:36:18,379 | SENDER=gesture_node         TOPIC=/hri/gesture         SHA256=af86edf6ee4495d7dc4fdbaeb3805b2c35947be88da925ea476e0d15668fe167 DATA={"source": "GestureModel_v1", "label": "Cross_Arms", "confidence": 0.89}
2026-05-17 21:36:19,692 | SENDER=context_node         TOPIC=/hri/context         SHA256=4f7f3e509d2a45b70dab96481bdeba99e5dd5787b28f81fbd5e9933a5b67478b DATA={"source": "ContextModel_v1", "environment": "Hospital_Reception", "crowding": "Medium"}
2026-05-17 21:36:19,848 | SENDER=motion_node          TOPIC=/hri/motion          SHA256=7d4c27d76ab8355d226cc9600e38769bf223851755cf45253cd3d36bb7432a98 DATA={"source": "MotionModel_v1", "label": "Approaching", "speed_ms": 0.9}
2026-05-17 21:36:19,928 | SENDER=emotion_node         TOPIC=/hri/emotion         SHA256=2a015f6639b60b948d636ecafda16b2a6c68bdd68bd8f48c96f231733e44a09f DATA={"source": "EmotionModel_v1", "label": "Neutral", "confidence": 0.88}
2026-05-17 21:36:20,378 | SENDER=gesture_node         TOPIC=/hri/gesture         SHA256=d08bf1d062c8563e27397a25cd35892bc811731dee80beff2ea030173d6c2d16 DATA={"source": "GestureModel_v1", "label": "Thumbs_Up", "confidence": 0.86}
2026-05-17 21:36:21,692 | SENDER=context_node         TOPIC=/hri/context         SHA256=4f7f3e509d2a45b70dab96481bdeba99e5dd5787b28f81fbd5e9933a5b67478b DATA={"source": "ContextModel_v1", "environment": "Hospital_Reception", "crowding": "Medium"}
2026-05-17 21:36:21,848 | SENDER=motion_node          TOPIC=/hri/motion          SHA256=52349ee7577f8cc8a9b4b3169980bb5d4a2b80c459b7520490becfd6dc240ed2 DATA={"source": "MotionModel_v1", "label": "Running", "speed_ms": 3.2}
2026-05-17 21:36:21,926 | SENDER=emotion_node         TOPIC=/hri/emotion         SHA256=bd7df66e589fc65612ba80c9511f32ca0bd95b51c08bff4643c46f4c26640c83 DATA={"source": "EmotionModel_v1", "label": "Panicked", "confidence": 0.94}
2026-05-17 21:36:22,377 | SENDER=gesture_node         TOPIC=/hri/gesture         SHA256=1d27a478ca4ab9822d3040f1cd6fca839b3ab9eafc4cbeaa895e44c33aac6f01 DATA={"source": "GestureModel_v1", "label": "Thumbs_Up", "confidence": 0.84}
2026-05-17 21:36:23,692 | SENDER=context_node         TOPIC=/hri/context         SHA256=b88b3385b15277f264a4977a18a860ce4df5fa37ec2862844eecd37fad4c7813 DATA={"source": "ContextModel_v1", "environment": "Hospital_Corridor", "crowding": "High"}
2026-05-17 21:36:23,848 | SENDER=motion_node          TOPIC=/hri/motion          SHA256=a359a737c4a8f83de8a70af073b343f97c0726f835bbb4dbf1d97bf7ee31880f DATA={"source": "MotionModel_v1", "label": "Stationary", "speed_ms": 0.07}
2026-05-17 21:36:23,926 | SENDER=emotion_node         TOPIC=/hri/emotion         SHA256=1a6b6cd8ce54374fcf1708ed772ae33dc72925ef1859d2984c199c36d21e8af5 DATA={"source": "EmotionModel_v1", "label": "Sad", "confidence": 0.87}
2026-05-17 21:36:24,378 | SENDER=gesture_node         TOPIC=/hri/gesture         SHA256=840bb44f9fb88f4805cc7472a662ab90e20618588a903cae2e350f546981f248 DATA={"source": "GestureModel_v1", "label": "Point", "confidence": 0.87}
2026-05-17 21:36:25,691 | SENDER=context_node         TOPIC=/hri/context         SHA256=f83540b369d62d3a3626f4487a33a8fb933121643231b1e0e5d4aeab15d1aac7 DATA={"source": "ContextModel_v1", "environment": "Museum_Gallery", "crowding": "Low"}
2026-05-17 21:36:25,848 | SENDER=motion_node          TOPIC=/hri/motion          SHA256=93215727e93bfa8a8ddaa11b4cfafc507bda5babb5929384af273c00d256b4ae DATA={"source": "MotionModel_v1", "label": "Running", "speed_ms": 2.43}
2026-05-17 21:36:25,926 | SENDER=emotion_node         TOPIC=/hri/emotion         SHA256=003585fd167f61cac7b5f185b4559b1326f928d6d22ff3679164d2ae0adacf95 DATA={"source": "EmotionModel_v1", "label": "Happy", "confidence": 0.94}
2026-05-17 21:36:26,379 | SENDER=gesture_node         TOPIC=/hri/gesture         SHA256=38c1a32a546f9b7d0dc9fbb5f049ef020c76fb3bcaddc253d8273051dd25311f DATA={"source": "GestureModel_v1", "label": "Point", "confidence": 0.9}
2026-05-17 21:36:27,693 | SENDER=context_node         TOPIC=/hri/context         SHA256=f83540b369d62d3a3626f4487a33a8fb933121643231b1e0e5d4aeab15d1aac7 DATA={"source": "ContextModel_v1", "environment": "Museum_Gallery", "crowding": "Low"}
2026-05-17 21:36:27,848 | SENDER=motion_node          TOPIC=/hri/motion          SHA256=2c37b6337d616cd8a51669c8b0d33c63fbd0316bd023de0bee1ea63b87992896 DATA={"source": "MotionModel_v1", "label": "Wandering", "speed_ms": 0.35}
2026-05-17 21:36:27,926 | SENDER=emotion_node         TOPIC=/hri/emotion         SHA256=759e6c14dfe29e4be0a7725f0f8ce23804ca4e0b14d25a8ad9a90ac97abd8be6 DATA={"source": "EmotionModel_v1", "label": "Sad", "confidence": 0.85}
2026-05-17 21:36:28,378 | SENDER=gesture_node         TOPIC=/hri/gesture         SHA256=3279851d7c516d167854e919eb80987f7ab72a3a4351ea05a7d402b0f22d7efb DATA={"source": "GestureModel_v1", "label": "Point", "confidence": 0.84}
2026-05-17 21:36:29,691 | SENDER=context_node         TOPIC=/hri/context         SHA256=0328fe086d7abbbd5cc66066c96aec10db560086a0f840535d8d2da0875519d9 DATA={"source": "ContextModel_v1", "environment": "Retail_Aisle", "crowding": "Medium"}
2026-05-17 21:36:29,848 | SENDER=motion_node          TOPIC=/hri/motion          SHA256=96a3ebc3b3cfb948cdd0dfc502343054a617d374415a95f764e97ddc04029648 DATA={"source": "MotionModel_v1", "label": "Retreating", "speed_ms": 0.49}
2026-05-17 21:36:29,926 | SENDER=emotion_node         TOPIC=/hri/emotion         SHA256=a44bc912b5604b2f3a0f393ac260493be3e0e92bdbb7f67ea569ae6e7c06746e DATA={"source": "EmotionModel_v1", "label": "Angry", "confidence": 0.81}
2026-05-17 21:36:30,380 | SENDER=gesture_node         TOPIC=/hri/gesture         SHA256=0487e2d6540d8af054e8f92b43ea740b690f8e3f8053f81c2b322e4229a7b9c3 DATA={"source": "GestureModel_v1", "label": "Thumbs_Up", "confidence": 0.91}
2026-05-17 21:36:31,691 | SENDER=context_node         TOPIC=/hri/context         SHA256=f83540b369d62d3a3626f4487a33a8fb933121643231b1e0e5d4aeab15d1aac7 DATA={"source": "ContextModel_v1", "environment": "Museum_Gallery", "crowding": "Low"}
2026-05-17 21:36:31,848 | SENDER=motion_node          TOPIC=/hri/motion          SHA256=0d61f213b6f40f2828d8f86e25ddbf3684fb49d23aa3c12573eebd6aea2f3865 DATA={"source": "MotionModel_v1", "label": "Retreating", "speed_ms": 0.36}
2026-05-17 21:36:31,926 | SENDER=emotion_node         TOPIC=/hri/emotion         SHA256=d4a549860a7887653c3b68fe9b41a6fe75993a0f79759dfd5062c3fad0c2ca88 DATA={"source": "EmotionModel_v1", "label": "Neutral", "confidence": 0.93}
2026-05-17 21:36:32,377 | SENDER=gesture_node         TOPIC=/hri/gesture         SHA256=fe1ac882e5c284ef3f3faba2d64e2bacdf8c088b3b07eef400dfd00c66b4d12f DATA={"source": "GestureModel_v1", "label": "Thumbs_Up", "confidence": 0.83}
2026-05-17 21:36:33,691 | SENDER=context_node         TOPIC=/hri/context         SHA256=f83540b369d62d3a3626f4487a33a8fb933121643231b1e0e5d4aeab15d1aac7 DATA={"source": "ContextModel_v1", "environment": "Museum_Gallery", "crowding": "Low"}
2026-05-17 21:36:33,848 | SENDER=motion_node          TOPIC=/hri/motion          SHA256=645aa345ba0ec717b858ccf1295930e369161b35d5e9212c91fca635c66f38b3 DATA={"source": "MotionModel_v1", "label": "Running", "speed_ms": 1.82}
2026-05-17 21:36:33,989 | SENDER=emotion_node         TOPIC=/hri/emotion         SHA256=fadaa5f34aa75e68c53a9c4886c1b7c4ea635e21a6aecdbd53099b9c8f9a2646 DATA={"source": "EmotionModel_v1", "label": "Sad", "confidence": 0.84}
2026-05-17 21:36:34,377 | SENDER=gesture_node         TOPIC=/hri/gesture         SHA256=58973deffa59167d658d90c2cc450855c6c6d02a30bf6c0386bf922b1cadcd2e DATA={"source": "GestureModel_v1", "label": "Stop", "confidence": 0.95}
2026-05-17 21:36:35,691 | SENDER=context_node         TOPIC=/hri/context         SHA256=4f7f3e509d2a45b70dab96481bdeba99e5dd5787b28f81fbd5e9933a5b67478b DATA={"source": "ContextModel_v1", "environment": "Hospital_Reception", "crowding": "Medium"}
2026-05-17 21:36:35,848 | SENDER=motion_node          TOPIC=/hri/motion          SHA256=a9fd062e8c4ac86dd371cfb10f2c1605bb08cb5463ecadd2375fbd95e4eb4eea DATA={"source": "MotionModel_v1", "label": "Retreating", "speed_ms": 0.43}
2026-05-17 21:36:35,927 | SENDER=emotion_node         TOPIC=/hri/emotion         SHA256=759e6c14dfe29e4be0a7725f0f8ce23804ca4e0b14d25a8ad9a90ac97abd8be6 DATA={"source": "EmotionModel_v1", "label": "Sad", "confidence": 0.85}
2026-05-17 21:36:36,377 | SENDER=gesture_node         TOPIC=/hri/gesture         SHA256=b7e9f74bceb3675a802434847049e10690a0b4ae22f74bb70b7698bea2ca39fc DATA={"source": "GestureModel_v1", "label": "Point", "confidence": 0.82}
2026-05-17 21:36:37,691 | SENDER=context_node         TOPIC=/hri/context         SHA256=0328fe086d7abbbd5cc66066c96aec10db560086a0f840535d8d2da0875519d9 DATA={"source": "ContextModel_v1", "environment": "Retail_Aisle", "crowding": "Medium"}
2026-05-17 21:36:37,848 | SENDER=motion_node          TOPIC=/hri/motion          SHA256=515e5c1e86e4d0bbed32a0b4d415c8adc8bf3e01a43b15b6536b8997c40535a1 DATA={"source": "MotionModel_v1", "label": "Stationary", "speed_ms": 0.05}
2026-05-17 21:36:37,926 | SENDER=emotion_node         TOPIC=/hri/emotion         SHA256=cb2e003d9f5fbe76bee13448067af71cf562ef517fc312e7eab895fc471d51cd DATA={"source": "EmotionModel_v1", "label": "Confused", "confidence": 0.84}
2026-05-17 21:36:38,377 | SENDER=gesture_node         TOPIC=/hri/gesture         SHA256=ab0c738f88aa89f042fa5de523b57602eb39ca46f6a33a9c066709723504c33b DATA={"source": "GestureModel_v1", "label": "Wave", "confidence": 0.87}
2026-05-17 21:36:39,747 | SENDER=context_node         TOPIC=/hri/context         SHA256=4f7f3e509d2a45b70dab96481bdeba99e5dd5787b28f81fbd5e9933a5b67478b DATA={"source": "ContextModel_v1", "environment": "Hospital_Reception", "crowding": "Medium"}
2026-05-17 21:36:39,926 | SENDER=emotion_node         TOPIC=/hri/emotion         SHA256=9c3a6d92f4d460c51551e184fafb9f9f41552534d0d7adf16bddfea14a771c37 DATA={"source": "EmotionModel_v1", "label": "Sad", "confidence": 0.86}
2026-05-17 21:36:39,942 | SENDER=motion_node          TOPIC=/hri/motion          SHA256=10a19486490dc0f5b04be086f46dce6a1aa9fdfa85c36e409b96e4d120982414 DATA={"source": "MotionModel_v1", "label": "Approaching", "speed_ms": 0.99}
2026-05-17 21:36:40,377 | SENDER=gesture_node         TOPIC=/hri/gesture         SHA256=1058856b663e44ff9e634809405a74d7f4a4937056fadf2d0fadfdd8f23d16bf DATA={"source": "GestureModel_v1", "label": "Thumbs_Up", "confidence": 0.82}
2026-05-17 21:36:41,695 | SENDER=context_node         TOPIC=/hri/context         SHA256=a64fb3cfbf73edd634404a40b5c36a0c53b982ba75ff4431360d795192f7cd87 DATA={"source": "ContextModel_v1", "environment": "Hospital_Ward", "crowding": "Low"}
2026-05-17 21:36:41,849 | SENDER=motion_node          TOPIC=/hri/motion          SHA256=887cbb35575fd9020475f3ba1c2474993905791e24b9b8f9f723ada418e6cbfe DATA={"source": "MotionModel_v1", "label": "Wandering", "speed_ms": 0.54}
2026-05-17 21:36:41,927 | SENDER=emotion_node         TOPIC=/hri/emotion         SHA256=28969e8509e56f7ffa6a700e27d708c9ff6c3a4a5240eaeddd1bad1f9fdc748c DATA={"source": "EmotionModel_v1", "label": "Confused", "confidence": 0.87}
2026-05-17 21:36:42,378 | SENDER=gesture_node         TOPIC=/hri/gesture         SHA256=f3a5e9fd5f47af06408d6a01da4f6c1cef0aabb11188d59709928a9a43a32fa8 DATA={"source": "GestureModel_v1", "label": "Wave", "confidence": 0.86}
2026-05-17 21:36:43,695 | SENDER=context_node         TOPIC=/hri/context         SHA256=a64fb3cfbf73edd634404a40b5c36a0c53b982ba75ff4431360d795192f7cd87 DATA={"source": "ContextModel_v1", "environment": "Hospital_Ward", "crowding": "Low"}
2026-05-17 21:36:43,848 | SENDER=motion_node          TOPIC=/hri/motion          SHA256=12c59bad63a9e0a237d8cd5b0c4d63b06ccf55062d92339d6ba4381723e5162b DATA={"source": "MotionModel_v1", "label": "Retreating", "speed_ms": 0.38}
2026-05-17 21:36:43,926 | SENDER=emotion_node         TOPIC=/hri/emotion         SHA256=542cb0a557d680d2be3b4f1acda147bc296a1cc1f892f397b93700b4f170d620 DATA={"source": "EmotionModel_v1", "label": "Panicked", "confidence": 0.86}
2026-05-17 21:36:45,552 | SENDER=gesture_node         TOPIC=/hri/gesture         SHA256=c207a55977ac3af6d49b846463e0b831a7927f035f6f7bd91f1b793eeaec6caa DATA={"source": "GestureModel_v1", "label": "Cross_Arms", "confidence": 0.91}
2026-05-17 21:36:46,378 | SENDER=gesture_node         TOPIC=/hri/gesture         SHA256=360ed7fd856521fd958c783e3921e09bdc53afd0d257c050d1d631e741a75fbb DATA={"source": "GestureModel_v1", "label": "Thumbs_Up", "confidence": 0.92}
2026-05-17 21:36:46,866 | SENDER=context_node         TOPIC=/hri/context         SHA256=f83540b369d62d3a3626f4487a33a8fb933121643231b1e0e5d4aeab15d1aac7 DATA={"source": "ContextModel_v1", "environment": "Museum_Gallery", "crowding": "Low"}
2026-05-17 21:36:47,023 | SENDER=motion_node          TOPIC=/hri/motion          SHA256=95202b33b78cc47d93c212569b4cda1f2c0da4de9134077bca181191a85d9911 DATA={"source": "MotionModel_v1", "label": "Running", "speed_ms": 2.08}
2026-05-17 21:36:47,101 | SENDER=emotion_node         TOPIC=/hri/emotion         SHA256=ffef0e61838b4d3847a5d28f0d483cc64f698ed94db5218284fa7abcf27ce101 DATA={"source": "EmotionModel_v1", "label": "Neutral", "confidence": 0.8}
2026-05-17 21:36:47,691 | SENDER=context_node         TOPIC=/hri/context         SHA256=f83540b369d62d3a3626f4487a33a8fb933121643231b1e0e5d4aeab15d1aac7 DATA={"source": "ContextModel_v1", "environment": "Museum_Gallery", "crowding": "Low"}
2026-05-17 21:36:47,848 | SENDER=motion_node          TOPIC=/hri/motion          SHA256=c2f4356fb24ec78513297f9742b5f21268fe5387d3649772e0db5a6ed6f8e137 DATA={"source": "MotionModel_v1", "label": "Retreating", "speed_ms": 0.73}
2026-05-17 21:36:47,927 | SENDER=emotion_node         TOPIC=/hri/emotion         SHA256=68d9a54c36e749733e6d72908a91e4bc96e43c189d1488e01d780c25678f9ff1 DATA={"source": "EmotionModel_v1", "label": "Sad", "confidence": 0.89}
2026-05-17 21:36:48,378 | SENDER=gesture_node         TOPIC=/hri/gesture         SHA256=ff791522bd7f91043fa4240733a276a7ea3cc81761af1f1759a1d59910f2846f DATA={"source": "GestureModel_v1", "label": "Beckon", "confidence": 0.87}
2026-05-17 21:36:49,691 | SENDER=context_node         TOPIC=/hri/context         SHA256=4f7f3e509d2a45b70dab96481bdeba99e5dd5787b28f81fbd5e9933a5b67478b DATA={"source": "ContextModel_v1", "environment": "Hospital_Reception", "crowding": "Medium"}
2026-05-17 21:36:49,850 | SENDER=motion_node          TOPIC=/hri/motion          SHA256=0f3221253ddbc68ec5960c6103a1baa1fd4258c2b4eb723b0b6dc4eddb1e95ef DATA={"source": "MotionModel_v1", "label": "Retreating", "speed_ms": 0.84}
2026-05-17 21:36:49,926 | SENDER=emotion_node         TOPIC=/hri/emotion         SHA256=aaf114afb03183f34f331041675d78ada5c375f64d858160873bcae1cbdf6edc DATA={"source": "EmotionModel_v1", "label": "Angry", "confidence": 0.91}
2026-05-17 21:36:50,377 | SENDER=gesture_node         TOPIC=/hri/gesture         SHA256=ebd25a530fc8fd069779b4d49d56b982d92760d46b5fe301254eac92c2fc909e DATA={"source": "GestureModel_v1", "label": "Point", "confidence": 0.8}
2026-05-17 21:36:51,691 | SENDER=context_node         TOPIC=/hri/context         SHA256=0328fe086d7abbbd5cc66066c96aec10db560086a0f840535d8d2da0875519d9 DATA={"source": "ContextModel_v1", "environment": "Retail_Aisle", "crowding": "Medium"}
2026-05-17 21:36:51,850 | SENDER=motion_node          TOPIC=/hri/motion          SHA256=0a22a9e8ed96ea7a3b8c99534fa58e6447c6ca6502190ef909f33291fa511f7f DATA={"source": "MotionModel_v1", "label": "Stationary", "speed_ms": 0.03}
2026-05-17 21:36:51,926 | SENDER=emotion_node         TOPIC=/hri/emotion         SHA256=29d84c84411ab175865edb4e0e16a4a4e6ee6eedd5cbec349b55dd55428e4b47 DATA={"source": "EmotionModel_v1", "label": "Confused", "confidence": 0.8}
2026-05-17 21:36:52,378 | SENDER=gesture_node         TOPIC=/hri/gesture         SHA256=531aa4915ea5bd4a6acb19e1014364d88b05dc5d27c74024e3a94b63d1bfaac6 DATA={"source": "GestureModel_v1", "label": "Thumbs_Up", "confidence": 0.94}
2026-05-17 21:36:53,691 | SENDER=context_node         TOPIC=/hri/context         SHA256=0328fe086d7abbbd5cc66066c96aec10db560086a0f840535d8d2da0875519d9 DATA={"source": "ContextModel_v1", "environment": "Retail_Aisle", "crowding": "Medium"}
2026-05-17 21:36:53,848 | SENDER=motion_node          TOPIC=/hri/motion          SHA256=c3e873cbb821250d0136c518e6c16d9ecceb92d3ebe190f6d056fc320733f6ac DATA={"source": "MotionModel_v1", "label": "Approaching", "speed_ms": 1.2}
2026-05-17 21:36:53,926 | SENDER=emotion_node         TOPIC=/hri/emotion         SHA256=ef8388a1c703316d6759d42afc8840c8134c7ac51660cbd318c7c2f89ecfe58a DATA={"source": "EmotionModel_v1", "label": "Happy", "confidence": 0.9}
2026-05-17 21:36:54,378 | SENDER=gesture_node         TOPIC=/hri/gesture         SHA256=721bd19713e8d22af1a91566b14fbf22e8c148699b69ae10ba23de17f887208b DATA={"source": "GestureModel_v1", "label": "Stop", "confidence": 0.92}
2026-05-17 21:36:55,693 | SENDER=context_node         TOPIC=/hri/context         SHA256=f83540b369d62d3a3626f4487a33a8fb933121643231b1e0e5d4aeab15d1aac7 DATA={"source": "ContextModel_v1", "environment": "Museum_Gallery", "crowding": "Low"}
2026-05-17 21:36:55,849 | SENDER=motion_node          TOPIC=/hri/motion          SHA256=2f86b70f9115f538e632ef47af54b54ab21cce9401fac62bb4b60727eda1bb5c DATA={"source": "MotionModel_v1", "label": "Stationary", "speed_ms": 0.04}
2026-05-17 21:36:55,927 | SENDER=emotion_node         TOPIC=/hri/emotion         SHA256=b1b6ae86a9609b1d32e1fc2ad5ce71c410e80d992a52d3150327ed2c5a13d5d0 DATA={"source": "EmotionModel_v1", "label": "Happy", "confidence": 0.96}
2026-05-17 21:36:56,378 | SENDER=gesture_node         TOPIC=/hri/gesture         SHA256=5fed337a0a41811d63db9d6e9998b6775db60af51dbcca4d2364cde34df5fac4 DATA={"source": "GestureModel_v1", "label": "Stop", "confidence": 0.9}
2026-05-17 21:36:57,693 | SENDER=context_node         TOPIC=/hri/context         SHA256=0328fe086d7abbbd5cc66066c96aec10db560086a0f840535d8d2da0875519d9 DATA={"source": "ContextModel_v1", "environment": "Retail_Aisle", "crowding": "Medium"}
2026-05-17 21:36:57,849 | SENDER=motion_node          TOPIC=/hri/motion          SHA256=e9b301eb421a3f4186a5f1ba296f3ac79ff1136a94f6b55ccefd24e45722e2dd DATA={"source": "MotionModel_v1", "label": "Approaching", "speed_ms": 0.72}
2026-05-17 21:36:57,926 | SENDER=emotion_node         TOPIC=/hri/emotion         SHA256=d91a3aa5e19a1c40cd82936f1e52a51856feb9b0a9aa81c9216570eba6ab60d2 DATA={"source": "EmotionModel_v1", "label": "Panicked", "confidence": 0.97}
2026-05-17 21:36:58,378 | SENDER=gesture_node         TOPIC=/hri/gesture         SHA256=4205621ed303fae6f5e5da63ada00cf83e4bf6ef8b07632c5feb2d0d235b3d30 DATA={"source": "GestureModel_v1", "label": "Point", "confidence": 0.88}
2026-05-17 21:36:59,691 | SENDER=context_node         TOPIC=/hri/context         SHA256=0328fe086d7abbbd5cc66066c96aec10db560086a0f840535d8d2da0875519d9 DATA={"source": "ContextModel_v1", "environment": "Retail_Aisle", "crowding": "Medium"}
2026-05-17 21:36:59,848 | SENDER=motion_node          TOPIC=/hri/motion          SHA256=a170877fd57d92a5cc9c3a8939dc2be100bf549a4cca37df39b3fca1b38907eb DATA={"source": "MotionModel_v1", "label": "Retreating", "speed_ms": 0.81}
2026-05-17 21:36:59,927 | SENDER=emotion_node         TOPIC=/hri/emotion         SHA256=75564a1282a304f3258327c33131cd0bdc88e76a79bf7b8a4bc6a7b658f10348 DATA={"source": "EmotionModel_v1", "label": "Panicked", "confidence": 0.88}
2026-05-17 21:37:00,377 | SENDER=gesture_node         TOPIC=/hri/gesture         SHA256=0af1ed4d53f9ad3ab12d0f8ba5c5ded386c66457545958e23cac05adbfcade55 DATA={"source": "GestureModel_v1", "label": "Stop", "confidence": 0.93}
2026-05-17 21:37:01,691 | SENDER=context_node         TOPIC=/hri/context         SHA256=0328fe086d7abbbd5cc66066c96aec10db560086a0f840535d8d2da0875519d9 DATA={"source": "ContextModel_v1", "environment": "Retail_Aisle", "crowding": "Medium"}
2026-05-17 21:37:01,848 | SENDER=motion_node          TOPIC=/hri/motion          SHA256=34621b7202708b2d3edd97b2e634d160e28fe764809bfecbfbc7af79ff1e9331 DATA={"source": "MotionModel_v1", "label": "Running", "speed_ms": 2.31}
2026-05-17 21:37:01,926 | SENDER=emotion_node         TOPIC=/hri/emotion         SHA256=2a015f6639b60b948d636ecafda16b2a6c68bdd68bd8f48c96f231733e44a09f DATA={"source": "EmotionModel_v1", "label": "Neutral", "confidence": 0.88}
2026-05-17 21:37:02,377 | SENDER=gesture_node         TOPIC=/hri/gesture         SHA256=5fed337a0a41811d63db9d6e9998b6775db60af51dbcca4d2364cde34df5fac4 DATA={"source": "GestureModel_v1", "label": "Stop", "confidence": 0.9}
2026-05-17 21:37:03,692 | SENDER=context_node         TOPIC=/hri/context         SHA256=4f7f3e509d2a45b70dab96481bdeba99e5dd5787b28f81fbd5e9933a5b67478b DATA={"source": "ContextModel_v1", "environment": "Hospital_Reception", "crowding": "Medium"}
2026-05-17 21:37:03,848 | SENDER=motion_node          TOPIC=/hri/motion          SHA256=fcbaf53c62e7d4b0447401c35731ed7734ba5795f01b4ebcaac9ddb492e7f748 DATA={"source": "MotionModel_v1", "label": "Running", "speed_ms": 2.7}
2026-05-17 21:37:03,926 | SENDER=emotion_node         TOPIC=/hri/emotion         SHA256=fb8e1603c1c878d9bde4256305bb541a522e9d71e8619861d7913c31ba0de47e DATA={"source": "EmotionModel_v1", "label": "Confused", "confidence": 0.81}
2026-05-17 21:37:04,377 | SENDER=gesture_node         TOPIC=/hri/gesture         SHA256=0af1ed4d53f9ad3ab12d0f8ba5c5ded386c66457545958e23cac05adbfcade55 DATA={"source": "GestureModel_v1", "label": "Stop", "confidence": 0.93}
2026-05-17 21:37:05,691 | SENDER=context_node         TOPIC=/hri/context         SHA256=f83540b369d62d3a3626f4487a33a8fb933121643231b1e0e5d4aeab15d1aac7 DATA={"source": "ContextModel_v1", "environment": "Museum_Gallery", "crowding": "Low"}
2026-05-17 21:37:05,848 | SENDER=motion_node          TOPIC=/hri/motion          SHA256=f306eeabc06add98d8bf3dcdaf2cbcb9958227b96469c9ed3423c7a2190d0ed6 DATA={"source": "MotionModel_v1", "label": "Retreating", "speed_ms": 0.57}
2026-05-17 21:37:05,926 | SENDER=emotion_node         TOPIC=/hri/emotion         SHA256=21b8d3facfd69e37dd7c79e05619c7e3cab414c0b9e7dd6bf6f2f8eaba7eed36 DATA={"source": "EmotionModel_v1", "label": "Happy", "confidence": 0.91}
2026-05-17 21:37:06,378 | SENDER=gesture_node         TOPIC=/hri/gesture         SHA256=58fc96a63f43bf5ce2f18d1ef46c6c39612305ca9fffd5d627feb24785ed2036 DATA={"source": "GestureModel_v1", "label": "Thumbs_Up", "confidence": 0.95}
2026-05-17 21:37:07,691 | SENDER=context_node         TOPIC=/hri/context         SHA256=4f7f3e509d2a45b70dab96481bdeba99e5dd5787b28f81fbd5e9933a5b67478b DATA={"source": "ContextModel_v1", "environment": "Hospital_Reception", "crowding": "Medium"}
2026-05-17 21:37:07,851 | SENDER=motion_node          TOPIC=/hri/motion          SHA256=e55693194696d5a9870d42c1b3cbfd6b92a09870db3fee613de0be8e22c0dccf DATA={"source": "MotionModel_v1", "label": "Running", "speed_ms": 2.23}
2026-05-17 21:37:07,926 | SENDER=emotion_node         TOPIC=/hri/emotion         SHA256=003585fd167f61cac7b5f185b4559b1326f928d6d22ff3679164d2ae0adacf95 DATA={"source": "EmotionModel_v1", "label": "Happy", "confidence": 0.94}
2026-05-17 21:37:08,378 | SENDER=gesture_node         TOPIC=/hri/gesture         SHA256=e8359e0ba7fccbb3f51c88c863ceb2d581caa47f5f71b2a1aa902cf2b1a7d2f3 DATA={"source": "GestureModel_v1", "label": "Cross_Arms", "confidence": 0.81}
2026-05-17 21:37:09,691 | SENDER=context_node         TOPIC=/hri/context         SHA256=f83540b369d62d3a3626f4487a33a8fb933121643231b1e0e5d4aeab15d1aac7 DATA={"source": "ContextModel_v1", "environment": "Museum_Gallery", "crowding": "Low"}
2026-05-17 21:37:09,850 | SENDER=motion_node          TOPIC=/hri/motion          SHA256=2f86b70f9115f538e632ef47af54b54ab21cce9401fac62bb4b60727eda1bb5c DATA={"source": "MotionModel_v1", "label": "Stationary", "speed_ms": 0.04}
2026-05-17 21:37:09,926 | SENDER=emotion_node         TOPIC=/hri/emotion         SHA256=7f17b9753dea1c89574f88c2320cb01cc212d91a5b4f0840c1479c2befa10a65 DATA={"source": "EmotionModel_v1", "label": "Confused", "confidence": 0.89}
2026-05-17 21:37:10,377 | SENDER=gesture_node         TOPIC=/hri/gesture         SHA256=4064b53ef72a7ef9a3f00fe9b94d1748c806e3637eb7961fd797c4b363031dfc DATA={"source": "GestureModel_v1", "label": "Beckon", "confidence": 0.85}
2026-05-17 21:37:11,692 | SENDER=context_node         TOPIC=/hri/context         SHA256=0328fe086d7abbbd5cc66066c96aec10db560086a0f840535d8d2da0875519d9 DATA={"source": "ContextModel_v1", "environment": "Retail_Aisle", "crowding": "Medium"}
2026-05-17 21:37:11,851 | SENDER=motion_node          TOPIC=/hri/motion          SHA256=4c5121eba8d78d1e05665090345d0b4cca9ead749b6be6b05db68eaca2a63fad DATA={"source": "MotionModel_v1", "label": "Wandering", "speed_ms": 0.62}
2026-05-17 21:37:11,926 | SENDER=emotion_node         TOPIC=/hri/emotion         SHA256=143556710f410dfdc1912099ef3595f2144e2758cd3e29e73b3e82ec9d12f19a DATA={"source": "EmotionModel_v1", "label": "Panicked", "confidence": 0.99}
2026-05-17 21:37:12,378 | SENDER=gesture_node         TOPIC=/hri/gesture         SHA256=1d27a478ca4ab9822d3040f1cd6fca839b3ab9eafc4cbeaa895e44c33aac6f01 DATA={"source": "GestureModel_v1", "label": "Thumbs_Up", "confidence": 0.84}
2026-05-17 21:37:13,692 | SENDER=context_node         TOPIC=/hri/context         SHA256=a64fb3cfbf73edd634404a40b5c36a0c53b982ba75ff4431360d795192f7cd87 DATA={"source": "ContextModel_v1", "environment": "Hospital_Ward", "crowding": "Low"}
2026-05-17 21:37:13,848 | SENDER=motion_node          TOPIC=/hri/motion          SHA256=cd75153566d422e17d8d18429df97d0f3c5f972d9c6dca29accb0d4137f18239 DATA={"source": "MotionModel_v1", "label": "Stationary", "speed_ms": 0.01}
2026-05-17 21:37:13,927 | SENDER=emotion_node         TOPIC=/hri/emotion         SHA256=209f12299bf832daf2acca5bd20d94ced3b9001fe96624a0efc4aded1042fe65 DATA={"source": "EmotionModel_v1", "label": "Angry", "confidence": 0.77}
2026-05-17 21:37:14,378 | SENDER=gesture_node         TOPIC=/hri/gesture         SHA256=94e451f6af38023c8e5c8db2a05d44b3b87ab55346f20ee179990dc54f5f3935 DATA={"source": "GestureModel_v1", "label": "Beckon", "confidence": 0.91}
2026-05-17 21:37:15,692 | SENDER=context_node         TOPIC=/hri/context         SHA256=4f7f3e509d2a45b70dab96481bdeba99e5dd5787b28f81fbd5e9933a5b67478b DATA={"source": "ContextModel_v1", "environment": "Hospital_Reception", "crowding": "Medium"}
2026-05-17 21:37:15,849 | SENDER=motion_node          TOPIC=/hri/motion          SHA256=e9e72f3216bab8d211a7c31ca4e5f8789e65e366b5af64640c006f1b08db5710 DATA={"source": "MotionModel_v1", "label": "Stationary", "speed_ms": 0.08}
2026-05-17 21:37:15,926 | SENDER=emotion_node         TOPIC=/hri/emotion         SHA256=d4074f4824daacea312d44fe003b97ab003d1c7b4d7434f63558e3c245317f0c DATA={"source": "EmotionModel_v1", "label": "Confused", "confidence": 0.86}
2026-05-17 21:37:16,379 | SENDER=gesture_node         TOPIC=/hri/gesture         SHA256=31fac80f864c6fe7a8e734360896faf52b592c75ee94f68ece09583c653c38ef DATA={"source": "GestureModel_v1", "label": "Thumbs_Up", "confidence": 0.9}
2026-05-17 21:37:18,880 | SENDER=context_node         TOPIC=/hri/context         SHA256=f83540b369d62d3a3626f4487a33a8fb933121643231b1e0e5d4aeab15d1aac7 DATA={"source": "ContextModel_v1", "environment": "Museum_Gallery", "crowding": "Low"}
2026-05-17 21:37:19,037 | SENDER=motion_node          TOPIC=/hri/motion          SHA256=9ff3430df80f234152de0ffdd1eea18315fe5ae1817b6d80a1333f8fd2d891ff DATA={"source": "MotionModel_v1", "label": "Approaching", "speed_ms": 1.07}
2026-05-17 21:37:19,115 | SENDER=emotion_node         TOPIC=/hri/emotion         SHA256=2a015f6639b60b948d636ecafda16b2a6c68bdd68bd8f48c96f231733e44a09f DATA={"source": "EmotionModel_v1", "label": "Neutral", "confidence": 0.88}
2026-05-17 21:37:19,566 | SENDER=gesture_node         TOPIC=/hri/gesture         SHA256=840bb44f9fb88f4805cc7472a662ab90e20618588a903cae2e350f546981f248 DATA={"source": "GestureModel_v1", "label": "Point", "confidence": 0.87}
2026-05-17 21:37:19,691 | SENDER=context_node         TOPIC=/hri/context         SHA256=0328fe086d7abbbd5cc66066c96aec10db560086a0f840535d8d2da0875519d9 DATA={"source": "ContextModel_v1", "environment": "Retail_Aisle", "crowding": "Medium"}
2026-05-17 21:37:19,849 | SENDER=motion_node          TOPIC=/hri/motion          SHA256=a359a737c4a8f83de8a70af073b343f97c0726f835bbb4dbf1d97bf7ee31880f DATA={"source": "MotionModel_v1", "label": "Stationary", "speed_ms": 0.07}
2026-05-17 21:37:19,927 | SENDER=emotion_node         TOPIC=/hri/emotion         SHA256=3b0b48fb4ebc8c671cb5891f5b5b8e6b70ad75b2152235da41e3b65f9b324e7a DATA={"source": "EmotionModel_v1", "label": "Angry", "confidence": 0.84}
2026-05-17 21:37:20,379 | SENDER=gesture_node         TOPIC=/hri/gesture         SHA256=941d56202c5c870f0bcb091d9049b5eb7ea772b168c06eedda1469a5b1089d80 DATA={"source": "GestureModel_v1", "label": "Point", "confidence": 0.83}
2026-05-17 21:37:21,692 | SENDER=context_node         TOPIC=/hri/context         SHA256=0328fe086d7abbbd5cc66066c96aec10db560086a0f840535d8d2da0875519d9 DATA={"source": "ContextModel_v1", "environment": "Retail_Aisle", "crowding": "Medium"}
2026-05-17 21:37:21,849 | SENDER=motion_node          TOPIC=/hri/motion          SHA256=101f43db6321d298a5046293590c4764e426cc2bc3958c1c311a3237ed2f3d95 DATA={"source": "MotionModel_v1", "label": "Approaching", "speed_ms": 0.92}
2026-05-17 21:37:21,926 | SENDER=emotion_node         TOPIC=/hri/emotion         SHA256=209f12299bf832daf2acca5bd20d94ced3b9001fe96624a0efc4aded1042fe65 DATA={"source": "EmotionModel_v1", "label": "Angry", "confidence": 0.77}
2026-05-17 21:37:22,377 | SENDER=gesture_node         TOPIC=/hri/gesture         SHA256=9cef38e1acce95f0a1a6d96909f129fc840f11c10b317618806b9c900bcd3a47 DATA={"source": "GestureModel_v1", "label": "Stop", "confidence": 0.88}
2026-05-17 21:37:23,693 | SENDER=context_node         TOPIC=/hri/context         SHA256=4f7f3e509d2a45b70dab96481bdeba99e5dd5787b28f81fbd5e9933a5b67478b DATA={"source": "ContextModel_v1", "environment": "Hospital_Reception", "crowding": "Medium"}
2026-05-17 21:37:23,850 | SENDER=motion_node          TOPIC=/hri/motion          SHA256=e9e72f3216bab8d211a7c31ca4e5f8789e65e366b5af64640c006f1b08db5710 DATA={"source": "MotionModel_v1", "label": "Stationary", "speed_ms": 0.08}
2026-05-17 21:37:23,927 | SENDER=emotion_node         TOPIC=/hri/emotion         SHA256=a16e78978e9a387224a47e626b63b25a62b0930d7bed5f5b6524b2db1440d194 DATA={"source": "EmotionModel_v1", "label": "Panicked", "confidence": 0.89}
2026-05-17 21:37:24,378 | SENDER=gesture_node         TOPIC=/hri/gesture         SHA256=203b2d0a5edc0f8e97c13de91d282f857606abf810e68b3ce8dba1fa1abc4fe1 DATA={"source": "GestureModel_v1", "label": "Wave", "confidence": 0.94}
2026-05-17 21:37:25,695 | SENDER=context_node         TOPIC=/hri/context         SHA256=0328fe086d7abbbd5cc66066c96aec10db560086a0f840535d8d2da0875519d9 DATA={"source": "ContextModel_v1", "environment": "Retail_Aisle", "crowding": "Medium"}
2026-05-17 21:37:25,848 | SENDER=motion_node          TOPIC=/hri/motion          SHA256=d020d77cb93545edce991b64cfd0059ff68b8d2258f1d3b7f88c882de24443c6 DATA={"source": "MotionModel_v1", "label": "Approaching", "speed_ms": 0.47}
2026-05-17 21:37:25,927 | SENDER=emotion_node         TOPIC=/hri/emotion         SHA256=8ff5f9c21910132b4ba60fb0fbc153cd9bfe6294e71b6f983095acf055823c35 DATA={"source": "EmotionModel_v1", "label": "Angry", "confidence": 0.8}
2026-05-17 21:37:26,377 | SENDER=gesture_node         TOPIC=/hri/gesture         SHA256=5fed337a0a41811d63db9d6e9998b6775db60af51dbcca4d2364cde34df5fac4 DATA={"source": "GestureModel_v1", "label": "Stop", "confidence": 0.9}
2026-05-17 21:37:27,692 | SENDER=context_node         TOPIC=/hri/context         SHA256=b88b3385b15277f264a4977a18a860ce4df5fa37ec2862844eecd37fad4c7813 DATA={"source": "ContextModel_v1", "environment": "Hospital_Corridor", "crowding": "High"}
2026-05-17 21:37:27,848 | SENDER=motion_node          TOPIC=/hri/motion          SHA256=cd75153566d422e17d8d18429df97d0f3c5f972d9c6dca29accb0d4137f18239 DATA={"source": "MotionModel_v1", "label": "Stationary", "speed_ms": 0.01}
2026-05-17 21:37:27,926 | SENDER=emotion_node         TOPIC=/hri/emotion         SHA256=8d8e599249315bb2058d5980ca33284afe65f140ea947ebbf6e5776979b68166 DATA={"source": "EmotionModel_v1", "label": "Angry", "confidence": 0.75}
2026-05-17 21:37:28,382 | SENDER=gesture_node         TOPIC=/hri/gesture         SHA256=4811bf4d8ef8729831d87bd1c5fdac446b9be8533584c275d6c2378e09e8cffe DATA={"source": "GestureModel_v1", "label": "Cross_Arms", "confidence": 0.88}
2026-05-17 21:37:29,692 | SENDER=context_node         TOPIC=/hri/context         SHA256=4f7f3e509d2a45b70dab96481bdeba99e5dd5787b28f81fbd5e9933a5b67478b DATA={"source": "ContextModel_v1", "environment": "Hospital_Reception", "crowding": "Medium"}
2026-05-17 21:37:29,849 | SENDER=motion_node          TOPIC=/hri/motion          SHA256=8ab679d78e6bd7d6e649ce03315c0ad0efa5ff4722472c239b41706c15835630 DATA={"source": "MotionModel_v1", "label": "Retreating", "speed_ms": 0.77}
2026-05-17 21:37:29,927 | SENDER=emotion_node         TOPIC=/hri/emotion         SHA256=938d6edfbd07d1573b515bde9a93cbfbfcbbbd4f3096e3e016e5fda18998b7e4 DATA={"source": "EmotionModel_v1", "label": "Neutral", "confidence": 0.94}
2026-05-17 21:37:30,382 | SENDER=gesture_node         TOPIC=/hri/gesture         SHA256=4811bf4d8ef8729831d87bd1c5fdac446b9be8533584c275d6c2378e09e8cffe DATA={"source": "GestureModel_v1", "label": "Cross_Arms", "confidence": 0.88}
2026-05-17 21:37:31,699 | SENDER=context_node         TOPIC=/hri/context         SHA256=b88b3385b15277f264a4977a18a860ce4df5fa37ec2862844eecd37fad4c7813 DATA={"source": "ContextModel_v1", "environment": "Hospital_Corridor", "crowding": "High"}
2026-05-17 21:37:31,848 | SENDER=motion_node          TOPIC=/hri/motion          SHA256=887cbb35575fd9020475f3ba1c2474993905791e24b9b8f9f723ada418e6cbfe DATA={"source": "MotionModel_v1", "label": "Wandering", "speed_ms": 0.54}
2026-05-17 21:37:31,926 | SENDER=emotion_node         TOPIC=/hri/emotion         SHA256=2f82ecce2e3618087f7024ad42d3e0b6360e608be5d9efbca7fdef5171a408c2 DATA={"source": "EmotionModel_v1", "label": "Happy", "confidence": 0.93}
2026-05-17 21:37:32,377 | SENDER=gesture_node         TOPIC=/hri/gesture         SHA256=302e92bcdb3441312eeb6ef6f6bc6a6b48a089fae183ee89ca4e4abc52cda74b DATA={"source": "GestureModel_v1", "label": "Point", "confidence": 0.81}
2026-05-17 21:37:33,695 | SENDER=context_node         TOPIC=/hri/context         SHA256=4f7f3e509d2a45b70dab96481bdeba99e5dd5787b28f81fbd5e9933a5b67478b DATA={"source": "ContextModel_v1", "environment": "Hospital_Reception", "crowding": "Medium"}
2026-05-17 21:37:33,848 | SENDER=motion_node          TOPIC=/hri/motion          SHA256=e9e72f3216bab8d211a7c31ca4e5f8789e65e366b5af64640c006f1b08db5710 DATA={"source": "MotionModel_v1", "label": "Stationary", "speed_ms": 0.08}
2026-05-17 21:37:33,927 | SENDER=emotion_node         TOPIC=/hri/emotion         SHA256=e5cbca8c59c069739e9cdc18ad3ffc7e3ef023c941433dc28c7a7f42eb3facd0 DATA={"source": "EmotionModel_v1", "label": "Confused", "confidence": 0.83}
2026-05-17 21:37:34,377 | SENDER=gesture_node         TOPIC=/hri/gesture         SHA256=eeea3df0df901eb95e968cc45374dc95367eadfbdfc477222b3575958842b3f1 DATA={"source": "GestureModel_v1", "label": "Wave", "confidence": 0.91}
2026-05-17 21:37:35,692 | SENDER=context_node         TOPIC=/hri/context         SHA256=b88b3385b15277f264a4977a18a860ce4df5fa37ec2862844eecd37fad4c7813 DATA={"source": "ContextModel_v1", "environment": "Hospital_Corridor", "crowding": "High"}
2026-05-17 21:37:35,848 | SENDER=motion_node          TOPIC=/hri/motion          SHA256=885c1d3b05b57794bd4553ada0358b04c5ba1b343bace41b3ceec742f66465c7 DATA={"source": "MotionModel_v1", "label": "Stationary", "speed_ms": 0.02}
2026-05-17 21:37:35,926 | SENDER=emotion_node         TOPIC=/hri/emotion         SHA256=b1b6ae86a9609b1d32e1fc2ad5ce71c410e80d992a52d3150327ed2c5a13d5d0 DATA={"source": "EmotionModel_v1", "label": "Happy", "confidence": 0.96}
2026-05-17 21:37:36,378 | SENDER=gesture_node         TOPIC=/hri/gesture         SHA256=568ecd36f4f4603ad2d6e88961d9b734b5cf94576fa19fad4c496279ba28f9bd DATA={"source": "GestureModel_v1", "label": "Point", "confidence": 0.92}
2026-05-17 21:37:37,691 | SENDER=context_node         TOPIC=/hri/context         SHA256=a64fb3cfbf73edd634404a40b5c36a0c53b982ba75ff4431360d795192f7cd87 DATA={"source": "ContextModel_v1", "environment": "Hospital_Ward", "crowding": "Low"}
2026-05-17 21:37:37,849 | SENDER=motion_node          TOPIC=/hri/motion          SHA256=4bbe844bf9a06070cf4e80e5f12293ffa12fb3ea5e2fcb79dbdd8200ae1b35a5 DATA={"source": "MotionModel_v1", "label": "Retreating", "speed_ms": 0.61}
2026-05-17 21:37:37,926 | SENDER=emotion_node         TOPIC=/hri/emotion         SHA256=c4373afd645a7006318f98e2df204e1da4ae18e2a3431ccf16cca3b9332ebafa DATA={"source": "EmotionModel_v1", "label": "Sad", "confidence": 0.77}
2026-05-17 21:37:38,379 | SENDER=gesture_node         TOPIC=/hri/gesture         SHA256=35912617a819bc270057bac9ae7346d7fb8cae37d746b08ff5974cd835925696 DATA={"source": "GestureModel_v1", "label": "Point", "confidence": 0.86}
2026-05-17 21:37:39,693 | SENDER=context_node         TOPIC=/hri/context         SHA256=0328fe086d7abbbd5cc66066c96aec10db560086a0f840535d8d2da0875519d9 DATA={"source": "ContextModel_v1", "environment": "Retail_Aisle", "crowding": "Medium"}
2026-05-17 21:37:39,848 | SENDER=motion_node          TOPIC=/hri/motion          SHA256=7b597c1ca55c03e02b859e4b12873d7ae89bb4033245337d537ac8b5f21ae7a6 DATA={"source": "MotionModel_v1", "label": "Wandering", "speed_ms": 0.34}
2026-05-17 21:37:39,926 | SENDER=emotion_node         TOPIC=/hri/emotion         SHA256=759e6c14dfe29e4be0a7725f0f8ce23804ca4e0b14d25a8ad9a90ac97abd8be6 DATA={"source": "EmotionModel_v1", "label": "Sad", "confidence": 0.85}
2026-05-17 21:37:40,378 | SENDER=gesture_node         TOPIC=/hri/gesture         SHA256=3279851d7c516d167854e919eb80987f7ab72a3a4351ea05a7d402b0f22d7efb DATA={"source": "GestureModel_v1", "label": "Point", "confidence": 0.84}
2026-05-17 21:37:41,693 | SENDER=context_node         TOPIC=/hri/context         SHA256=f83540b369d62d3a3626f4487a33a8fb933121643231b1e0e5d4aeab15d1aac7 DATA={"source": "ContextModel_v1", "environment": "Museum_Gallery", "crowding": "Low"}
2026-05-17 21:37:41,848 | SENDER=motion_node          TOPIC=/hri/motion          SHA256=e21e44a99837779ee276818bfbd407a6419a7514eccf9672a495a5cc85d818f0 DATA={"source": "MotionModel_v1", "label": "Wandering", "speed_ms": 0.41}
2026-05-17 21:37:41,926 | SENDER=emotion_node         TOPIC=/hri/emotion         SHA256=bd7df66e589fc65612ba80c9511f32ca0bd95b51c08bff4643c46f4c26640c83 DATA={"source": "EmotionModel_v1", "label": "Panicked", "confidence": 0.94}
2026-05-17 21:37:42,378 | SENDER=gesture_node         TOPIC=/hri/gesture         SHA256=524fc014844a08712c1cd4b202d4cbb4293a113c37f6949572e9d7b979b80d33 DATA={"source": "GestureModel_v1", "label": "Cross_Arms", "confidence": 0.79}
2026-05-17 21:37:43,692 | SENDER=context_node         TOPIC=/hri/context         SHA256=f83540b369d62d3a3626f4487a33a8fb933121643231b1e0e5d4aeab15d1aac7 DATA={"source": "ContextModel_v1", "environment": "Museum_Gallery", "crowding": "Low"}
2026-05-17 21:37:43,848 | SENDER=motion_node          TOPIC=/hri/motion          SHA256=9733d22784558923f05068272b70dd2cb02c7a4a8904c6ed4341247c5459be6f DATA={"source": "MotionModel_v1", "label": "Approaching", "speed_ms": 0.74}
2026-05-17 21:37:43,928 | SENDER=emotion_node         TOPIC=/hri/emotion         SHA256=fc4472a0e3e6cb848add7903cad45c0af5aa0c4fbe4ebc622c1d63dace00a456 DATA={"source": "EmotionModel_v1", "label": "Happy", "confidence": 0.89}
2026-05-17 21:37:44,379 | SENDER=gesture_node         TOPIC=/hri/gesture         SHA256=0af1ed4d53f9ad3ab12d0f8ba5c5ded386c66457545958e23cac05adbfcade55 DATA={"source": "GestureModel_v1", "label": "Stop", "confidence": 0.93}
2026-05-17 21:37:45,692 | SENDER=context_node         TOPIC=/hri/context         SHA256=b88b3385b15277f264a4977a18a860ce4df5fa37ec2862844eecd37fad4c7813 DATA={"source": "ContextModel_v1", "environment": "Hospital_Corridor", "crowding": "High"}
2026-05-17 21:37:45,848 | SENDER=motion_node          TOPIC=/hri/motion          SHA256=bd3b4348e12da7a214a8837686b46ab036d4338e3817e8d5c3249b65772be0a5 DATA={"source": "MotionModel_v1", "label": "Retreating", "speed_ms": 0.59}
2026-05-17 21:37:45,927 | SENDER=emotion_node         TOPIC=/hri/emotion         SHA256=cb2e003d9f5fbe76bee13448067af71cf562ef517fc312e7eab895fc471d51cd DATA={"source": "EmotionModel_v1", "label": "Confused", "confidence": 0.84}
2026-05-17 21:37:46,377 | SENDER=gesture_node         TOPIC=/hri/gesture         SHA256=5fed337a0a41811d63db9d6e9998b6775db60af51dbcca4d2364cde34df5fac4 DATA={"source": "GestureModel_v1", "label": "Stop", "confidence": 0.9}
2026-05-17 21:37:47,691 | SENDER=context_node         TOPIC=/hri/context         SHA256=f83540b369d62d3a3626f4487a33a8fb933121643231b1e0e5d4aeab15d1aac7 DATA={"source": "ContextModel_v1", "environment": "Museum_Gallery", "crowding": "Low"}
2026-05-17 21:37:47,848 | SENDER=motion_node          TOPIC=/hri/motion          SHA256=0a22a9e8ed96ea7a3b8c99534fa58e6447c6ca6502190ef909f33291fa511f7f DATA={"source": "MotionModel_v1", "label": "Stationary", "speed_ms": 0.03}
2026-05-17 21:37:47,926 | SENDER=emotion_node         TOPIC=/hri/emotion         SHA256=d555f029dd171e5f1742b8cfa03c38bf06ece8c19269a42a00afdd0aab6e05cb DATA={"source": "EmotionModel_v1", "label": "Sad", "confidence": 0.81}
2026-05-17 21:37:48,378 | SENDER=gesture_node         TOPIC=/hri/gesture         SHA256=b2a74b9ee4370910c7c9f7d4a909c0ad8e82f3e3373828aec156c25d7bfe406e DATA={"source": "GestureModel_v1", "label": "Beckon", "confidence": 0.84}
2026-05-17 21:37:49,692 | SENDER=context_node         TOPIC=/hri/context         SHA256=0328fe086d7abbbd5cc66066c96aec10db560086a0f840535d8d2da0875519d9 DATA={"source": "ContextModel_v1", "environment": "Retail_Aisle", "crowding": "Medium"}
2026-05-17 21:37:49,849 | SENDER=motion_node          TOPIC=/hri/motion          SHA256=5bc2d5d070e2233c27d0ada07bd690145a2a5ba2be08bbc2b866ff0889ab2cd0 DATA={"source": "MotionModel_v1", "label": "Wandering", "speed_ms": 0.68}
2026-05-17 21:37:49,927 | SENDER=emotion_node         TOPIC=/hri/emotion         SHA256=797384a622bb5f4bbeb49a7bb2981f7ffe8eaa0945eccd1184e8443488d819b3 DATA={"source": "EmotionModel_v1", "label": "Happy", "confidence": 0.97}
2026-05-17 21:37:50,378 | SENDER=gesture_node         TOPIC=/hri/gesture         SHA256=721bd19713e8d22af1a91566b14fbf22e8c148699b69ae10ba23de17f887208b DATA={"source": "GestureModel_v1", "label": "Stop", "confidence": 0.92}
2026-05-17 21:37:52,857 | SENDER=context_node         TOPIC=/hri/context         SHA256=0328fe086d7abbbd5cc66066c96aec10db560086a0f840535d8d2da0875519d9 DATA={"source": "ContextModel_v1", "environment": "Retail_Aisle", "crowding": "Medium"}
2026-05-17 21:37:53,011 | SENDER=motion_node          TOPIC=/hri/motion          SHA256=b966b63b5debbf25d46c48ec4422e3e95c3b80f7177db67671b7f3208ff9c2d0 DATA={"source": "MotionModel_v1", "label": "Approaching", "speed_ms": 0.49}
2026-05-17 21:37:53,089 | SENDER=emotion_node         TOPIC=/hri/emotion         SHA256=542cb0a557d680d2be3b4f1acda147bc296a1cc1f892f397b93700b4f170d620 DATA={"source": "EmotionModel_v1", "label": "Panicked", "confidence": 0.86}
2026-05-17 21:37:53,540 | SENDER=gesture_node         TOPIC=/hri/gesture         SHA256=524ac5ae77246be80b1cc3514691376f3090b4e0d863b2cfb2819871a4f1bd76 DATA={"source": "GestureModel_v1", "label": "Wave", "confidence": 0.88}
2026-05-17 21:37:53,691 | SENDER=context_node         TOPIC=/hri/context         SHA256=4f7f3e509d2a45b70dab96481bdeba99e5dd5787b28f81fbd5e9933a5b67478b DATA={"source": "ContextModel_v1", "environment": "Hospital_Reception", "crowding": "Medium"}
2026-05-17 21:37:53,848 | SENDER=motion_node          TOPIC=/hri/motion          SHA256=ee7c9bb399164c8c38ec4d20a56bf1a5f74d3b56d81e865ff6c8fae3f6978f66 DATA={"source": "MotionModel_v1", "label": "Approaching", "speed_ms": 0.73}
2026-05-17 21:37:53,926 | SENDER=emotion_node         TOPIC=/hri/emotion         SHA256=92ba8953f0a9dc9df5a150689d2aa425d4006226c738c6a5e212ad207cce14db DATA={"source": "EmotionModel_v1", "label": "Sad", "confidence": 0.79}
2026-05-17 21:37:54,382 | SENDER=gesture_node         TOPIC=/hri/gesture         SHA256=1c4bf8cfbf6ec011b354970c1b5129a92da93c01e886f096868f44f668b5cc3f DATA={"source": "GestureModel_v1", "label": "Stop", "confidence": 0.96}
2026-05-17 21:37:55,691 | SENDER=context_node         TOPIC=/hri/context         SHA256=a64fb3cfbf73edd634404a40b5c36a0c53b982ba75ff4431360d795192f7cd87 DATA={"source": "ContextModel_v1", "environment": "Hospital_Ward", "crowding": "Low"}
2026-05-17 21:37:55,848 | SENDER=motion_node          TOPIC=/hri/motion          SHA256=d6fb7bac4eb50de97252a1105a2aa45247a59032c1d98ff9f31d126d9de880fc DATA={"source": "MotionModel_v1", "label": "Running", "speed_ms": 2.56}
2026-05-17 21:37:55,926 | SENDER=emotion_node         TOPIC=/hri/emotion         SHA256=338e8a50a73c00172ac7f7628c783deca1c08a88523031c202a56f6b05ae0782 DATA={"source": "EmotionModel_v1", "label": "Confused", "confidence": 0.79}
2026-05-17 21:37:56,377 | SENDER=gesture_node         TOPIC=/hri/gesture         SHA256=eeea3df0df901eb95e968cc45374dc95367eadfbdfc477222b3575958842b3f1 DATA={"source": "GestureModel_v1", "label": "Wave", "confidence": 0.91}
2026-05-17 21:37:57,691 | SENDER=context_node         TOPIC=/hri/context         SHA256=0328fe086d7abbbd5cc66066c96aec10db560086a0f840535d8d2da0875519d9 DATA={"source": "ContextModel_v1", "environment": "Retail_Aisle", "crowding": "Medium"}
2026-05-17 21:37:57,848 | SENDER=motion_node          TOPIC=/hri/motion          SHA256=0a22a9e8ed96ea7a3b8c99534fa58e6447c6ca6502190ef909f33291fa511f7f DATA={"source": "MotionModel_v1", "label": "Stationary", "speed_ms": 0.03}
2026-05-17 21:37:57,927 | SENDER=emotion_node         TOPIC=/hri/emotion         SHA256=a16e78978e9a387224a47e626b63b25a62b0930d7bed5f5b6524b2db1440d194 DATA={"source": "EmotionModel_v1", "label": "Panicked", "confidence": 0.89}
2026-05-17 21:37:58,384 | SENDER=gesture_node         TOPIC=/hri/gesture         SHA256=9c23e07af1c553433345d5ea1db582b01f88aaa69cfaff89eaecaa4d16ef97ce DATA={"source": "GestureModel_v1", "label": "Beckon", "confidence": 0.86}
2026-05-17 21:37:59,691 | SENDER=context_node         TOPIC=/hri/context         SHA256=f83540b369d62d3a3626f4487a33a8fb933121643231b1e0e5d4aeab15d1aac7 DATA={"source": "ContextModel_v1", "environment": "Museum_Gallery", "crowding": "Low"}
2026-05-17 21:37:59,848 | SENDER=motion_node          TOPIC=/hri/motion          SHA256=7fbe42df6721f731448d37773b24173854cfd4f3fe3d99dc83e14f3eb8d17509 DATA={"source": "MotionModel_v1", "label": "Approaching", "speed_ms": 0.95}
2026-05-17 21:37:59,926 | SENDER=emotion_node         TOPIC=/hri/emotion         SHA256=a16e78978e9a387224a47e626b63b25a62b0930d7bed5f5b6524b2db1440d194 DATA={"source": "EmotionModel_v1", "label": "Panicked", "confidence": 0.89}
2026-05-17 21:38:00,378 | SENDER=gesture_node         TOPIC=/hri/gesture         SHA256=ab0c738f88aa89f042fa5de523b57602eb39ca46f6a33a9c066709723504c33b DATA={"source": "GestureModel_v1", "label": "Wave", "confidence": 0.87}
2026-05-17 21:38:01,691 | SENDER=context_node         TOPIC=/hri/context         SHA256=a64fb3cfbf73edd634404a40b5c36a0c53b982ba75ff4431360d795192f7cd87 DATA={"source": "ContextModel_v1", "environment": "Hospital_Ward", "crowding": "Low"}
2026-05-17 21:38:01,848 | SENDER=motion_node          TOPIC=/hri/motion          SHA256=95202b33b78cc47d93c212569b4cda1f2c0da4de9134077bca181191a85d9911 DATA={"source": "MotionModel_v1", "label": "Running", "speed_ms": 2.08}
2026-05-17 21:38:01,926 | SENDER=emotion_node         TOPIC=/hri/emotion         SHA256=6a64b3df5d5d4fa170734db5e68355663f3cfa0e16e340c0f869d534e05559f1 DATA={"source": "EmotionModel_v1", "label": "Neutral", "confidence": 0.87}
2026-05-17 21:38:02,377 | SENDER=gesture_node         TOPIC=/hri/gesture         SHA256=07f6a18ff66122470059036b3cc30429fda2758668b042c013231913c8770264 DATA={"source": "GestureModel_v1", "label": "Wave", "confidence": 0.96}
2026-05-17 21:38:03,693 | SENDER=context_node         TOPIC=/hri/context         SHA256=b88b3385b15277f264a4977a18a860ce4df5fa37ec2862844eecd37fad4c7813 DATA={"source": "ContextModel_v1", "environment": "Hospital_Corridor", "crowding": "High"}
2026-05-17 21:38:03,848 | SENDER=motion_node          TOPIC=/hri/motion          SHA256=64b7dfeb9adf1dc5f3c83f8d7c528ef460dd38bfbd8399917e46dabcfb5303dc DATA={"source": "MotionModel_v1", "label": "Approaching", "speed_ms": 0.69}
2026-05-17 21:38:03,926 | SENDER=emotion_node         TOPIC=/hri/emotion         SHA256=c9f62e048a71b2b7a2d2b3e01efa596035bef3940f5d6ee245990acc897438b2 DATA={"source": "EmotionModel_v1", "label": "Panicked", "confidence": 0.96}
2026-05-17 21:38:04,380 | SENDER=gesture_node         TOPIC=/hri/gesture         SHA256=a3e7e2cbad1a013fe4afeb2b49a4084ba7a389be5aa136a97f339829cb995bcf DATA={"source": "GestureModel_v1", "label": "Wave", "confidence": 0.92}
2026-05-17 21:38:05,691 | SENDER=context_node         TOPIC=/hri/context         SHA256=a64fb3cfbf73edd634404a40b5c36a0c53b982ba75ff4431360d795192f7cd87 DATA={"source": "ContextModel_v1", "environment": "Hospital_Ward", "crowding": "Low"}
2026-05-17 21:38:05,848 | SENDER=motion_node          TOPIC=/hri/motion          SHA256=e01e1f0013dc8f9aae670c0f2e2b1ff32453d32555859b38598e6534dcfdce80 DATA={"source": "MotionModel_v1", "label": "Running", "speed_ms": 2.54}
2026-05-17 21:38:05,926 | SENDER=emotion_node         TOPIC=/hri/emotion         SHA256=dbbe40ed334054aee5be8141a38c431d9bbc4100f1e6718d9fd0c1ad36e3c66c DATA={"source": "EmotionModel_v1", "label": "Panicked", "confidence": 0.93}
2026-05-17 21:38:06,378 | SENDER=gesture_node         TOPIC=/hri/gesture         SHA256=721bd19713e8d22af1a91566b14fbf22e8c148699b69ae10ba23de17f887208b DATA={"source": "GestureModel_v1", "label": "Stop", "confidence": 0.92}
2026-05-17 21:38:07,691 | SENDER=context_node         TOPIC=/hri/context         SHA256=b88b3385b15277f264a4977a18a860ce4df5fa37ec2862844eecd37fad4c7813 DATA={"source": "ContextModel_v1", "environment": "Hospital_Corridor", "crowding": "High"}
2026-05-17 21:38:07,848 | SENDER=motion_node          TOPIC=/hri/motion          SHA256=59b4efc830ee822eaae8ba2df4197a32bfd7987df8c58e64810d2f6dccdb5aaa DATA={"source": "MotionModel_v1", "label": "Running", "speed_ms": 1.86}
2026-05-17 21:38:07,926 | SENDER=emotion_node         TOPIC=/hri/emotion         SHA256=3b0b48fb4ebc8c671cb5891f5b5b8e6b70ad75b2152235da41e3b65f9b324e7a DATA={"source": "EmotionModel_v1", "label": "Angry", "confidence": 0.84}
2026-05-17 21:38:08,382 | SENDER=gesture_node         TOPIC=/hri/gesture         SHA256=38c1a32a546f9b7d0dc9fbb5f049ef020c76fb3bcaddc253d8273051dd25311f DATA={"source": "GestureModel_v1", "label": "Point", "confidence": 0.9}
2026-05-17 21:38:09,692 | SENDER=context_node         TOPIC=/hri/context         SHA256=b88b3385b15277f264a4977a18a860ce4df5fa37ec2862844eecd37fad4c7813 DATA={"source": "ContextModel_v1", "environment": "Hospital_Corridor", "crowding": "High"}
2026-05-17 21:38:09,848 | SENDER=motion_node          TOPIC=/hri/motion          SHA256=25c42de6efcc0a75355baaed76986e8f28ea420484fcfad0d1e1a8de7fcb42c3 DATA={"source": "MotionModel_v1", "label": "Approaching", "speed_ms": 0.61}
2026-05-17 21:38:09,926 | SENDER=emotion_node         TOPIC=/hri/emotion         SHA256=bd7df66e589fc65612ba80c9511f32ca0bd95b51c08bff4643c46f4c26640c83 DATA={"source": "EmotionModel_v1", "label": "Panicked", "confidence": 0.94}
2026-05-17 21:38:10,378 | SENDER=gesture_node         TOPIC=/hri/gesture         SHA256=a38e66de273fdf9c4bcf47f30e6a136157b9efeb105beda4246cf2cce8c37314 DATA={"source": "GestureModel_v1", "label": "Beckon", "confidence": 0.81}
2026-05-17 21:38:11,691 | SENDER=context_node         TOPIC=/hri/context         SHA256=f83540b369d62d3a3626f4487a33a8fb933121643231b1e0e5d4aeab15d1aac7 DATA={"source": "ContextModel_v1", "environment": "Museum_Gallery", "crowding": "Low"}
2026-05-17 21:38:11,848 | SENDER=motion_node          TOPIC=/hri/motion          SHA256=c4e5ddc5ef7b2d7a37e20154692124c8c10140b2ace9e991074fd42919bc7d40 DATA={"source": "MotionModel_v1", "label": "Retreating", "speed_ms": 0.76}
2026-05-17 21:38:11,926 | SENDER=emotion_node         TOPIC=/hri/emotion         SHA256=003585fd167f61cac7b5f185b4559b1326f928d6d22ff3679164d2ae0adacf95 DATA={"source": "EmotionModel_v1", "label": "Happy", "confidence": 0.94}
2026-05-17 21:38:12,379 | SENDER=gesture_node         TOPIC=/hri/gesture         SHA256=2f3b8570b684d4fa74465f1a58ba3a522605219d3622d152b92fb24550ea7a14 DATA={"source": "GestureModel_v1", "label": "Wave", "confidence": 0.9}
2026-05-17 21:38:13,692 | SENDER=context_node         TOPIC=/hri/context         SHA256=4f7f3e509d2a45b70dab96481bdeba99e5dd5787b28f81fbd5e9933a5b67478b DATA={"source": "ContextModel_v1", "environment": "Hospital_Reception", "crowding": "Medium"}
2026-05-17 21:38:13,848 | SENDER=motion_node          TOPIC=/hri/motion          SHA256=465a41b56fece29f5a673937bfd6d9532e36705ec50273dc4aea5a496ccab91d DATA={"source": "MotionModel_v1", "label": "Running", "speed_ms": 3.07}
2026-05-17 21:38:13,928 | SENDER=emotion_node         TOPIC=/hri/emotion         SHA256=3b0b48fb4ebc8c671cb5891f5b5b8e6b70ad75b2152235da41e3b65f9b324e7a DATA={"source": "EmotionModel_v1", "label": "Angry", "confidence": 0.84}
2026-05-17 21:38:14,377 | SENDER=gesture_node         TOPIC=/hri/gesture         SHA256=f30987f1cee32204cad751d24bfc2b1e7dc87af4b2ffeb8fc604cb011bad0815 DATA={"source": "GestureModel_v1", "label": "Thumbs_Up", "confidence": 0.89}
2026-05-17 21:38:15,692 | SENDER=context_node         TOPIC=/hri/context         SHA256=4f7f3e509d2a45b70dab96481bdeba99e5dd5787b28f81fbd5e9933a5b67478b DATA={"source": "ContextModel_v1", "environment": "Hospital_Reception", "crowding": "Medium"}
2026-05-17 21:38:15,849 | SENDER=motion_node          TOPIC=/hri/motion          SHA256=885c1d3b05b57794bd4553ada0358b04c5ba1b343bace41b3ceec742f66465c7 DATA={"source": "MotionModel_v1", "label": "Stationary", "speed_ms": 0.02}
2026-05-17 21:38:15,927 | SENDER=emotion_node         TOPIC=/hri/emotion         SHA256=1234be84924a9049244e5859fe0ba0054d1aa37b42680b45029c8cd0ad934b91 DATA={"source": "EmotionModel_v1", "label": "Panicked", "confidence": 0.98}
2026-05-17 21:38:16,378 | SENDER=gesture_node         TOPIC=/hri/gesture         SHA256=e6d3acb2c298209dd58d23c111adf470153ad7621a89d99ebf96dfaf8a2cb665 DATA={"source": "GestureModel_v1", "label": "Beckon", "confidence": 0.82}
2026-05-17 21:38:17,691 | SENDER=context_node         TOPIC=/hri/context         SHA256=4f7f3e509d2a45b70dab96481bdeba99e5dd5787b28f81fbd5e9933a5b67478b DATA={"source": "ContextModel_v1", "environment": "Hospital_Reception", "crowding": "Medium"}
2026-05-17 21:38:17,848 | SENDER=motion_node          TOPIC=/hri/motion          SHA256=207ada19d821754b198715c51c60e897375456494f0d4bd1f184a22813172209 DATA={"source": "MotionModel_v1", "label": "Running", "speed_ms": 2.38}
2026-05-17 21:38:17,926 | SENDER=emotion_node         TOPIC=/hri/emotion         SHA256=d555f029dd171e5f1742b8cfa03c38bf06ece8c19269a42a00afdd0aab6e05cb DATA={"source": "EmotionModel_v1", "label": "Sad", "confidence": 0.81}
2026-05-17 21:38:18,378 | SENDER=gesture_node         TOPIC=/hri/gesture         SHA256=4205621ed303fae6f5e5da63ada00cf83e4bf6ef8b07632c5feb2d0d235b3d30 DATA={"source": "GestureModel_v1", "label": "Point", "confidence": 0.88}
2026-05-17 21:38:19,691 | SENDER=context_node         TOPIC=/hri/context         SHA256=f83540b369d62d3a3626f4487a33a8fb933121643231b1e0e5d4aeab15d1aac7 DATA={"source": "ContextModel_v1", "environment": "Museum_Gallery", "crowding": "Low"}
2026-05-17 21:38:19,848 | SENDER=motion_node          TOPIC=/hri/motion          SHA256=0d2472ea1d3358707964b544af8d652cd450dabeadf753002c6cde6429fec257 DATA={"source": "MotionModel_v1", "label": "Approaching", "speed_ms": 0.82}
2026-05-17 21:38:19,927 | SENDER=emotion_node         TOPIC=/hri/emotion         SHA256=a44bc912b5604b2f3a0f393ac260493be3e0e92bdbb7f67ea569ae6e7c06746e DATA={"source": "EmotionModel_v1", "label": "Angry", "confidence": 0.81}
2026-05-17 21:38:20,378 | SENDER=gesture_node         TOPIC=/hri/gesture         SHA256=f8c1e183c4fcefe7027020d7a9e91c173e5bc8d66e5ff5dd8a7fa1a395cc3836 DATA={"source": "GestureModel_v1", "label": "Wave", "confidence": 0.89}
2026-05-17 21:38:21,691 | SENDER=context_node         TOPIC=/hri/context         SHA256=4f7f3e509d2a45b70dab96481bdeba99e5dd5787b28f81fbd5e9933a5b67478b DATA={"source": "ContextModel_v1", "environment": "Hospital_Reception", "crowding": "Medium"}
2026-05-17 21:38:21,848 | SENDER=motion_node          TOPIC=/hri/motion          SHA256=25224a617f4f5d24aac56905cfb2d9d5216e805b3e97fdb3dbc32db117991aec DATA={"source": "MotionModel_v1", "label": "Wandering", "speed_ms": 0.3}
2026-05-17 21:38:21,926 | SENDER=emotion_node         TOPIC=/hri/emotion         SHA256=7f17b9753dea1c89574f88c2320cb01cc212d91a5b4f0840c1479c2befa10a65 DATA={"source": "EmotionModel_v1", "label": "Confused", "confidence": 0.89}
2026-05-17 21:38:22,377 | SENDER=gesture_node         TOPIC=/hri/gesture         SHA256=31fac80f864c6fe7a8e734360896faf52b592c75ee94f68ece09583c653c38ef DATA={"source": "GestureModel_v1", "label": "Thumbs_Up", "confidence": 0.9}
2026-05-17 21:38:23,691 | SENDER=context_node         TOPIC=/hri/context         SHA256=f83540b369d62d3a3626f4487a33a8fb933121643231b1e0e5d4aeab15d1aac7 DATA={"source": "ContextModel_v1", "environment": "Museum_Gallery", "crowding": "Low"}
2026-05-17 21:38:23,848 | SENDER=motion_node          TOPIC=/hri/motion          SHA256=697ce8844e8c103366d18c12a06121b3d69d67f971423aa01b57b85a9313d88c DATA={"source": "MotionModel_v1", "label": "Running", "speed_ms": 2.49}
2026-05-17 21:38:23,927 | SENDER=emotion_node         TOPIC=/hri/emotion         SHA256=bd7df66e589fc65612ba80c9511f32ca0bd95b51c08bff4643c46f4c26640c83 DATA={"source": "EmotionModel_v1", "label": "Panicked", "confidence": 0.94}
2026-05-17 21:38:25,540 | SENDER=gesture_node         TOPIC=/hri/gesture         SHA256=38c1a32a546f9b7d0dc9fbb5f049ef020c76fb3bcaddc253d8273051dd25311f DATA={"source": "GestureModel_v1", "label": "Point", "confidence": 0.9}
2026-05-17 21:38:26,378 | SENDER=gesture_node         TOPIC=/hri/gesture         SHA256=1058856b663e44ff9e634809405a74d7f4a4937056fadf2d0fadfdd8f23d16bf DATA={"source": "GestureModel_v1", "label": "Thumbs_Up", "confidence": 0.82}
2026-05-17 21:38:26,853 | SENDER=context_node         TOPIC=/hri/context         SHA256=b88b3385b15277f264a4977a18a860ce4df5fa37ec2862844eecd37fad4c7813 DATA={"source": "ContextModel_v1", "environment": "Hospital_Corridor", "crowding": "High"}
2026-05-17 21:38:27,010 | SENDER=motion_node          TOPIC=/hri/motion          SHA256=1b3bdd7c44cfeb4f992111511d6c670ff89d2895fa17c064909086545a05fe44 DATA={"source": "MotionModel_v1", "label": "Approaching", "speed_ms": 1.03}
2026-05-17 21:38:27,089 | SENDER=emotion_node         TOPIC=/hri/emotion         SHA256=21b8d3facfd69e37dd7c79e05619c7e3cab414c0b9e7dd6bf6f2f8eaba7eed36 DATA={"source": "EmotionModel_v1", "label": "Happy", "confidence": 0.91}
2026-05-17 21:38:27,691 | SENDER=context_node         TOPIC=/hri/context         SHA256=0328fe086d7abbbd5cc66066c96aec10db560086a0f840535d8d2da0875519d9 DATA={"source": "ContextModel_v1", "environment": "Retail_Aisle", "crowding": "Medium"}
2026-05-17 21:38:27,850 | SENDER=motion_node          TOPIC=/hri/motion          SHA256=207ada19d821754b198715c51c60e897375456494f0d4bd1f184a22813172209 DATA={"source": "MotionModel_v1", "label": "Running", "speed_ms": 2.38}
2026-05-17 21:38:27,927 | SENDER=emotion_node         TOPIC=/hri/emotion         SHA256=5f56a2e6ea91db0269fb4bf51ad86c0ba9ce4b3e5985ae2e37c950e0f900a6e0 DATA={"source": "EmotionModel_v1", "label": "Neutral", "confidence": 0.92}
2026-05-17 21:38:28,377 | SENDER=gesture_node         TOPIC=/hri/gesture         SHA256=58973deffa59167d658d90c2cc450855c6c6d02a30bf6c0386bf922b1cadcd2e DATA={"source": "GestureModel_v1", "label": "Stop", "confidence": 0.95}
2026-05-17 21:38:29,691 | SENDER=context_node         TOPIC=/hri/context         SHA256=b88b3385b15277f264a4977a18a860ce4df5fa37ec2862844eecd37fad4c7813 DATA={"source": "ContextModel_v1", "environment": "Hospital_Corridor", "crowding": "High"}
2026-05-17 21:38:29,849 | SENDER=motion_node          TOPIC=/hri/motion          SHA256=0c98d6d80fec36c6ea27cbec1f5869fd49932551ba915339e855d547eeae31d7 DATA={"source": "MotionModel_v1", "label": "Running", "speed_ms": 2.14}
2026-05-17 21:38:29,927 | SENDER=emotion_node         TOPIC=/hri/emotion         SHA256=def82fa5f6e5b9496b7405bb5a8c75e40de3b320de1185bbb8b26788cd65e167 DATA={"source": "EmotionModel_v1", "label": "Happy", "confidence": 0.88}
2026-05-17 21:38:30,379 | SENDER=gesture_node         TOPIC=/hri/gesture         SHA256=641c3dda621dae518afaa84bb122e0fd38aaa475d79f4f2f95a3237156141a42 DATA={"source": "GestureModel_v1", "label": "Cross_Arms", "confidence": 0.82}
2026-05-17 21:38:31,692 | SENDER=context_node         TOPIC=/hri/context         SHA256=4f7f3e509d2a45b70dab96481bdeba99e5dd5787b28f81fbd5e9933a5b67478b DATA={"source": "ContextModel_v1", "environment": "Hospital_Reception", "crowding": "Medium"}
2026-05-17 21:38:31,848 | SENDER=motion_node          TOPIC=/hri/motion          SHA256=b5d9322da8feb991f7d8d801eecda2c982d7f78a422c7330626d0d3afb91c3f8 DATA={"source": "MotionModel_v1", "label": "Running", "speed_ms": 2.13}
2026-05-17 21:38:31,927 | SENDER=emotion_node         TOPIC=/hri/emotion         SHA256=d22ed276a5200c14818ffa6b93799ed65bf4bb241614118f704e38749bfd3e20 DATA={"source": "EmotionModel_v1", "label": "Confused", "confidence": 0.91}
2026-05-17 21:38:32,378 | SENDER=gesture_node         TOPIC=/hri/gesture         SHA256=85eaa2be1b394fcce896c2957809ef37b7f0a76b6dfae67bec49934bbb9fde66 DATA={"source": "GestureModel_v1", "label": "Point", "confidence": 0.94}
2026-05-17 21:38:33,691 | SENDER=context_node         TOPIC=/hri/context         SHA256=f83540b369d62d3a3626f4487a33a8fb933121643231b1e0e5d4aeab15d1aac7 DATA={"source": "ContextModel_v1", "environment": "Museum_Gallery", "crowding": "Low"}
2026-05-17 21:38:33,848 | SENDER=motion_node          TOPIC=/hri/motion          SHA256=874039d5726adc76bba3dc73301d84cb514b488f991644e1418092d6cf963ca8 DATA={"source": "MotionModel_v1", "label": "Wandering", "speed_ms": 0.24}
2026-05-17 21:38:33,926 | SENDER=emotion_node         TOPIC=/hri/emotion         SHA256=7f98eff31fa55888f474ad5245abe5d28f0c68cbc6bf5134d39a89c5dac69e36 DATA={"source": "EmotionModel_v1", "label": "Panicked", "confidence": 0.87}
2026-05-17 21:38:34,377 | SENDER=gesture_node         TOPIC=/hri/gesture         SHA256=cc89d3ef7d81d2faae7a1b2fb58c914a09205ed61388339e1234c0def6653cf2 DATA={"source": "GestureModel_v1", "label": "Cross_Arms", "confidence": 0.85}
2026-05-17 21:38:35,691 | SENDER=context_node         TOPIC=/hri/context         SHA256=b88b3385b15277f264a4977a18a860ce4df5fa37ec2862844eecd37fad4c7813 DATA={"source": "ContextModel_v1", "environment": "Hospital_Corridor", "crowding": "High"}
2026-05-17 21:38:35,848 | SENDER=motion_node          TOPIC=/hri/motion          SHA256=0a92d96a4b920367733509aadb6c93c348cee907fabd359fedab1a34df7a10e5 DATA={"source": "MotionModel_v1", "label": "Approaching", "speed_ms": 0.71}
2026-05-17 21:38:35,926 | SENDER=emotion_node         TOPIC=/hri/emotion         SHA256=8ff5f9c21910132b4ba60fb0fbc153cd9bfe6294e71b6f983095acf055823c35 DATA={"source": "EmotionModel_v1", "label": "Angry", "confidence": 0.8}
2026-05-17 21:38:36,377 | SENDER=gesture_node         TOPIC=/hri/gesture         SHA256=0487e2d6540d8af054e8f92b43ea740b690f8e3f8053f81c2b322e4229a7b9c3 DATA={"source": "GestureModel_v1", "label": "Thumbs_Up", "confidence": 0.91}
2026-05-17 21:38:37,691 | SENDER=context_node         TOPIC=/hri/context         SHA256=f83540b369d62d3a3626f4487a33a8fb933121643231b1e0e5d4aeab15d1aac7 DATA={"source": "ContextModel_v1", "environment": "Museum_Gallery", "crowding": "Low"}
2026-05-17 21:38:37,848 | SENDER=motion_node          TOPIC=/hri/motion          SHA256=83d163c40f7c2cf799931384d887cd17a696f42b2e70b7eab020d03cf99503e5 DATA={"source": "MotionModel_v1", "label": "Wandering", "speed_ms": 0.55}
2026-05-17 21:38:37,926 | SENDER=emotion_node         TOPIC=/hri/emotion         SHA256=b7ef50907269775339990ba759422603a4410e00b2d9c828a1c34afac74406a3 DATA={"source": "EmotionModel_v1", "label": "Angry", "confidence": 0.9}
2026-05-17 21:38:38,377 | SENDER=gesture_node         TOPIC=/hri/gesture         SHA256=567557a1528428c8fb1157a3a0fb4c1690c8c96455870d51ba01fa111151f296 DATA={"source": "GestureModel_v1", "label": "Cross_Arms", "confidence": 0.86}
2026-05-17 21:38:39,691 | SENDER=context_node         TOPIC=/hri/context         SHA256=a64fb3cfbf73edd634404a40b5c36a0c53b982ba75ff4431360d795192f7cd87 DATA={"source": "ContextModel_v1", "environment": "Hospital_Ward", "crowding": "Low"}
2026-05-17 21:38:39,848 | SENDER=motion_node          TOPIC=/hri/motion          SHA256=ad2aabd030d9c55025077b3532362a9fdf013d5b2619abcddd864e82171bdfef DATA={"source": "MotionModel_v1", "label": "Approaching", "speed_ms": 0.83}
2026-05-17 21:38:39,933 | SENDER=emotion_node         TOPIC=/hri/emotion         SHA256=b7ef50907269775339990ba759422603a4410e00b2d9c828a1c34afac74406a3 DATA={"source": "EmotionModel_v1", "label": "Angry", "confidence": 0.9}
2026-05-17 21:38:40,378 | SENDER=gesture_node         TOPIC=/hri/gesture         SHA256=fe1ac882e5c284ef3f3faba2d64e2bacdf8c088b3b07eef400dfd00c66b4d12f DATA={"source": "GestureModel_v1", "label": "Thumbs_Up", "confidence": 0.83}
2026-05-17 21:38:41,691 | SENDER=context_node         TOPIC=/hri/context         SHA256=0328fe086d7abbbd5cc66066c96aec10db560086a0f840535d8d2da0875519d9 DATA={"source": "ContextModel_v1", "environment": "Retail_Aisle", "crowding": "Medium"}
2026-05-17 21:38:41,848 | SENDER=motion_node          TOPIC=/hri/motion          SHA256=f306eeabc06add98d8bf3dcdaf2cbcb9958227b96469c9ed3423c7a2190d0ed6 DATA={"source": "MotionModel_v1", "label": "Retreating", "speed_ms": 0.57}
2026-05-17 21:38:41,926 | SENDER=emotion_node         TOPIC=/hri/emotion         SHA256=1dce560609a9d2f4938db0d258e18578b7f2146af2e9808cea373f78f52767e7 DATA={"source": "EmotionModel_v1", "label": "Angry", "confidence": 0.79}
2026-05-17 21:38:42,379 | SENDER=gesture_node         TOPIC=/hri/gesture         SHA256=e60eaeb1fec23e63aa0078e10ac88c33178f8ee33395fe631388fa2198ba878e DATA={"source": "GestureModel_v1", "label": "Cross_Arms", "confidence": 0.83}
2026-05-17 21:38:43,691 | SENDER=context_node         TOPIC=/hri/context         SHA256=b88b3385b15277f264a4977a18a860ce4df5fa37ec2862844eecd37fad4c7813 DATA={"source": "ContextModel_v1", "environment": "Hospital_Corridor", "crowding": "High"}
2026-05-17 21:38:43,848 | SENDER=motion_node          TOPIC=/hri/motion          SHA256=a359a737c4a8f83de8a70af073b343f97c0726f835bbb4dbf1d97bf7ee31880f DATA={"source": "MotionModel_v1", "label": "Stationary", "speed_ms": 0.07}
2026-05-17 21:38:43,926 | SENDER=emotion_node         TOPIC=/hri/emotion         SHA256=c5793a326aaafa2680ba4284459d95ab792410348373037a6131eebc1451b6b6 DATA={"source": "EmotionModel_v1", "label": "Angry", "confidence": 0.83}
2026-05-17 21:38:44,379 | SENDER=gesture_node         TOPIC=/hri/gesture         SHA256=d08bf1d062c8563e27397a25cd35892bc811731dee80beff2ea030173d6c2d16 DATA={"source": "GestureModel_v1", "label": "Thumbs_Up", "confidence": 0.86}
2026-05-17 21:38:45,691 | SENDER=context_node         TOPIC=/hri/context         SHA256=f83540b369d62d3a3626f4487a33a8fb933121643231b1e0e5d4aeab15d1aac7 DATA={"source": "ContextModel_v1", "environment": "Museum_Gallery", "crowding": "Low"}
2026-05-17 21:38:45,849 | SENDER=motion_node          TOPIC=/hri/motion          SHA256=515e5c1e86e4d0bbed32a0b4d415c8adc8bf3e01a43b15b6536b8997c40535a1 DATA={"source": "MotionModel_v1", "label": "Stationary", "speed_ms": 0.05}
2026-05-17 21:38:45,926 | SENDER=emotion_node         TOPIC=/hri/emotion         SHA256=65b09baf4db0c95e4c04018bd50ef430060708af28f1d51d9c65003c22a24e2e DATA={"source": "EmotionModel_v1", "label": "Neutral", "confidence": 0.95}
2026-05-17 21:38:46,378 | SENDER=gesture_node         TOPIC=/hri/gesture         SHA256=07f6a18ff66122470059036b3cc30429fda2758668b042c013231913c8770264 DATA={"source": "GestureModel_v1", "label": "Wave", "confidence": 0.96}
2026-05-17 21:38:47,692 | SENDER=context_node         TOPIC=/hri/context         SHA256=4f7f3e509d2a45b70dab96481bdeba99e5dd5787b28f81fbd5e9933a5b67478b DATA={"source": "ContextModel_v1", "environment": "Hospital_Reception", "crowding": "Medium"}
2026-05-17 21:38:47,848 | SENDER=motion_node          TOPIC=/hri/motion          SHA256=a805403fe791a4e7b6b69e2c78a37faa4cc88f0781ae75b9605f520fd3fcfb64 DATA={"source": "MotionModel_v1", "label": "Retreating", "speed_ms": 0.7}
2026-05-17 21:38:47,926 | SENDER=emotion_node         TOPIC=/hri/emotion         SHA256=26b7a844daab074597993edadfe29fd5248840fc18fc84b6b513ea12bfd6011c DATA={"source": "EmotionModel_v1", "label": "Confused", "confidence": 0.88}
2026-05-17 21:38:48,377 | SENDER=gesture_node         TOPIC=/hri/gesture         SHA256=0af1ed4d53f9ad3ab12d0f8ba5c5ded386c66457545958e23cac05adbfcade55 DATA={"source": "GestureModel_v1", "label": "Stop", "confidence": 0.93}
2026-05-17 21:38:49,691 | SENDER=context_node         TOPIC=/hri/context         SHA256=4f7f3e509d2a45b70dab96481bdeba99e5dd5787b28f81fbd5e9933a5b67478b DATA={"source": "ContextModel_v1", "environment": "Hospital_Reception", "crowding": "Medium"}
2026-05-17 21:38:49,848 | SENDER=motion_node          TOPIC=/hri/motion          SHA256=f5fefb65c76d3b8a4837166c6ad5cb7cd013c3aeb52d0bce46e18f72f3872fff DATA={"source": "MotionModel_v1", "label": "Running", "speed_ms": 2.59}
2026-05-17 21:38:49,926 | SENDER=emotion_node         TOPIC=/hri/emotion         SHA256=7f17b9753dea1c89574f88c2320cb01cc212d91a5b4f0840c1479c2befa10a65 DATA={"source": "EmotionModel_v1", "label": "Confused", "confidence": 0.89}
2026-05-17 21:38:50,377 | SENDER=gesture_node         TOPIC=/hri/gesture         SHA256=e60eaeb1fec23e63aa0078e10ac88c33178f8ee33395fe631388fa2198ba878e DATA={"source": "GestureModel_v1", "label": "Cross_Arms", "confidence": 0.83}
2026-05-17 21:38:51,691 | SENDER=context_node         TOPIC=/hri/context         SHA256=a64fb3cfbf73edd634404a40b5c36a0c53b982ba75ff4431360d795192f7cd87 DATA={"source": "ContextModel_v1", "environment": "Hospital_Ward", "crowding": "Low"}
2026-05-17 21:38:51,848 | SENDER=motion_node          TOPIC=/hri/motion          SHA256=23b9af4074ee74e7a10940a4641acb9a06b911922da4102d623a79a3f10620b1 DATA={"source": "MotionModel_v1", "label": "Approaching", "speed_ms": 1.06}
2026-05-17 21:38:51,926 | SENDER=emotion_node         TOPIC=/hri/emotion         SHA256=92ba8953f0a9dc9df5a150689d2aa425d4006226c738c6a5e212ad207cce14db DATA={"source": "EmotionModel_v1", "label": "Sad", "confidence": 0.79}
2026-05-17 21:38:52,377 | SENDER=gesture_node         TOPIC=/hri/gesture         SHA256=5862b1f8195402779034656183e5f4eb7de2b9175ecb1090388123ef5d4d60a4 DATA={"source": "GestureModel_v1", "label": "Cross_Arms", "confidence": 0.9}
2026-05-17 21:38:53,691 | SENDER=context_node         TOPIC=/hri/context         SHA256=f83540b369d62d3a3626f4487a33a8fb933121643231b1e0e5d4aeab15d1aac7 DATA={"source": "ContextModel_v1", "environment": "Museum_Gallery", "crowding": "Low"}
2026-05-17 21:38:53,848 | SENDER=motion_node          TOPIC=/hri/motion          SHA256=c516121cd87cf873c7618887f0737d1b90226b90ac3fd8d92dab4a311e79d3bd DATA={"source": "MotionModel_v1", "label": "Running", "speed_ms": 2.1}
2026-05-17 21:38:53,926 | SENDER=emotion_node         TOPIC=/hri/emotion         SHA256=5f56a2e6ea91db0269fb4bf51ad86c0ba9ce4b3e5985ae2e37c950e0f900a6e0 DATA={"source": "EmotionModel_v1", "label": "Neutral", "confidence": 0.92}
2026-05-17 21:38:54,378 | SENDER=gesture_node         TOPIC=/hri/gesture         SHA256=f30987f1cee32204cad751d24bfc2b1e7dc87af4b2ffeb8fc604cb011bad0815 DATA={"source": "GestureModel_v1", "label": "Thumbs_Up", "confidence": 0.89}
2026-05-17 21:38:55,691 | SENDER=context_node         TOPIC=/hri/context         SHA256=a64fb3cfbf73edd634404a40b5c36a0c53b982ba75ff4431360d795192f7cd87 DATA={"source": "ContextModel_v1", "environment": "Hospital_Ward", "crowding": "Low"}
2026-05-17 21:38:55,848 | SENDER=motion_node          TOPIC=/hri/motion          SHA256=47057cb03832ff6703fa433aeaebc384b8909ea65c4aff65f4dcc49f4cc45d4b DATA={"source": "MotionModel_v1", "label": "Approaching", "speed_ms": 0.5}
2026-05-17 21:38:55,927 | SENDER=emotion_node         TOPIC=/hri/emotion         SHA256=233bd8bb3234061a59ca442d23f43007648a3368103e5675644a5429d0b285b5 DATA={"source": "EmotionModel_v1", "label": "Neutral", "confidence": 0.82}
2026-05-17 21:38:56,377 | SENDER=gesture_node         TOPIC=/hri/gesture         SHA256=c2ca7ec6a2b868fc6f0b63c137325a34ca152502dcf8c4f14d4fc7668d81b609 DATA={"source": "GestureModel_v1", "label": "Beckon", "confidence": 0.8}
2026-05-17 21:38:57,691 | SENDER=context_node         TOPIC=/hri/context         SHA256=b88b3385b15277f264a4977a18a860ce4df5fa37ec2862844eecd37fad4c7813 DATA={"source": "ContextModel_v1", "environment": "Hospital_Corridor", "crowding": "High"}
2026-05-17 21:38:59,015 | SENDER=motion_node          TOPIC=/hri/motion          SHA256=e9b301eb421a3f4186a5f1ba296f3ac79ff1136a94f6b55ccefd24e45722e2dd DATA={"source": "MotionModel_v1", "label": "Approaching", "speed_ms": 0.72}
2026-05-17 21:38:59,094 | SENDER=emotion_node         TOPIC=/hri/emotion         SHA256=7e4cea7df6ae90779dab8d38d354ec821f41165e7ddef2b6161c177133bd2e6b DATA={"source": "EmotionModel_v1", "label": "Neutral", "confidence": 0.86}
2026-05-17 21:38:59,545 | SENDER=gesture_node         TOPIC=/hri/gesture         SHA256=d08bf1d062c8563e27397a25cd35892bc811731dee80beff2ea030173d6c2d16 DATA={"source": "GestureModel_v1", "label": "Thumbs_Up", "confidence": 0.86}
2026-05-17 21:38:59,848 | SENDER=motion_node          TOPIC=/hri/motion          SHA256=ab43c7ebcbaf73ae7cd5e297d1c224122bf92d3758af9b637b077b59092bf928 DATA={"source": "MotionModel_v1", "label": "Retreating", "speed_ms": 0.46}
2026-05-17 21:38:59,926 | SENDER=emotion_node         TOPIC=/hri/emotion         SHA256=b1b6ae86a9609b1d32e1fc2ad5ce71c410e80d992a52d3150327ed2c5a13d5d0 DATA={"source": "EmotionModel_v1", "label": "Happy", "confidence": 0.96}
2026-05-17 21:39:00,378 | SENDER=gesture_node         TOPIC=/hri/gesture         SHA256=2f3b8570b684d4fa74465f1a58ba3a522605219d3622d152b92fb24550ea7a14 DATA={"source": "GestureModel_v1", "label": "Wave", "confidence": 0.9}
2026-05-17 21:39:00,858 | SENDER=context_node         TOPIC=/hri/context         SHA256=4f7f3e509d2a45b70dab96481bdeba99e5dd5787b28f81fbd5e9933a5b67478b DATA={"source": "ContextModel_v1", "environment": "Hospital_Reception", "crowding": "Medium"}
2026-05-17 21:39:01,691 | SENDER=context_node         TOPIC=/hri/context         SHA256=b88b3385b15277f264a4977a18a860ce4df5fa37ec2862844eecd37fad4c7813 DATA={"source": "ContextModel_v1", "environment": "Hospital_Corridor", "crowding": "High"}
2026-05-17 21:39:01,848 | SENDER=motion_node          TOPIC=/hri/motion          SHA256=e8bf62683a5f483a067e90abacc6c67e672c2621617209b280c1f005297fa51b DATA={"source": "MotionModel_v1", "label": "Approaching", "speed_ms": 1.08}
2026-05-17 21:39:01,927 | SENDER=emotion_node         TOPIC=/hri/emotion         SHA256=c97beabb29a7d067f58838c84617319171a090079c72d75459bf3126e73a0b29 DATA={"source": "EmotionModel_v1", "label": "Panicked", "confidence": 0.92}
2026-05-17 21:39:02,378 | SENDER=gesture_node         TOPIC=/hri/gesture         SHA256=3ecfd8986e395125c84f18e5ae99ca501d0aeb626128e03435d34223d907b0dd DATA={"source": "GestureModel_v1", "label": "Point", "confidence": 0.91}
2026-05-17 21:39:03,695 | SENDER=context_node         TOPIC=/hri/context         SHA256=f83540b369d62d3a3626f4487a33a8fb933121643231b1e0e5d4aeab15d1aac7 DATA={"source": "ContextModel_v1", "environment": "Museum_Gallery", "crowding": "Low"}
2026-05-17 21:39:03,848 | SENDER=motion_node          TOPIC=/hri/motion          SHA256=165e42e4a17830e3ca8a97870afaea99d2ba383d4c6c8749af4d03c3310e9fb0 DATA={"source": "MotionModel_v1", "label": "Wandering", "speed_ms": 0.22}
2026-05-17 21:39:03,926 | SENDER=emotion_node         TOPIC=/hri/emotion         SHA256=cf406c65b3f5c61b3fdc0ac4367fb476c9abce8be1e6af674dcea56d4c0abd65 DATA={"source": "EmotionModel_v1", "label": "Angry", "confidence": 0.87}
2026-05-17 21:39:04,377 | SENDER=gesture_node         TOPIC=/hri/gesture         SHA256=ab0c738f88aa89f042fa5de523b57602eb39ca46f6a33a9c066709723504c33b DATA={"source": "GestureModel_v1", "label": "Wave", "confidence": 0.87}
2026-05-17 21:39:05,692 | SENDER=context_node         TOPIC=/hri/context         SHA256=a64fb3cfbf73edd634404a40b5c36a0c53b982ba75ff4431360d795192f7cd87 DATA={"source": "ContextModel_v1", "environment": "Hospital_Ward", "crowding": "Low"}
2026-05-17 21:39:05,848 | SENDER=motion_node          TOPIC=/hri/motion          SHA256=5f2c3faf92a12e17034e127d9034773933af26aa1e6da8788b91bafc6144b8cd DATA={"source": "MotionModel_v1", "label": "Approaching", "speed_ms": 1.09}
2026-05-17 21:39:05,926 | SENDER=emotion_node         TOPIC=/hri/emotion         SHA256=26b7a844daab074597993edadfe29fd5248840fc18fc84b6b513ea12bfd6011c DATA={"source": "EmotionModel_v1", "label": "Confused", "confidence": 0.88}
2026-05-17 21:39:06,378 | SENDER=gesture_node         TOPIC=/hri/gesture         SHA256=07f6a18ff66122470059036b3cc30429fda2758668b042c013231913c8770264 DATA={"source": "GestureModel_v1", "label": "Wave", "confidence": 0.96}
2026-05-17 21:39:07,691 | SENDER=context_node         TOPIC=/hri/context         SHA256=f83540b369d62d3a3626f4487a33a8fb933121643231b1e0e5d4aeab15d1aac7 DATA={"source": "ContextModel_v1", "environment": "Museum_Gallery", "crowding": "Low"}
2026-05-17 21:39:07,848 | SENDER=motion_node          TOPIC=/hri/motion          SHA256=a8d1605c665da0d90c5926d0781f9a93520e3cae71baa0121d9435c357915c70 DATA={"source": "MotionModel_v1", "label": "Running", "speed_ms": 2.41}
2026-05-17 21:39:07,926 | SENDER=emotion_node         TOPIC=/hri/emotion         SHA256=d4074f4824daacea312d44fe003b97ab003d1c7b4d7434f63558e3c245317f0c DATA={"source": "EmotionModel_v1", "label": "Confused", "confidence": 0.86}
2026-05-17 21:39:08,378 | SENDER=gesture_node         TOPIC=/hri/gesture         SHA256=203b2d0a5edc0f8e97c13de91d282f857606abf810e68b3ce8dba1fa1abc4fe1 DATA={"source": "GestureModel_v1", "label": "Wave", "confidence": 0.94}
2026-05-17 21:39:09,692 | SENDER=context_node         TOPIC=/hri/context         SHA256=0328fe086d7abbbd5cc66066c96aec10db560086a0f840535d8d2da0875519d9 DATA={"source": "ContextModel_v1", "environment": "Retail_Aisle", "crowding": "Medium"}
2026-05-17 21:39:09,848 | SENDER=motion_node          TOPIC=/hri/motion          SHA256=e9e72f3216bab8d211a7c31ca4e5f8789e65e366b5af64640c006f1b08db5710 DATA={"source": "MotionModel_v1", "label": "Stationary", "speed_ms": 0.08}
2026-05-17 21:39:09,926 | SENDER=emotion_node         TOPIC=/hri/emotion         SHA256=26b7a844daab074597993edadfe29fd5248840fc18fc84b6b513ea12bfd6011c DATA={"source": "EmotionModel_v1", "label": "Confused", "confidence": 0.88}
2026-05-17 21:39:10,378 | SENDER=gesture_node         TOPIC=/hri/gesture         SHA256=757678849b1b5e94f27cae2f19e40e63b8696e8864d759874ba58f978f25fc46 DATA={"source": "GestureModel_v1", "label": "Thumbs_Up", "confidence": 0.88}
2026-05-17 21:39:11,691 | SENDER=context_node         TOPIC=/hri/context         SHA256=f83540b369d62d3a3626f4487a33a8fb933121643231b1e0e5d4aeab15d1aac7 DATA={"source": "ContextModel_v1", "environment": "Museum_Gallery", "crowding": "Low"}
2026-05-17 21:39:11,848 | SENDER=motion_node          TOPIC=/hri/motion          SHA256=c4bed9b475122a54a82d6930bf88bfec5e1fc598642bd13771d974096341948b DATA={"source": "MotionModel_v1", "label": "Retreating", "speed_ms": 0.32}
2026-05-17 21:39:11,926 | SENDER=emotion_node         TOPIC=/hri/emotion         SHA256=00859525ba0aa4fdb878ae87e001ac6dfb6c25c36af6d042ac530c69cb99ef29 DATA={"source": "EmotionModel_v1", "label": "Sad", "confidence": 0.88}
2026-05-17 21:39:12,378 | SENDER=gesture_node         TOPIC=/hri/gesture         SHA256=9cef38e1acce95f0a1a6d96909f129fc840f11c10b317618806b9c900bcd3a47 DATA={"source": "GestureModel_v1", "label": "Stop", "confidence": 0.88}
2026-05-17 21:39:13,692 | SENDER=context_node         TOPIC=/hri/context         SHA256=f83540b369d62d3a3626f4487a33a8fb933121643231b1e0e5d4aeab15d1aac7 DATA={"source": "ContextModel_v1", "environment": "Museum_Gallery", "crowding": "Low"}
2026-05-17 21:39:13,848 | SENDER=motion_node          TOPIC=/hri/motion          SHA256=961785fcc40bec16ddaad54a8455a3385b0db9a8de0afaafac25d770dc6ce2b7 DATA={"source": "MotionModel_v1", "label": "Stationary", "speed_ms": 0.09}
2026-05-17 21:39:13,926 | SENDER=emotion_node         TOPIC=/hri/emotion         SHA256=26b7a844daab074597993edadfe29fd5248840fc18fc84b6b513ea12bfd6011c DATA={"source": "EmotionModel_v1", "label": "Confused", "confidence": 0.88}
2026-05-17 21:39:14,378 | SENDER=gesture_node         TOPIC=/hri/gesture         SHA256=ab0c738f88aa89f042fa5de523b57602eb39ca46f6a33a9c066709723504c33b DATA={"source": "GestureModel_v1", "label": "Wave", "confidence": 0.87}
2026-05-17 21:39:15,691 | SENDER=context_node         TOPIC=/hri/context         SHA256=0328fe086d7abbbd5cc66066c96aec10db560086a0f840535d8d2da0875519d9 DATA={"source": "ContextModel_v1", "environment": "Retail_Aisle", "crowding": "Medium"}
2026-05-17 21:39:15,848 | SENDER=motion_node          TOPIC=/hri/motion          SHA256=db0b06a27c98129441f620ca6f0027d750e04f02df0f955d887f110fae0e24dc DATA={"source": "MotionModel_v1", "label": "Wandering", "speed_ms": 0.66}
2026-05-17 21:39:15,926 | SENDER=emotion_node         TOPIC=/hri/emotion         SHA256=b8012b46ee585333e5073979e18a89cc65619ec7851c1d916ecb1d34f0db83d3 DATA={"source": "EmotionModel_v1", "label": "Confused", "confidence": 0.85}
2026-05-17 21:39:16,377 | SENDER=gesture_node         TOPIC=/hri/gesture         SHA256=a3e7e2cbad1a013fe4afeb2b49a4084ba7a389be5aa136a97f339829cb995bcf DATA={"source": "GestureModel_v1", "label": "Wave", "confidence": 0.92}
2026-05-17 21:39:17,691 | SENDER=context_node         TOPIC=/hri/context         SHA256=f83540b369d62d3a3626f4487a33a8fb933121643231b1e0e5d4aeab15d1aac7 DATA={"source": "ContextModel_v1", "environment": "Museum_Gallery", "crowding": "Low"}
2026-05-17 21:39:17,851 | SENDER=motion_node          TOPIC=/hri/motion          SHA256=874039d5726adc76bba3dc73301d84cb514b488f991644e1418092d6cf963ca8 DATA={"source": "MotionModel_v1", "label": "Wandering", "speed_ms": 0.24}
2026-05-17 21:39:17,926 | SENDER=emotion_node         TOPIC=/hri/emotion         SHA256=ea6772e9fef11308c2984fd41b43641a361cff8a01ec39266385419dad9ae817 DATA={"source": "EmotionModel_v1", "label": "Neutral", "confidence": 0.81}
2026-05-17 21:39:18,380 | SENDER=gesture_node         TOPIC=/hri/gesture         SHA256=11e6fd7a0fe2b7cc02b1d5535340bfbce29e7a58080c7c95ca0cc6b929b3c01c DATA={"source": "GestureModel_v1", "label": "Cross_Arms", "confidence": 0.84}
2026-05-17 21:39:19,691 | SENDER=context_node         TOPIC=/hri/context         SHA256=0328fe086d7abbbd5cc66066c96aec10db560086a0f840535d8d2da0875519d9 DATA={"source": "ContextModel_v1", "environment": "Retail_Aisle", "crowding": "Medium"}
2026-05-17 21:39:19,848 | SENDER=motion_node          TOPIC=/hri/motion          SHA256=887cbb35575fd9020475f3ba1c2474993905791e24b9b8f9f723ada418e6cbfe DATA={"source": "MotionModel_v1", "label": "Wandering", "speed_ms": 0.54}
2026-05-17 21:39:19,927 | SENDER=emotion_node         TOPIC=/hri/emotion         SHA256=9f4fe36c3dbb6f7f4d021d28f1a295f67466675c1893f867480a382a8f8a6e1c DATA={"source": "EmotionModel_v1", "label": "Confused", "confidence": 0.9}
2026-05-17 21:39:20,378 | SENDER=gesture_node         TOPIC=/hri/gesture         SHA256=ab0c738f88aa89f042fa5de523b57602eb39ca46f6a33a9c066709723504c33b DATA={"source": "GestureModel_v1", "label": "Wave", "confidence": 0.87}
2026-05-17 21:39:21,691 | SENDER=context_node         TOPIC=/hri/context         SHA256=a64fb3cfbf73edd634404a40b5c36a0c53b982ba75ff4431360d795192f7cd87 DATA={"source": "ContextModel_v1", "environment": "Hospital_Ward", "crowding": "Low"}
2026-05-17 21:39:21,848 | SENDER=motion_node          TOPIC=/hri/motion          SHA256=836a36b97657c3b15604d622012ca6bb3c2a4bf59e6d78c8cf091fd850e88670 DATA={"source": "MotionModel_v1", "label": "Running", "speed_ms": 2.92}
2026-05-17 21:39:21,926 | SENDER=emotion_node         TOPIC=/hri/emotion         SHA256=75564a1282a304f3258327c33131cd0bdc88e76a79bf7b8a4bc6a7b658f10348 DATA={"source": "EmotionModel_v1", "label": "Panicked", "confidence": 0.88}
2026-05-17 21:39:22,377 | SENDER=gesture_node         TOPIC=/hri/gesture         SHA256=568ecd36f4f4603ad2d6e88961d9b734b5cf94576fa19fad4c496279ba28f9bd DATA={"source": "GestureModel_v1", "label": "Point", "confidence": 0.92}
2026-05-17 21:39:23,693 | SENDER=context_node         TOPIC=/hri/context         SHA256=a64fb3cfbf73edd634404a40b5c36a0c53b982ba75ff4431360d795192f7cd87 DATA={"source": "ContextModel_v1", "environment": "Hospital_Ward", "crowding": "Low"}
2026-05-17 21:39:23,851 | SENDER=motion_node          TOPIC=/hri/motion          SHA256=0185f071c52b5e53f656a1996fda5247eb2c2d84cd003793484415addd0d654a DATA={"source": "MotionModel_v1", "label": "Stationary", "speed_ms": 0.06}
2026-05-17 21:39:23,926 | SENDER=emotion_node         TOPIC=/hri/emotion         SHA256=def82fa5f6e5b9496b7405bb5a8c75e40de3b320de1185bbb8b26788cd65e167 DATA={"source": "EmotionModel_v1", "label": "Happy", "confidence": 0.88}
2026-05-17 21:39:24,379 | SENDER=gesture_node         TOPIC=/hri/gesture         SHA256=eeea3df0df901eb95e968cc45374dc95367eadfbdfc477222b3575958842b3f1 DATA={"source": "GestureModel_v1", "label": "Wave", "confidence": 0.91}
2026-05-17 21:39:25,693 | SENDER=context_node         TOPIC=/hri/context         SHA256=0328fe086d7abbbd5cc66066c96aec10db560086a0f840535d8d2da0875519d9 DATA={"source": "ContextModel_v1", "environment": "Retail_Aisle", "crowding": "Medium"}
2026-05-17 21:39:25,848 | SENDER=motion_node          TOPIC=/hri/motion          SHA256=034e794213f307bfb577e878adf0acd58c31757e2734083729585f2fa37912ce DATA={"source": "MotionModel_v1", "label": "Retreating", "speed_ms": 0.69}
2026-05-17 21:39:25,926 | SENDER=emotion_node         TOPIC=/hri/emotion         SHA256=ea6772e9fef11308c2984fd41b43641a361cff8a01ec39266385419dad9ae817 DATA={"source": "EmotionModel_v1", "label": "Neutral", "confidence": 0.81}
2026-05-17 21:39:26,377 | SENDER=gesture_node         TOPIC=/hri/gesture         SHA256=b868a174d8ba7b418c2e22e16d8986433ad618437acdea1412231009383b4b5c DATA={"source": "GestureModel_v1", "label": "Thumbs_Up", "confidence": 0.96}
2026-05-17 21:39:27,692 | SENDER=context_node         TOPIC=/hri/context         SHA256=4f7f3e509d2a45b70dab96481bdeba99e5dd5787b28f81fbd5e9933a5b67478b DATA={"source": "ContextModel_v1", "environment": "Hospital_Reception", "crowding": "Medium"}
2026-05-17 21:39:27,849 | SENDER=motion_node          TOPIC=/hri/motion          SHA256=7b597c1ca55c03e02b859e4b12873d7ae89bb4033245337d537ac8b5f21ae7a6 DATA={"source": "MotionModel_v1", "label": "Wandering", "speed_ms": 0.34}
2026-05-17 21:39:27,926 | SENDER=emotion_node         TOPIC=/hri/emotion         SHA256=ef8388a1c703316d6759d42afc8840c8134c7ac51660cbd318c7c2f89ecfe58a DATA={"source": "EmotionModel_v1", "label": "Happy", "confidence": 0.9}
2026-05-17 21:39:28,377 | SENDER=gesture_node         TOPIC=/hri/gesture         SHA256=7aaa1e3abbb327109af14e098990942b4716eb543d9cace7adbc352844a7b116 DATA={"source": "GestureModel_v1", "label": "Wave", "confidence": 0.95}
2026-05-17 21:39:29,693 | SENDER=context_node         TOPIC=/hri/context         SHA256=a64fb3cfbf73edd634404a40b5c36a0c53b982ba75ff4431360d795192f7cd87 DATA={"source": "ContextModel_v1", "environment": "Hospital_Ward", "crowding": "Low"}
2026-05-17 21:39:29,848 | SENDER=motion_node          TOPIC=/hri/motion          SHA256=b0db0562b0a00453d533162214b6b40d4f326d37c7f36a53339115bb68ec16a0 DATA={"source": "MotionModel_v1", "label": "Approaching", "speed_ms": 1.15}
2026-05-17 21:39:29,926 | SENDER=emotion_node         TOPIC=/hri/emotion         SHA256=c5793a326aaafa2680ba4284459d95ab792410348373037a6131eebc1451b6b6 DATA={"source": "EmotionModel_v1", "label": "Angry", "confidence": 0.83}
2026-05-17 21:39:30,378 | SENDER=gesture_node         TOPIC=/hri/gesture         SHA256=524fc014844a08712c1cd4b202d4cbb4293a113c37f6949572e9d7b979b80d33 DATA={"source": "GestureModel_v1", "label": "Cross_Arms", "confidence": 0.79}
2026-05-17 21:39:32,879 | SENDER=context_node         TOPIC=/hri/context         SHA256=a64fb3cfbf73edd634404a40b5c36a0c53b982ba75ff4431360d795192f7cd87 DATA={"source": "ContextModel_v1", "environment": "Hospital_Ward", "crowding": "Low"}
2026-05-17 21:39:33,033 | SENDER=motion_node          TOPIC=/hri/motion          SHA256=e9e72f3216bab8d211a7c31ca4e5f8789e65e366b5af64640c006f1b08db5710 DATA={"source": "MotionModel_v1", "label": "Stationary", "speed_ms": 0.08}
2026-05-17 21:39:33,111 | SENDER=emotion_node         TOPIC=/hri/emotion         SHA256=21b8d3facfd69e37dd7c79e05619c7e3cab414c0b9e7dd6bf6f2f8eaba7eed36 DATA={"source": "EmotionModel_v1", "label": "Happy", "confidence": 0.91}
2026-05-17 21:39:33,562 | SENDER=gesture_node         TOPIC=/hri/gesture         SHA256=6d9f44dec9737b364988e46813b11217c1155dab432b7e6a322a7fade490707f DATA={"source": "GestureModel_v1", "label": "Stop", "confidence": 0.99}
2026-05-17 21:39:33,691 | SENDER=context_node         TOPIC=/hri/context         SHA256=0328fe086d7abbbd5cc66066c96aec10db560086a0f840535d8d2da0875519d9 DATA={"source": "ContextModel_v1", "environment": "Retail_Aisle", "crowding": "Medium"}
2026-05-17 21:39:33,849 | SENDER=motion_node          TOPIC=/hri/motion          SHA256=de35e8fc45278d0d1663fff6b3d6885c7acfd727af1aab9b7b04a97b170cfeef DATA={"source": "MotionModel_v1", "label": "Wandering", "speed_ms": 0.53}
2026-05-17 21:39:33,927 | SENDER=emotion_node         TOPIC=/hri/emotion         SHA256=2f82ecce2e3618087f7024ad42d3e0b6360e608be5d9efbca7fdef5171a408c2 DATA={"source": "EmotionModel_v1", "label": "Happy", "confidence": 0.93}
2026-05-17 21:39:34,378 | SENDER=gesture_node         TOPIC=/hri/gesture         SHA256=1d27a478ca4ab9822d3040f1cd6fca839b3ab9eafc4cbeaa895e44c33aac6f01 DATA={"source": "GestureModel_v1", "label": "Thumbs_Up", "confidence": 0.84}
2026-05-17 21:39:35,691 | SENDER=context_node         TOPIC=/hri/context         SHA256=f83540b369d62d3a3626f4487a33a8fb933121643231b1e0e5d4aeab15d1aac7 DATA={"source": "ContextModel_v1", "environment": "Museum_Gallery", "crowding": "Low"}
2026-05-17 21:39:35,849 | SENDER=motion_node          TOPIC=/hri/motion          SHA256=7fbe42df6721f731448d37773b24173854cfd4f3fe3d99dc83e14f3eb8d17509 DATA={"source": "MotionModel_v1", "label": "Approaching", "speed_ms": 0.95}
2026-05-17 21:39:35,927 | SENDER=emotion_node         TOPIC=/hri/emotion         SHA256=07d1b20cf76f5acfe8392d055d57b184bce0d401c09383fbdc4a03f808b207a9 DATA={"source": "EmotionModel_v1", "label": "Sad", "confidence": 0.78}
2026-05-17 21:39:36,379 | SENDER=gesture_node         TOPIC=/hri/gesture         SHA256=941d56202c5c870f0bcb091d9049b5eb7ea772b168c06eedda1469a5b1089d80 DATA={"source": "GestureModel_v1", "label": "Point", "confidence": 0.83}
2026-05-17 21:39:37,692 | SENDER=context_node         TOPIC=/hri/context         SHA256=b88b3385b15277f264a4977a18a860ce4df5fa37ec2862844eecd37fad4c7813 DATA={"source": "ContextModel_v1", "environment": "Hospital_Corridor", "crowding": "High"}
2026-05-17 21:39:37,848 | SENDER=motion_node          TOPIC=/hri/motion          SHA256=93a766434d14af6ff52aa0d1a325682a8e7bb31fb36cc5ae5d017b85468b4556 DATA={"source": "MotionModel_v1", "label": "Retreating", "speed_ms": 0.35}
2026-05-17 21:39:37,926 | SENDER=emotion_node         TOPIC=/hri/emotion         SHA256=dbbe40ed334054aee5be8141a38c431d9bbc4100f1e6718d9fd0c1ad36e3c66c DATA={"source": "EmotionModel_v1", "label": "Panicked", "confidence": 0.93}
2026-05-17 21:39:38,378 | SENDER=gesture_node         TOPIC=/hri/gesture         SHA256=eea59434a52107b7a82b1ad0c516a773c44b3917b2c46bbfdcb491c4f7882295 DATA={"source": "GestureModel_v1", "label": "Stop", "confidence": 0.98}
2026-05-17 21:39:39,699 | SENDER=context_node         TOPIC=/hri/context         SHA256=b88b3385b15277f264a4977a18a860ce4df5fa37ec2862844eecd37fad4c7813 DATA={"source": "ContextModel_v1", "environment": "Hospital_Corridor", "crowding": "High"}
2026-05-17 21:39:39,848 | SENDER=motion_node          TOPIC=/hri/motion          SHA256=f1ba7189afe89d2e60e953e76e124e80500f9087c08e1d9ef405c9a4e9dcafd6 DATA={"source": "MotionModel_v1", "label": "Retreating", "speed_ms": 0.64}
2026-05-17 21:39:39,926 | SENDER=emotion_node         TOPIC=/hri/emotion         SHA256=2f82ecce2e3618087f7024ad42d3e0b6360e608be5d9efbca7fdef5171a408c2 DATA={"source": "EmotionModel_v1", "label": "Happy", "confidence": 0.93}
2026-05-17 21:39:40,377 | SENDER=gesture_node         TOPIC=/hri/gesture         SHA256=203b2d0a5edc0f8e97c13de91d282f857606abf810e68b3ce8dba1fa1abc4fe1 DATA={"source": "GestureModel_v1", "label": "Wave", "confidence": 0.94}
2026-05-17 21:39:41,692 | SENDER=context_node         TOPIC=/hri/context         SHA256=f83540b369d62d3a3626f4487a33a8fb933121643231b1e0e5d4aeab15d1aac7 DATA={"source": "ContextModel_v1", "environment": "Museum_Gallery", "crowding": "Low"}
2026-05-17 21:39:41,848 | SENDER=motion_node          TOPIC=/hri/motion          SHA256=1eccd77a30e482f9b762b27e67f456bb4fa4525dc1e63da1f1a0bc201a731e4b DATA={"source": "MotionModel_v1", "label": "Running", "speed_ms": 3.05}
2026-05-17 21:39:41,926 | SENDER=emotion_node         TOPIC=/hri/emotion         SHA256=b7ef50907269775339990ba759422603a4410e00b2d9c828a1c34afac74406a3 DATA={"source": "EmotionModel_v1", "label": "Angry", "confidence": 0.9}
2026-05-17 21:39:42,378 | SENDER=gesture_node         TOPIC=/hri/gesture         SHA256=721bd19713e8d22af1a91566b14fbf22e8c148699b69ae10ba23de17f887208b DATA={"source": "GestureModel_v1", "label": "Stop", "confidence": 0.92}
2026-05-17 21:39:43,690 | SENDER=context_node         TOPIC=/hri/context         SHA256=4f7f3e509d2a45b70dab96481bdeba99e5dd5787b28f81fbd5e9933a5b67478b DATA={"source": "ContextModel_v1", "environment": "Hospital_Reception", "crowding": "Medium"}
2026-05-17 21:39:43,848 | SENDER=motion_node          TOPIC=/hri/motion          SHA256=8c50782eb8f23a380f25b0854a8a6c20b3c0582cd9c055315faea42d6eb78476 DATA={"source": "MotionModel_v1", "label": "Retreating", "speed_ms": 0.85}
2026-05-17 21:39:43,926 | SENDER=emotion_node         TOPIC=/hri/emotion         SHA256=b1b6ae86a9609b1d32e1fc2ad5ce71c410e80d992a52d3150327ed2c5a13d5d0 DATA={"source": "EmotionModel_v1", "label": "Happy", "confidence": 0.96}
2026-05-17 21:39:44,377 | SENDER=gesture_node         TOPIC=/hri/gesture         SHA256=a3e7e2cbad1a013fe4afeb2b49a4084ba7a389be5aa136a97f339829cb995bcf DATA={"source": "GestureModel_v1", "label": "Wave", "confidence": 0.92}
2026-05-17 21:39:45,691 | SENDER=context_node         TOPIC=/hri/context         SHA256=a64fb3cfbf73edd634404a40b5c36a0c53b982ba75ff4431360d795192f7cd87 DATA={"source": "ContextModel_v1", "environment": "Hospital_Ward", "crowding": "Low"}
2026-05-17 21:39:45,848 | SENDER=motion_node          TOPIC=/hri/motion          SHA256=88c545b2b9d8be83997dc9e01d48a6b62d3bd596d953d5c247e442c512893ea9 DATA={"source": "MotionModel_v1", "label": "Running", "speed_ms": 2.46}
2026-05-17 21:39:45,926 | SENDER=emotion_node         TOPIC=/hri/emotion         SHA256=9beddab6b207fd0240159a70ae954ac7e1a4f55bfaa7771671c43bf498cc8ec8 DATA={"source": "EmotionModel_v1", "label": "Angry", "confidence": 0.78}
2026-05-17 21:39:46,377 | SENDER=gesture_node         TOPIC=/hri/gesture         SHA256=a3e7e2cbad1a013fe4afeb2b49a4084ba7a389be5aa136a97f339829cb995bcf DATA={"source": "GestureModel_v1", "label": "Wave", "confidence": 0.92}
2026-05-17 21:39:47,692 | SENDER=context_node         TOPIC=/hri/context         SHA256=0328fe086d7abbbd5cc66066c96aec10db560086a0f840535d8d2da0875519d9 DATA={"source": "ContextModel_v1", "environment": "Retail_Aisle", "crowding": "Medium"}
2026-05-17 21:39:47,848 | SENDER=motion_node          TOPIC=/hri/motion          SHA256=a359a737c4a8f83de8a70af073b343f97c0726f835bbb4dbf1d97bf7ee31880f DATA={"source": "MotionModel_v1", "label": "Stationary", "speed_ms": 0.07}
2026-05-17 21:39:47,926 | SENDER=emotion_node         TOPIC=/hri/emotion         SHA256=bd7df66e589fc65612ba80c9511f32ca0bd95b51c08bff4643c46f4c26640c83 DATA={"source": "EmotionModel_v1", "label": "Panicked", "confidence": 0.94}
2026-05-17 21:39:48,377 | SENDER=gesture_node         TOPIC=/hri/gesture         SHA256=62434f50539b04787134308277b1e06687ba3619d47877f2760dc09e7fc2bcf3 DATA={"source": "GestureModel_v1", "label": "Cross_Arms", "confidence": 0.78}
2026-05-17 21:39:49,691 | SENDER=context_node         TOPIC=/hri/context         SHA256=b88b3385b15277f264a4977a18a860ce4df5fa37ec2862844eecd37fad4c7813 DATA={"source": "ContextModel_v1", "environment": "Hospital_Corridor", "crowding": "High"}
2026-05-17 21:39:49,848 | SENDER=motion_node          TOPIC=/hri/motion          SHA256=515e5c1e86e4d0bbed32a0b4d415c8adc8bf3e01a43b15b6536b8997c40535a1 DATA={"source": "MotionModel_v1", "label": "Stationary", "speed_ms": 0.05}
2026-05-17 21:39:49,927 | SENDER=emotion_node         TOPIC=/hri/emotion         SHA256=003585fd167f61cac7b5f185b4559b1326f928d6d22ff3679164d2ae0adacf95 DATA={"source": "EmotionModel_v1", "label": "Happy", "confidence": 0.94}
2026-05-17 21:39:50,378 | SENDER=gesture_node         TOPIC=/hri/gesture         SHA256=ff791522bd7f91043fa4240733a276a7ea3cc81761af1f1759a1d59910f2846f DATA={"source": "GestureModel_v1", "label": "Beckon", "confidence": 0.87}
2026-05-17 21:39:51,693 | SENDER=context_node         TOPIC=/hri/context         SHA256=f83540b369d62d3a3626f4487a33a8fb933121643231b1e0e5d4aeab15d1aac7 DATA={"source": "ContextModel_v1", "environment": "Museum_Gallery", "crowding": "Low"}
2026-05-17 21:39:51,849 | SENDER=motion_node          TOPIC=/hri/motion          SHA256=7b597c1ca55c03e02b859e4b12873d7ae89bb4033245337d537ac8b5f21ae7a6 DATA={"source": "MotionModel_v1", "label": "Wandering", "speed_ms": 0.34}
2026-05-17 21:39:51,927 | SENDER=emotion_node         TOPIC=/hri/emotion         SHA256=e5cbca8c59c069739e9cdc18ad3ffc7e3ef023c941433dc28c7a7f42eb3facd0 DATA={"source": "EmotionModel_v1", "label": "Confused", "confidence": 0.83}
2026-05-17 21:39:52,378 | SENDER=gesture_node         TOPIC=/hri/gesture         SHA256=9c23e07af1c553433345d5ea1db582b01f88aaa69cfaff89eaecaa4d16ef97ce DATA={"source": "GestureModel_v1", "label": "Beckon", "confidence": 0.86}
2026-05-17 21:39:53,691 | SENDER=context_node         TOPIC=/hri/context         SHA256=a64fb3cfbf73edd634404a40b5c36a0c53b982ba75ff4431360d795192f7cd87 DATA={"source": "ContextModel_v1", "environment": "Hospital_Ward", "crowding": "Low"}
2026-05-17 21:39:53,848 | SENDER=motion_node          TOPIC=/hri/motion          SHA256=a80a2e0226e1fef86cf70b63e8bccbfd143ff67832653fef49ab14c8551433b9 DATA={"source": "MotionModel_v1", "label": "Wandering", "speed_ms": 0.44}
2026-05-17 21:39:53,926 | SENDER=emotion_node         TOPIC=/hri/emotion         SHA256=338e8a50a73c00172ac7f7628c783deca1c08a88523031c202a56f6b05ae0782 DATA={"source": "EmotionModel_v1", "label": "Confused", "confidence": 0.79}
2026-05-17 21:39:54,377 | SENDER=gesture_node         TOPIC=/hri/gesture         SHA256=567557a1528428c8fb1157a3a0fb4c1690c8c96455870d51ba01fa111151f296 DATA={"source": "GestureModel_v1", "label": "Cross_Arms", "confidence": 0.86}
2026-05-17 21:39:55,692 | SENDER=context_node         TOPIC=/hri/context         SHA256=a64fb3cfbf73edd634404a40b5c36a0c53b982ba75ff4431360d795192f7cd87 DATA={"source": "ContextModel_v1", "environment": "Hospital_Ward", "crowding": "Low"}
2026-05-17 21:39:55,848 | SENDER=motion_node          TOPIC=/hri/motion          SHA256=61015e844836f3c1a97b0ba68763ef66340418d68ae7870b5cd169088205d2ac DATA={"source": "MotionModel_v1", "label": "Running", "speed_ms": 2.9}
2026-05-17 21:39:55,929 | SENDER=emotion_node         TOPIC=/hri/emotion         SHA256=a16e78978e9a387224a47e626b63b25a62b0930d7bed5f5b6524b2db1440d194 DATA={"source": "EmotionModel_v1", "label": "Panicked", "confidence": 0.89}
2026-05-17 21:39:56,378 | SENDER=gesture_node         TOPIC=/hri/gesture         SHA256=757678849b1b5e94f27cae2f19e40e63b8696e8864d759874ba58f978f25fc46 DATA={"source": "GestureModel_v1", "label": "Thumbs_Up", "confidence": 0.88}
2026-05-17 21:39:57,691 | SENDER=context_node         TOPIC=/hri/context         SHA256=b88b3385b15277f264a4977a18a860ce4df5fa37ec2862844eecd37fad4c7813 DATA={"source": "ContextModel_v1", "environment": "Hospital_Corridor", "crowding": "High"}
2026-05-17 21:39:57,850 | SENDER=motion_node          TOPIC=/hri/motion          SHA256=5bc2d5d070e2233c27d0ada07bd690145a2a5ba2be08bbc2b866ff0889ab2cd0 DATA={"source": "MotionModel_v1", "label": "Wandering", "speed_ms": 0.68}
2026-05-17 21:39:57,926 | SENDER=emotion_node         TOPIC=/hri/emotion         SHA256=07d1b20cf76f5acfe8392d055d57b184bce0d401c09383fbdc4a03f808b207a9 DATA={"source": "EmotionModel_v1", "label": "Sad", "confidence": 0.78}
2026-05-17 21:39:58,377 | SENDER=gesture_node         TOPIC=/hri/gesture         SHA256=6630dc25982d14b789913baeba7c7f59d76b2e6851bf61ba907d25f0a2a302d6 DATA={"source": "GestureModel_v1", "label": "Cross_Arms", "confidence": 0.92}
2026-05-17 21:39:59,691 | SENDER=context_node         TOPIC=/hri/context         SHA256=b88b3385b15277f264a4977a18a860ce4df5fa37ec2862844eecd37fad4c7813 DATA={"source": "ContextModel_v1", "environment": "Hospital_Corridor", "crowding": "High"}
2026-05-17 21:39:59,848 | SENDER=motion_node          TOPIC=/hri/motion          SHA256=6bd8d22471a97942a2f1be7f3deee538d215a58d1ebb4f96ace3c1d12f14933d DATA={"source": "MotionModel_v1", "label": "Running", "speed_ms": 1.92}
2026-05-17 21:39:59,926 | SENDER=emotion_node         TOPIC=/hri/emotion         SHA256=9beddab6b207fd0240159a70ae954ac7e1a4f55bfaa7771671c43bf498cc8ec8 DATA={"source": "EmotionModel_v1", "label": "Angry", "confidence": 0.78}
2026-05-17 21:40:00,377 | SENDER=gesture_node         TOPIC=/hri/gesture         SHA256=fe1ac882e5c284ef3f3faba2d64e2bacdf8c088b3b07eef400dfd00c66b4d12f DATA={"source": "GestureModel_v1", "label": "Thumbs_Up", "confidence": 0.83}
2026-05-17 21:40:01,694 | SENDER=context_node         TOPIC=/hri/context         SHA256=4f7f3e509d2a45b70dab96481bdeba99e5dd5787b28f81fbd5e9933a5b67478b DATA={"source": "ContextModel_v1", "environment": "Hospital_Reception", "crowding": "Medium"}
2026-05-17 21:40:01,848 | SENDER=motion_node          TOPIC=/hri/motion          SHA256=a8068d689543b73dab661ae3592634bdb8d0d7b6ae1d202363bb6c2cd56a7298 DATA={"source": "MotionModel_v1", "label": "Approaching", "speed_ms": 0.89}
2026-05-17 21:40:01,926 | SENDER=emotion_node         TOPIC=/hri/emotion         SHA256=7f17b9753dea1c89574f88c2320cb01cc212d91a5b4f0840c1479c2befa10a65 DATA={"source": "EmotionModel_v1", "label": "Confused", "confidence": 0.89}
2026-05-17 21:40:02,378 | SENDER=gesture_node         TOPIC=/hri/gesture         SHA256=4205621ed303fae6f5e5da63ada00cf83e4bf6ef8b07632c5feb2d0d235b3d30 DATA={"source": "GestureModel_v1", "label": "Point", "confidence": 0.88}
2026-05-17 21:40:03,692 | SENDER=context_node         TOPIC=/hri/context         SHA256=4f7f3e509d2a45b70dab96481bdeba99e5dd5787b28f81fbd5e9933a5b67478b DATA={"source": "ContextModel_v1", "environment": "Hospital_Reception", "crowding": "Medium"}
2026-05-17 21:40:03,849 | SENDER=motion_node          TOPIC=/hri/motion          SHA256=5da1ee9bd34481889e8d7ec051229f31bac17dbe090d333a6613d601cd33c8e9 DATA={"source": "MotionModel_v1", "label": "Wandering", "speed_ms": 0.38}
2026-05-17 21:40:03,927 | SENDER=emotion_node         TOPIC=/hri/emotion         SHA256=9c3a6d92f4d460c51551e184fafb9f9f41552534d0d7adf16bddfea14a771c37 DATA={"source": "EmotionModel_v1", "label": "Sad", "confidence": 0.86}
2026-05-17 21:40:04,377 | SENDER=gesture_node         TOPIC=/hri/gesture         SHA256=b7e9f74bceb3675a802434847049e10690a0b4ae22f74bb70b7698bea2ca39fc DATA={"source": "GestureModel_v1", "label": "Point", "confidence": 0.82}
2026-05-17 21:40:06,892 | SENDER=context_node         TOPIC=/hri/context         SHA256=f83540b369d62d3a3626f4487a33a8fb933121643231b1e0e5d4aeab15d1aac7 DATA={"source": "ContextModel_v1", "environment": "Museum_Gallery", "crowding": "Low"}
2026-05-17 21:40:07,045 | SENDER=motion_node          TOPIC=/hri/motion          SHA256=a359a737c4a8f83de8a70af073b343f97c0726f835bbb4dbf1d97bf7ee31880f DATA={"source": "MotionModel_v1", "label": "Stationary", "speed_ms": 0.07}
2026-05-17 21:40:07,124 | SENDER=emotion_node         TOPIC=/hri/emotion         SHA256=c4373afd645a7006318f98e2df204e1da4ae18e2a3431ccf16cca3b9332ebafa DATA={"source": "EmotionModel_v1", "label": "Sad", "confidence": 0.77}
2026-05-17 21:40:07,574 | SENDER=gesture_node         TOPIC=/hri/gesture         SHA256=58973deffa59167d658d90c2cc450855c6c6d02a30bf6c0386bf922b1cadcd2e DATA={"source": "GestureModel_v1", "label": "Stop", "confidence": 0.95}
2026-05-17 21:40:07,691 | SENDER=context_node         TOPIC=/hri/context         SHA256=4f7f3e509d2a45b70dab96481bdeba99e5dd5787b28f81fbd5e9933a5b67478b DATA={"source": "ContextModel_v1", "environment": "Hospital_Reception", "crowding": "Medium"}
2026-05-17 21:40:07,850 | SENDER=motion_node          TOPIC=/hri/motion          SHA256=4053bbc09513b6790b5b4454efea3d667e4bc7c56337f11ec10c32bac8f8350c DATA={"source": "MotionModel_v1", "label": "Running", "speed_ms": 2.78}
2026-05-17 21:40:07,928 | SENDER=emotion_node         TOPIC=/hri/emotion         SHA256=a44bc912b5604b2f3a0f393ac260493be3e0e92bdbb7f67ea569ae6e7c06746e DATA={"source": "EmotionModel_v1", "label": "Angry", "confidence": 0.81}
2026-05-17 21:40:08,379 | SENDER=gesture_node         TOPIC=/hri/gesture         SHA256=b7e9f74bceb3675a802434847049e10690a0b4ae22f74bb70b7698bea2ca39fc DATA={"source": "GestureModel_v1", "label": "Point", "confidence": 0.82}
2026-05-17 21:40:09,692 | SENDER=context_node         TOPIC=/hri/context         SHA256=f83540b369d62d3a3626f4487a33a8fb933121643231b1e0e5d4aeab15d1aac7 DATA={"source": "ContextModel_v1", "environment": "Museum_Gallery", "crowding": "Low"}
2026-05-17 21:40:09,848 | SENDER=motion_node          TOPIC=/hri/motion          SHA256=a616fedcff5d26c5ec45a2dfd3394bc6b5b800785deed3f94aff66205c7c8e6b DATA={"source": "MotionModel_v1", "label": "Wandering", "speed_ms": 0.59}
2026-05-17 21:40:09,927 | SENDER=emotion_node         TOPIC=/hri/emotion         SHA256=4637c439325137063921fdb8b3b51f8cc7160eeb5ab0029d5632d992dfb55ca7 DATA={"source": "EmotionModel_v1", "label": "Confused", "confidence": 0.82}
2026-05-17 21:40:10,377 | SENDER=gesture_node         TOPIC=/hri/gesture         SHA256=4811bf4d8ef8729831d87bd1c5fdac446b9be8533584c275d6c2378e09e8cffe DATA={"source": "GestureModel_v1", "label": "Cross_Arms", "confidence": 0.88}
2026-05-17 21:40:11,691 | SENDER=context_node         TOPIC=/hri/context         SHA256=b88b3385b15277f264a4977a18a860ce4df5fa37ec2862844eecd37fad4c7813 DATA={"source": "ContextModel_v1", "environment": "Hospital_Corridor", "crowding": "High"}
2026-05-17 21:40:11,850 | SENDER=motion_node          TOPIC=/hri/motion          SHA256=8bf498ecfe5a35469cd58537a694c8b2036df974dd087d3baaf78ee5fa24260e DATA={"source": "MotionModel_v1", "label": "Approaching", "speed_ms": 0.8}
2026-05-17 21:40:11,926 | SENDER=emotion_node         TOPIC=/hri/emotion         SHA256=68d9a54c36e749733e6d72908a91e4bc96e43c189d1488e01d780c25678f9ff1 DATA={"source": "EmotionModel_v1", "label": "Sad", "confidence": 0.89}
2026-05-17 21:40:12,378 | SENDER=gesture_node         TOPIC=/hri/gesture         SHA256=85eaa2be1b394fcce896c2957809ef37b7f0a76b6dfae67bec49934bbb9fde66 DATA={"source": "GestureModel_v1", "label": "Point", "confidence": 0.94}
2026-05-17 21:40:13,692 | SENDER=context_node         TOPIC=/hri/context         SHA256=4f7f3e509d2a45b70dab96481bdeba99e5dd5787b28f81fbd5e9933a5b67478b DATA={"source": "ContextModel_v1", "environment": "Hospital_Reception", "crowding": "Medium"}
2026-05-17 21:40:13,848 | SENDER=motion_node          TOPIC=/hri/motion          SHA256=0185f071c52b5e53f656a1996fda5247eb2c2d84cd003793484415addd0d654a DATA={"source": "MotionModel_v1", "label": "Stationary", "speed_ms": 0.06}
2026-05-17 21:40:13,926 | SENDER=emotion_node         TOPIC=/hri/emotion         SHA256=9f4fe36c3dbb6f7f4d021d28f1a295f67466675c1893f867480a382a8f8a6e1c DATA={"source": "EmotionModel_v1", "label": "Confused", "confidence": 0.9}
2026-05-17 21:40:14,377 | SENDER=gesture_node         TOPIC=/hri/gesture         SHA256=eea59434a52107b7a82b1ad0c516a773c44b3917b2c46bbfdcb491c4f7882295 DATA={"source": "GestureModel_v1", "label": "Stop", "confidence": 0.98}
2026-05-17 21:40:15,692 | SENDER=context_node         TOPIC=/hri/context         SHA256=b88b3385b15277f264a4977a18a860ce4df5fa37ec2862844eecd37fad4c7813 DATA={"source": "ContextModel_v1", "environment": "Hospital_Corridor", "crowding": "High"}
2026-05-17 21:40:15,848 | SENDER=motion_node          TOPIC=/hri/motion          SHA256=2314c6b90f5cdeeec411a88ad50bf648ff52421206803eebdc0a7d30195ce260 DATA={"source": "MotionModel_v1", "label": "Approaching", "speed_ms": 0.4}
2026-05-17 21:40:15,926 | SENDER=emotion_node         TOPIC=/hri/emotion         SHA256=5f56a2e6ea91db0269fb4bf51ad86c0ba9ce4b3e5985ae2e37c950e0f900a6e0 DATA={"source": "EmotionModel_v1", "label": "Neutral", "confidence": 0.92}
2026-05-17 21:40:16,378 | SENDER=gesture_node         TOPIC=/hri/gesture         SHA256=07f6a18ff66122470059036b3cc30429fda2758668b042c013231913c8770264 DATA={"source": "GestureModel_v1", "label": "Wave", "confidence": 0.96}
2026-05-17 21:40:17,697 | SENDER=context_node         TOPIC=/hri/context         SHA256=0328fe086d7abbbd5cc66066c96aec10db560086a0f840535d8d2da0875519d9 DATA={"source": "ContextModel_v1", "environment": "Retail_Aisle", "crowding": "Medium"}
2026-05-17 21:40:17,849 | SENDER=motion_node          TOPIC=/hri/motion          SHA256=515e5c1e86e4d0bbed32a0b4d415c8adc8bf3e01a43b15b6536b8997c40535a1 DATA={"source": "MotionModel_v1", "label": "Stationary", "speed_ms": 0.05}
2026-05-17 21:40:17,926 | SENDER=emotion_node         TOPIC=/hri/emotion         SHA256=6a64b3df5d5d4fa170734db5e68355663f3cfa0e16e340c0f869d534e05559f1 DATA={"source": "EmotionModel_v1", "label": "Neutral", "confidence": 0.87}
2026-05-17 21:40:18,377 | SENDER=gesture_node         TOPIC=/hri/gesture         SHA256=4811bf4d8ef8729831d87bd1c5fdac446b9be8533584c275d6c2378e09e8cffe DATA={"source": "GestureModel_v1", "label": "Cross_Arms", "confidence": 0.88}
2026-05-17 21:40:19,691 | SENDER=context_node         TOPIC=/hri/context         SHA256=b88b3385b15277f264a4977a18a860ce4df5fa37ec2862844eecd37fad4c7813 DATA={"source": "ContextModel_v1", "environment": "Hospital_Corridor", "crowding": "High"}
2026-05-17 21:40:19,848 | SENDER=motion_node          TOPIC=/hri/motion          SHA256=779390fd1bd35dcba434964278e25393105b731db45fc9cb2e64699915971996 DATA={"source": "MotionModel_v1", "label": "Running", "speed_ms": 3.4}
2026-05-17 21:40:19,928 | SENDER=emotion_node         TOPIC=/hri/emotion         SHA256=65b09baf4db0c95e4c04018bd50ef430060708af28f1d51d9c65003c22a24e2e DATA={"source": "EmotionModel_v1", "label": "Neutral", "confidence": 0.95}
2026-05-17 21:40:20,378 | SENDER=gesture_node         TOPIC=/hri/gesture         SHA256=7aaa1e3abbb327109af14e098990942b4716eb543d9cace7adbc352844a7b116 DATA={"source": "GestureModel_v1", "label": "Wave", "confidence": 0.95}
2026-05-17 21:40:21,691 | SENDER=context_node         TOPIC=/hri/context         SHA256=b88b3385b15277f264a4977a18a860ce4df5fa37ec2862844eecd37fad4c7813 DATA={"source": "ContextModel_v1", "environment": "Hospital_Corridor", "crowding": "High"}
2026-05-17 21:40:21,849 | SENDER=motion_node          TOPIC=/hri/motion          SHA256=3d29793680bf5840d1829dd8148c80c8f38ecb456afeabada33460bceb8021aa DATA={"source": "MotionModel_v1", "label": "Retreating", "speed_ms": 0.72}
2026-05-17 21:40:21,926 | SENDER=emotion_node         TOPIC=/hri/emotion         SHA256=9c3a6d92f4d460c51551e184fafb9f9f41552534d0d7adf16bddfea14a771c37 DATA={"source": "EmotionModel_v1", "label": "Sad", "confidence": 0.86}
2026-05-17 21:40:22,380 | SENDER=gesture_node         TOPIC=/hri/gesture         SHA256=2f3b8570b684d4fa74465f1a58ba3a522605219d3622d152b92fb24550ea7a14 DATA={"source": "GestureModel_v1", "label": "Wave", "confidence": 0.9}
2026-05-17 21:40:23,691 | SENDER=context_node         TOPIC=/hri/context         SHA256=4f7f3e509d2a45b70dab96481bdeba99e5dd5787b28f81fbd5e9933a5b67478b DATA={"source": "ContextModel_v1", "environment": "Hospital_Reception", "crowding": "Medium"}
2026-05-17 21:40:23,850 | SENDER=motion_node          TOPIC=/hri/motion          SHA256=b98cff998a20e5203afb56155f8a95e1bc342586f86bc81dbbbde09f71e08a94 DATA={"source": "MotionModel_v1", "label": "Running", "speed_ms": 2.19}
2026-05-17 21:40:23,926 | SENDER=emotion_node         TOPIC=/hri/emotion         SHA256=5fd491b63c5e8c32a95f9626beba45596d13dba494ef814bb8a83401b8dae7b2 DATA={"source": "EmotionModel_v1", "label": "Angry", "confidence": 0.89}
2026-05-17 21:40:24,379 | SENDER=gesture_node         TOPIC=/hri/gesture         SHA256=1c26f0b6d9044fdafa1762a023dd598d667da44f5a8a353920b5a5dd5ffb649e DATA={"source": "GestureModel_v1", "label": "Beckon", "confidence": 0.89}
2026-05-17 21:40:25,691 | SENDER=context_node         TOPIC=/hri/context         SHA256=a64fb3cfbf73edd634404a40b5c36a0c53b982ba75ff4431360d795192f7cd87 DATA={"source": "ContextModel_v1", "environment": "Hospital_Ward", "crowding": "Low"}
2026-05-17 21:40:25,851 | SENDER=motion_node          TOPIC=/hri/motion          SHA256=885c1d3b05b57794bd4553ada0358b04c5ba1b343bace41b3ceec742f66465c7 DATA={"source": "MotionModel_v1", "label": "Stationary", "speed_ms": 0.02}
2026-05-17 21:40:25,927 | SENDER=emotion_node         TOPIC=/hri/emotion         SHA256=7f17b9753dea1c89574f88c2320cb01cc212d91a5b4f0840c1479c2befa10a65 DATA={"source": "EmotionModel_v1", "label": "Confused", "confidence": 0.89}
2026-05-17 21:40:26,377 | SENDER=gesture_node         TOPIC=/hri/gesture         SHA256=e6d3acb2c298209dd58d23c111adf470153ad7621a89d99ebf96dfaf8a2cb665 DATA={"source": "GestureModel_v1", "label": "Beckon", "confidence": 0.82}
2026-05-17 21:40:27,692 | SENDER=context_node         TOPIC=/hri/context         SHA256=f83540b369d62d3a3626f4487a33a8fb933121643231b1e0e5d4aeab15d1aac7 DATA={"source": "ContextModel_v1", "environment": "Museum_Gallery", "crowding": "Low"}
2026-05-17 21:40:27,850 | SENDER=motion_node          TOPIC=/hri/motion          SHA256=7b597c1ca55c03e02b859e4b12873d7ae89bb4033245337d537ac8b5f21ae7a6 DATA={"source": "MotionModel_v1", "label": "Wandering", "speed_ms": 0.34}
2026-05-17 21:40:27,927 | SENDER=emotion_node         TOPIC=/hri/emotion         SHA256=58f2a9c7827b5c84aab43cc7d2ed27bba5eac2d03fb0f135bf0f54e21702bf89 DATA={"source": "EmotionModel_v1", "label": "Angry", "confidence": 0.92}
2026-05-17 21:40:28,377 | SENDER=gesture_node         TOPIC=/hri/gesture         SHA256=3c410755877e02aec28e2377374134396d996576ba85f8487adbe18066cd4910 DATA={"source": "GestureModel_v1", "label": "Beckon", "confidence": 0.79}
2026-05-17 21:40:29,693 | SENDER=context_node         TOPIC=/hri/context         SHA256=b88b3385b15277f264a4977a18a860ce4df5fa37ec2862844eecd37fad4c7813 DATA={"source": "ContextModel_v1", "environment": "Hospital_Corridor", "crowding": "High"}
2026-05-17 21:40:29,848 | SENDER=motion_node          TOPIC=/hri/motion          SHA256=2c7ac27d2a2e5d1417bb25f90eb6189bc44cd1f806fc42d10fc6bcd70fb5d83c DATA={"source": "MotionModel_v1", "label": "Retreating", "speed_ms": 0.33}
2026-05-17 21:40:29,926 | SENDER=emotion_node         TOPIC=/hri/emotion         SHA256=c5793a326aaafa2680ba4284459d95ab792410348373037a6131eebc1451b6b6 DATA={"source": "EmotionModel_v1", "label": "Angry", "confidence": 0.83}
2026-05-17 21:40:30,378 | SENDER=gesture_node         TOPIC=/hri/gesture         SHA256=757678849b1b5e94f27cae2f19e40e63b8696e8864d759874ba58f978f25fc46 DATA={"source": "GestureModel_v1", "label": "Thumbs_Up", "confidence": 0.88}
2026-05-17 21:40:31,693 | SENDER=context_node         TOPIC=/hri/context         SHA256=0328fe086d7abbbd5cc66066c96aec10db560086a0f840535d8d2da0875519d9 DATA={"source": "ContextModel_v1", "environment": "Retail_Aisle", "crowding": "Medium"}
2026-05-17 21:40:31,849 | SENDER=motion_node          TOPIC=/hri/motion          SHA256=7b597c1ca55c03e02b859e4b12873d7ae89bb4033245337d537ac8b5f21ae7a6 DATA={"source": "MotionModel_v1", "label": "Wandering", "speed_ms": 0.34}
2026-05-17 21:40:31,931 | SENDER=emotion_node         TOPIC=/hri/emotion         SHA256=7beafe6004ed15f146adec68e8da13641fd903793a7ab000b39e040744469d0f DATA={"source": "EmotionModel_v1", "label": "Angry", "confidence": 0.76}
2026-05-17 21:40:32,378 | SENDER=gesture_node         TOPIC=/hri/gesture         SHA256=2f3b8570b684d4fa74465f1a58ba3a522605219d3622d152b92fb24550ea7a14 DATA={"source": "GestureModel_v1", "label": "Wave", "confidence": 0.9}
2026-05-17 21:40:33,691 | SENDER=context_node         TOPIC=/hri/context         SHA256=4f7f3e509d2a45b70dab96481bdeba99e5dd5787b28f81fbd5e9933a5b67478b DATA={"source": "ContextModel_v1", "environment": "Hospital_Reception", "crowding": "Medium"}
2026-05-17 21:40:33,848 | SENDER=motion_node          TOPIC=/hri/motion          SHA256=0a22a9e8ed96ea7a3b8c99534fa58e6447c6ca6502190ef909f33291fa511f7f DATA={"source": "MotionModel_v1", "label": "Stationary", "speed_ms": 0.03}
2026-05-17 21:40:33,926 | SENDER=emotion_node         TOPIC=/hri/emotion         SHA256=75564a1282a304f3258327c33131cd0bdc88e76a79bf7b8a4bc6a7b658f10348 DATA={"source": "EmotionModel_v1", "label": "Panicked", "confidence": 0.88}
2026-05-17 21:40:34,379 | SENDER=gesture_node         TOPIC=/hri/gesture         SHA256=c2ca7ec6a2b868fc6f0b63c137325a34ca152502dcf8c4f14d4fc7668d81b609 DATA={"source": "GestureModel_v1", "label": "Beckon", "confidence": 0.8}
2026-05-17 21:40:35,694 | SENDER=context_node         TOPIC=/hri/context         SHA256=0328fe086d7abbbd5cc66066c96aec10db560086a0f840535d8d2da0875519d9 DATA={"source": "ContextModel_v1", "environment": "Retail_Aisle", "crowding": "Medium"}
2026-05-17 21:40:35,848 | SENDER=motion_node          TOPIC=/hri/motion          SHA256=515e5c1e86e4d0bbed32a0b4d415c8adc8bf3e01a43b15b6536b8997c40535a1 DATA={"source": "MotionModel_v1", "label": "Stationary", "speed_ms": 0.05}
2026-05-17 21:40:35,926 | SENDER=emotion_node         TOPIC=/hri/emotion         SHA256=711685edb11d7f7975b724d921bc9e0c32030b2cc3a9ac2563d875694436b2bc DATA={"source": "EmotionModel_v1", "label": "Sad", "confidence": 0.82}
2026-05-17 21:40:36,377 | SENDER=gesture_node         TOPIC=/hri/gesture         SHA256=fe1ac882e5c284ef3f3faba2d64e2bacdf8c088b3b07eef400dfd00c66b4d12f DATA={"source": "GestureModel_v1", "label": "Thumbs_Up", "confidence": 0.83}
2026-05-17 21:40:37,691 | SENDER=context_node         TOPIC=/hri/context         SHA256=f83540b369d62d3a3626f4487a33a8fb933121643231b1e0e5d4aeab15d1aac7 DATA={"source": "ContextModel_v1", "environment": "Museum_Gallery", "crowding": "Low"}
2026-05-17 21:40:37,848 | SENDER=motion_node          TOPIC=/hri/motion          SHA256=ad2aabd030d9c55025077b3532362a9fdf013d5b2619abcddd864e82171bdfef DATA={"source": "MotionModel_v1", "label": "Approaching", "speed_ms": 0.83}
2026-05-17 21:40:37,926 | SENDER=emotion_node         TOPIC=/hri/emotion         SHA256=542cb0a557d680d2be3b4f1acda147bc296a1cc1f892f397b93700b4f170d620 DATA={"source": "EmotionModel_v1", "label": "Panicked", "confidence": 0.86}
2026-05-17 21:40:39,735 | SENDER=gesture_node         TOPIC=/hri/gesture         SHA256=b2a74b9ee4370910c7c9f7d4a909c0ad8e82f3e3373828aec156c25d7bfe406e DATA={"source": "GestureModel_v1", "label": "Beckon", "confidence": 0.84}
2026-05-17 21:40:40,377 | SENDER=gesture_node         TOPIC=/hri/gesture         SHA256=e8359e0ba7fccbb3f51c88c863ceb2d581caa47f5f71b2a1aa902cf2b1a7d2f3 DATA={"source": "GestureModel_v1", "label": "Cross_Arms", "confidence": 0.81}
2026-05-17 21:40:41,047 | SENDER=context_node         TOPIC=/hri/context         SHA256=a64fb3cfbf73edd634404a40b5c36a0c53b982ba75ff4431360d795192f7cd87 DATA={"source": "ContextModel_v1", "environment": "Hospital_Ward", "crowding": "Low"}
2026-05-17 21:40:41,205 | SENDER=motion_node          TOPIC=/hri/motion          SHA256=93a766434d14af6ff52aa0d1a325682a8e7bb31fb36cc5ae5d017b85468b4556 DATA={"source": "MotionModel_v1", "label": "Retreating", "speed_ms": 0.35}
2026-05-17 21:40:41,282 | SENDER=emotion_node         TOPIC=/hri/emotion         SHA256=1234be84924a9049244e5859fe0ba0054d1aa37b42680b45029c8cd0ad934b91 DATA={"source": "EmotionModel_v1", "label": "Panicked", "confidence": 0.98}
2026-05-17 21:40:41,691 | SENDER=context_node         TOPIC=/hri/context         SHA256=4f7f3e509d2a45b70dab96481bdeba99e5dd5787b28f81fbd5e9933a5b67478b DATA={"source": "ContextModel_v1", "environment": "Hospital_Reception", "crowding": "Medium"}
2026-05-17 21:40:41,848 | SENDER=motion_node          TOPIC=/hri/motion          SHA256=e9e72f3216bab8d211a7c31ca4e5f8789e65e366b5af64640c006f1b08db5710 DATA={"source": "MotionModel_v1", "label": "Stationary", "speed_ms": 0.08}
2026-05-17 21:40:41,926 | SENDER=emotion_node         TOPIC=/hri/emotion         SHA256=29d84c84411ab175865edb4e0e16a4a4e6ee6eedd5cbec349b55dd55428e4b47 DATA={"source": "EmotionModel_v1", "label": "Confused", "confidence": 0.8}
2026-05-17 21:40:42,378 | SENDER=gesture_node         TOPIC=/hri/gesture         SHA256=db95a7d232071aadf9be429e50e34bac857079c691f18c3e65de2a3df72b4407 DATA={"source": "GestureModel_v1", "label": "Wave", "confidence": 0.93}
2026-05-17 21:40:43,696 | SENDER=context_node         TOPIC=/hri/context         SHA256=f83540b369d62d3a3626f4487a33a8fb933121643231b1e0e5d4aeab15d1aac7 DATA={"source": "ContextModel_v1", "environment": "Museum_Gallery", "crowding": "Low"}
2026-05-17 21:40:43,848 | SENDER=motion_node          TOPIC=/hri/motion          SHA256=c8cf24993f4a98a7db0c7e951e795af5a136b42758620fdf37374a275407715c DATA={"source": "MotionModel_v1", "label": "Approaching", "speed_ms": 0.54}
2026-05-17 21:40:43,926 | SENDER=emotion_node         TOPIC=/hri/emotion         SHA256=233bd8bb3234061a59ca442d23f43007648a3368103e5675644a5429d0b285b5 DATA={"source": "EmotionModel_v1", "label": "Neutral", "confidence": 0.82}
2026-05-17 21:40:44,377 | SENDER=gesture_node         TOPIC=/hri/gesture         SHA256=757678849b1b5e94f27cae2f19e40e63b8696e8864d759874ba58f978f25fc46 DATA={"source": "GestureModel_v1", "label": "Thumbs_Up", "confidence": 0.88}
2026-05-17 21:40:45,696 | SENDER=context_node         TOPIC=/hri/context         SHA256=f83540b369d62d3a3626f4487a33a8fb933121643231b1e0e5d4aeab15d1aac7 DATA={"source": "ContextModel_v1", "environment": "Museum_Gallery", "crowding": "Low"}
2026-05-17 21:40:45,848 | SENDER=motion_node          TOPIC=/hri/motion          SHA256=25224a617f4f5d24aac56905cfb2d9d5216e805b3e97fdb3dbc32db117991aec DATA={"source": "MotionModel_v1", "label": "Wandering", "speed_ms": 0.3}
2026-05-17 21:40:45,926 | SENDER=emotion_node         TOPIC=/hri/emotion         SHA256=b1b6ae86a9609b1d32e1fc2ad5ce71c410e80d992a52d3150327ed2c5a13d5d0 DATA={"source": "EmotionModel_v1", "label": "Happy", "confidence": 0.96}
2026-05-17 21:40:46,378 | SENDER=gesture_node         TOPIC=/hri/gesture         SHA256=2f3b8570b684d4fa74465f1a58ba3a522605219d3622d152b92fb24550ea7a14 DATA={"source": "GestureModel_v1", "label": "Wave", "confidence": 0.9}
2026-05-17 21:40:47,693 | SENDER=context_node         TOPIC=/hri/context         SHA256=b88b3385b15277f264a4977a18a860ce4df5fa37ec2862844eecd37fad4c7813 DATA={"source": "ContextModel_v1", "environment": "Hospital_Corridor", "crowding": "High"}
2026-05-17 21:40:47,848 | SENDER=motion_node          TOPIC=/hri/motion          SHA256=ad2aabd030d9c55025077b3532362a9fdf013d5b2619abcddd864e82171bdfef DATA={"source": "MotionModel_v1", "label": "Approaching", "speed_ms": 0.83}
2026-05-17 21:40:47,927 | SENDER=emotion_node         TOPIC=/hri/emotion         SHA256=75564a1282a304f3258327c33131cd0bdc88e76a79bf7b8a4bc6a7b658f10348 DATA={"source": "EmotionModel_v1", "label": "Panicked", "confidence": 0.88}
2026-05-17 21:40:48,378 | SENDER=gesture_node         TOPIC=/hri/gesture         SHA256=ab0c738f88aa89f042fa5de523b57602eb39ca46f6a33a9c066709723504c33b DATA={"source": "GestureModel_v1", "label": "Wave", "confidence": 0.87}
2026-05-17 21:40:49,696 | SENDER=context_node         TOPIC=/hri/context         SHA256=b88b3385b15277f264a4977a18a860ce4df5fa37ec2862844eecd37fad4c7813 DATA={"source": "ContextModel_v1", "environment": "Hospital_Corridor", "crowding": "High"}
2026-05-17 21:40:49,848 | SENDER=motion_node          TOPIC=/hri/motion          SHA256=8f82937fec7000c0c808175804151d48b2bf581df7f1281d607e98aeadb9ff80 DATA={"source": "MotionModel_v1", "label": "Approaching", "speed_ms": 0.7}
2026-05-17 21:40:49,926 | SENDER=emotion_node         TOPIC=/hri/emotion         SHA256=a16e78978e9a387224a47e626b63b25a62b0930d7bed5f5b6524b2db1440d194 DATA={"source": "EmotionModel_v1", "label": "Panicked", "confidence": 0.89}
2026-05-17 21:40:50,379 | SENDER=gesture_node         TOPIC=/hri/gesture         SHA256=941d56202c5c870f0bcb091d9049b5eb7ea772b168c06eedda1469a5b1089d80 DATA={"source": "GestureModel_v1", "label": "Point", "confidence": 0.83}
2026-05-17 21:40:51,691 | SENDER=context_node         TOPIC=/hri/context         SHA256=b88b3385b15277f264a4977a18a860ce4df5fa37ec2862844eecd37fad4c7813 DATA={"source": "ContextModel_v1", "environment": "Hospital_Corridor", "crowding": "High"}
2026-05-17 21:40:51,850 | SENDER=motion_node          TOPIC=/hri/motion          SHA256=98a5e26cbd151261334700d1f9d30975e62ad196f05f0a0189d25fe6db9f1d1a DATA={"source": "MotionModel_v1", "label": "Running", "speed_ms": 2.25}
2026-05-17 21:40:51,926 | SENDER=emotion_node         TOPIC=/hri/emotion         SHA256=1dce560609a9d2f4938db0d258e18578b7f2146af2e9808cea373f78f52767e7 DATA={"source": "EmotionModel_v1", "label": "Angry", "confidence": 0.79}
2026-05-17 21:40:52,380 | SENDER=gesture_node         TOPIC=/hri/gesture         SHA256=65c18f592191716bd4713ca0311a437ad474800ebd3506cfd207376f6807f6ba DATA={"source": "GestureModel_v1", "label": "Thumbs_Up", "confidence": 0.87}
2026-05-17 21:40:53,691 | SENDER=context_node         TOPIC=/hri/context         SHA256=b88b3385b15277f264a4977a18a860ce4df5fa37ec2862844eecd37fad4c7813 DATA={"source": "ContextModel_v1", "environment": "Hospital_Corridor", "crowding": "High"}
2026-05-17 21:40:53,848 | SENDER=motion_node          TOPIC=/hri/motion          SHA256=5bc2d5d070e2233c27d0ada07bd690145a2a5ba2be08bbc2b866ff0889ab2cd0 DATA={"source": "MotionModel_v1", "label": "Wandering", "speed_ms": 0.68}
2026-05-17 21:40:53,926 | SENDER=emotion_node         TOPIC=/hri/emotion         SHA256=65b09baf4db0c95e4c04018bd50ef430060708af28f1d51d9c65003c22a24e2e DATA={"source": "EmotionModel_v1", "label": "Neutral", "confidence": 0.95}
2026-05-17 21:40:54,381 | SENDER=gesture_node         TOPIC=/hri/gesture         SHA256=0d4b16c73e3ed1114603730b82027a1fcd65990f149401bbf927fd2589b1ca25 DATA={"source": "GestureModel_v1", "label": "Thumbs_Up", "confidence": 0.85}
2026-05-17 21:40:55,696 | SENDER=context_node         TOPIC=/hri/context         SHA256=0328fe086d7abbbd5cc66066c96aec10db560086a0f840535d8d2da0875519d9 DATA={"source": "ContextModel_v1", "environment": "Retail_Aisle", "crowding": "Medium"}
2026-05-17 21:40:55,848 | SENDER=motion_node          TOPIC=/hri/motion          SHA256=0f3221253ddbc68ec5960c6103a1baa1fd4258c2b4eb723b0b6dc4eddb1e95ef DATA={"source": "MotionModel_v1", "label": "Retreating", "speed_ms": 0.84}
2026-05-17 21:40:55,927 | SENDER=emotion_node         TOPIC=/hri/emotion         SHA256=b5bae5853ba7db99f5fca54f4048107ae6a8be3dee2f415addc8f5a6e0f55421 DATA={"source": "EmotionModel_v1", "label": "Sad", "confidence": 0.83}
2026-05-17 21:40:56,379 | SENDER=gesture_node         TOPIC=/hri/gesture         SHA256=1bada581df882fed06f7aeae1b239a39313c8b114cc4a7970007d0c88593a117 DATA={"source": "GestureModel_v1", "label": "Stop", "confidence": 0.89}
2026-05-17 21:40:57,691 | SENDER=context_node         TOPIC=/hri/context         SHA256=b88b3385b15277f264a4977a18a860ce4df5fa37ec2862844eecd37fad4c7813 DATA={"source": "ContextModel_v1", "environment": "Hospital_Corridor", "crowding": "High"}
2026-05-17 21:40:57,848 | SENDER=motion_node          TOPIC=/hri/motion          SHA256=7b597c1ca55c03e02b859e4b12873d7ae89bb4033245337d537ac8b5f21ae7a6 DATA={"source": "MotionModel_v1", "label": "Wandering", "speed_ms": 0.34}
2026-05-17 21:40:57,926 | SENDER=emotion_node         TOPIC=/hri/emotion         SHA256=a566545654fcc155cea4db1532e34567402f70a77fb3ff3c4b0d6d4f83ccaf8e DATA={"source": "EmotionModel_v1", "label": "Angry", "confidence": 0.88}
2026-05-17 21:40:58,377 | SENDER=gesture_node         TOPIC=/hri/gesture         SHA256=721bd19713e8d22af1a91566b14fbf22e8c148699b69ae10ba23de17f887208b DATA={"source": "GestureModel_v1", "label": "Stop", "confidence": 0.92}
2026-05-17 21:40:59,691 | SENDER=context_node         TOPIC=/hri/context         SHA256=0328fe086d7abbbd5cc66066c96aec10db560086a0f840535d8d2da0875519d9 DATA={"source": "ContextModel_v1", "environment": "Retail_Aisle", "crowding": "Medium"}
2026-05-17 21:40:59,849 | SENDER=motion_node          TOPIC=/hri/motion          SHA256=45a309283fcf9d3796eee5e1e8bf68232cb442f18595f43f2c6bac979e8da810 DATA={"source": "MotionModel_v1", "label": "Approaching", "speed_ms": 0.46}
2026-05-17 21:40:59,927 | SENDER=emotion_node         TOPIC=/hri/emotion         SHA256=938d6edfbd07d1573b515bde9a93cbfbfcbbbd4f3096e3e016e5fda18998b7e4 DATA={"source": "EmotionModel_v1", "label": "Neutral", "confidence": 0.94}
2026-05-17 21:41:00,380 | SENDER=gesture_node         TOPIC=/hri/gesture         SHA256=af86edf6ee4495d7dc4fdbaeb3805b2c35947be88da925ea476e0d15668fe167 DATA={"source": "GestureModel_v1", "label": "Cross_Arms", "confidence": 0.89}
2026-05-17 21:41:01,691 | SENDER=context_node         TOPIC=/hri/context         SHA256=b88b3385b15277f264a4977a18a860ce4df5fa37ec2862844eecd37fad4c7813 DATA={"source": "ContextModel_v1", "environment": "Hospital_Corridor", "crowding": "High"}
2026-05-17 21:41:01,848 | SENDER=motion_node          TOPIC=/hri/motion          SHA256=82060af557cf8d9621ada7be5f39b728b2122feeeef2f906adc9d83bdea89420 DATA={"source": "MotionModel_v1", "label": "Approaching", "speed_ms": 0.86}
2026-05-17 21:41:01,926 | SENDER=emotion_node         TOPIC=/hri/emotion         SHA256=c9f62e048a71b2b7a2d2b3e01efa596035bef3940f5d6ee245990acc897438b2 DATA={"source": "EmotionModel_v1", "label": "Panicked", "confidence": 0.96}
2026-05-17 21:41:02,377 | SENDER=gesture_node         TOPIC=/hri/gesture         SHA256=fe1ac882e5c284ef3f3faba2d64e2bacdf8c088b3b07eef400dfd00c66b4d12f DATA={"source": "GestureModel_v1", "label": "Thumbs_Up", "confidence": 0.83}
2026-05-17 21:41:03,692 | SENDER=context_node         TOPIC=/hri/context         SHA256=4f7f3e509d2a45b70dab96481bdeba99e5dd5787b28f81fbd5e9933a5b67478b DATA={"source": "ContextModel_v1", "environment": "Hospital_Reception", "crowding": "Medium"}
2026-05-17 21:41:03,850 | SENDER=motion_node          TOPIC=/hri/motion          SHA256=e9e72f3216bab8d211a7c31ca4e5f8789e65e366b5af64640c006f1b08db5710 DATA={"source": "MotionModel_v1", "label": "Stationary", "speed_ms": 0.08}
2026-05-17 21:41:03,927 | SENDER=emotion_node         TOPIC=/hri/emotion         SHA256=b1b6ae86a9609b1d32e1fc2ad5ce71c410e80d992a52d3150327ed2c5a13d5d0 DATA={"source": "EmotionModel_v1", "label": "Happy", "confidence": 0.96}
2026-05-17 21:41:04,377 | SENDER=gesture_node         TOPIC=/hri/gesture         SHA256=c16ad41177289a7aadc458401d2c728ab3052043b041cd26005ccbb1aff9192c DATA={"source": "GestureModel_v1", "label": "Stop", "confidence": 0.97}
2026-05-17 21:41:05,691 | SENDER=context_node         TOPIC=/hri/context         SHA256=b88b3385b15277f264a4977a18a860ce4df5fa37ec2862844eecd37fad4c7813 DATA={"source": "ContextModel_v1", "environment": "Hospital_Corridor", "crowding": "High"}
2026-05-17 21:41:05,852 | SENDER=motion_node          TOPIC=/hri/motion          SHA256=2b2b9b2e2447d606989ac9deeadaa50fa5387f514565235cb0a44456c2340292 DATA={"source": "MotionModel_v1", "label": "Running", "speed_ms": 3.35}
2026-05-17 21:41:05,926 | SENDER=emotion_node         TOPIC=/hri/emotion         SHA256=7e4cea7df6ae90779dab8d38d354ec821f41165e7ddef2b6161c177133bd2e6b DATA={"source": "EmotionModel_v1", "label": "Neutral", "confidence": 0.86}
2026-05-17 21:41:06,377 | SENDER=gesture_node         TOPIC=/hri/gesture         SHA256=a3e7e2cbad1a013fe4afeb2b49a4084ba7a389be5aa136a97f339829cb995bcf DATA={"source": "GestureModel_v1", "label": "Wave", "confidence": 0.92}
2026-05-17 21:41:07,692 | SENDER=context_node         TOPIC=/hri/context         SHA256=4f7f3e509d2a45b70dab96481bdeba99e5dd5787b28f81fbd5e9933a5b67478b DATA={"source": "ContextModel_v1", "environment": "Hospital_Reception", "crowding": "Medium"}
2026-05-17 21:41:07,848 | SENDER=motion_node          TOPIC=/hri/motion          SHA256=cad9fedab5762512fbf14df70c39c4786c6d1b20b03a0b81e26d2caac4978236 DATA={"source": "MotionModel_v1", "label": "Wandering", "speed_ms": 0.58}
2026-05-17 21:41:07,926 | SENDER=emotion_node         TOPIC=/hri/emotion         SHA256=7e4cea7df6ae90779dab8d38d354ec821f41165e7ddef2b6161c177133bd2e6b DATA={"source": "EmotionModel_v1", "label": "Neutral", "confidence": 0.86}
2026-05-17 21:41:08,378 | SENDER=gesture_node         TOPIC=/hri/gesture         SHA256=e3939c6d249bceae1c9194e70ced34c91a901afbf0d22af6d3a5b3c2558647f5 DATA={"source": "GestureModel_v1", "label": "Stop", "confidence": 0.94}
2026-05-17 21:41:09,694 | SENDER=context_node         TOPIC=/hri/context         SHA256=b88b3385b15277f264a4977a18a860ce4df5fa37ec2862844eecd37fad4c7813 DATA={"source": "ContextModel_v1", "environment": "Hospital_Corridor", "crowding": "High"}
2026-05-17 21:41:09,848 | SENDER=motion_node          TOPIC=/hri/motion          SHA256=165e42e4a17830e3ca8a97870afaea99d2ba383d4c6c8749af4d03c3310e9fb0 DATA={"source": "MotionModel_v1", "label": "Wandering", "speed_ms": 0.22}
2026-05-17 21:41:09,926 | SENDER=emotion_node         TOPIC=/hri/emotion         SHA256=711685edb11d7f7975b724d921bc9e0c32030b2cc3a9ac2563d875694436b2bc DATA={"source": "EmotionModel_v1", "label": "Sad", "confidence": 0.82}
2026-05-17 21:41:10,379 | SENDER=gesture_node         TOPIC=/hri/gesture         SHA256=203b2d0a5edc0f8e97c13de91d282f857606abf810e68b3ce8dba1fa1abc4fe1 DATA={"source": "GestureModel_v1", "label": "Wave", "confidence": 0.94}
2026-05-17 21:41:12,867 | SENDER=context_node         TOPIC=/hri/context         SHA256=0328fe086d7abbbd5cc66066c96aec10db560086a0f840535d8d2da0875519d9 DATA={"source": "ContextModel_v1", "environment": "Retail_Aisle", "crowding": "Medium"}
2026-05-17 21:41:13,025 | SENDER=motion_node          TOPIC=/hri/motion          SHA256=12961301161fe52cdcf0e5b0837664c4173e38428dc1f1ff2b861b4ac8009fd3 DATA={"source": "MotionModel_v1", "label": "Retreating", "speed_ms": 0.56}
2026-05-17 21:41:13,103 | SENDER=emotion_node         TOPIC=/hri/emotion         SHA256=28969e8509e56f7ffa6a700e27d708c9ff6c3a4a5240eaeddd1bad1f9fdc748c DATA={"source": "EmotionModel_v1", "label": "Confused", "confidence": 0.87}
2026-05-17 21:41:13,554 | SENDER=gesture_node         TOPIC=/hri/gesture         SHA256=e3939c6d249bceae1c9194e70ced34c91a901afbf0d22af6d3a5b3c2558647f5 DATA={"source": "GestureModel_v1", "label": "Stop", "confidence": 0.94}
2026-05-17 21:41:13,694 | SENDER=context_node         TOPIC=/hri/context         SHA256=b88b3385b15277f264a4977a18a860ce4df5fa37ec2862844eecd37fad4c7813 DATA={"source": "ContextModel_v1", "environment": "Hospital_Corridor", "crowding": "High"}
2026-05-17 21:41:13,848 | SENDER=motion_node          TOPIC=/hri/motion          SHA256=83d163c40f7c2cf799931384d887cd17a696f42b2e70b7eab020d03cf99503e5 DATA={"source": "MotionModel_v1", "label": "Wandering", "speed_ms": 0.55}
2026-05-17 21:41:13,927 | SENDER=emotion_node         TOPIC=/hri/emotion         SHA256=9c3a6d92f4d460c51551e184fafb9f9f41552534d0d7adf16bddfea14a771c37 DATA={"source": "EmotionModel_v1", "label": "Sad", "confidence": 0.86}
2026-05-17 21:41:14,378 | SENDER=gesture_node         TOPIC=/hri/gesture         SHA256=941d56202c5c870f0bcb091d9049b5eb7ea772b168c06eedda1469a5b1089d80 DATA={"source": "GestureModel_v1", "label": "Point", "confidence": 0.83}
2026-05-17 21:41:15,693 | SENDER=context_node         TOPIC=/hri/context         SHA256=4f7f3e509d2a45b70dab96481bdeba99e5dd5787b28f81fbd5e9933a5b67478b DATA={"source": "ContextModel_v1", "environment": "Hospital_Reception", "crowding": "Medium"}
2026-05-17 21:41:15,849 | SENDER=motion_node          TOPIC=/hri/motion          SHA256=0de461d287332b09ba29614350bed72145832c1b6f87c73b76a01b2ba9142a07 DATA={"source": "MotionModel_v1", "label": "Approaching", "speed_ms": 0.93}
2026-05-17 21:41:15,926 | SENDER=emotion_node         TOPIC=/hri/emotion         SHA256=c9f62e048a71b2b7a2d2b3e01efa596035bef3940f5d6ee245990acc897438b2 DATA={"source": "EmotionModel_v1", "label": "Panicked", "confidence": 0.96}
2026-05-17 21:41:16,378 | SENDER=gesture_node         TOPIC=/hri/gesture         SHA256=65c18f592191716bd4713ca0311a437ad474800ebd3506cfd207376f6807f6ba DATA={"source": "GestureModel_v1", "label": "Thumbs_Up", "confidence": 0.87}
2026-05-17 21:41:17,691 | SENDER=context_node         TOPIC=/hri/context         SHA256=b88b3385b15277f264a4977a18a860ce4df5fa37ec2862844eecd37fad4c7813 DATA={"source": "ContextModel_v1", "environment": "Hospital_Corridor", "crowding": "High"}
2026-05-17 21:41:17,848 | SENDER=motion_node          TOPIC=/hri/motion          SHA256=515e5c1e86e4d0bbed32a0b4d415c8adc8bf3e01a43b15b6536b8997c40535a1 DATA={"source": "MotionModel_v1", "label": "Stationary", "speed_ms": 0.05}
2026-05-17 21:41:17,927 | SENDER=emotion_node         TOPIC=/hri/emotion         SHA256=23f75cf2aa24df9c9db98112d1e711fb666ec845a4e79c5b61b52919f053e180 DATA={"source": "EmotionModel_v1", "label": "Happy", "confidence": 0.95}
2026-05-17 21:41:18,378 | SENDER=gesture_node         TOPIC=/hri/gesture         SHA256=641c3dda621dae518afaa84bb122e0fd38aaa475d79f4f2f95a3237156141a42 DATA={"source": "GestureModel_v1", "label": "Cross_Arms", "confidence": 0.82}
2026-05-17 21:41:19,694 | SENDER=context_node         TOPIC=/hri/context         SHA256=0328fe086d7abbbd5cc66066c96aec10db560086a0f840535d8d2da0875519d9 DATA={"source": "ContextModel_v1", "environment": "Retail_Aisle", "crowding": "Medium"}
2026-05-17 21:41:19,848 | SENDER=motion_node          TOPIC=/hri/motion          SHA256=ca8a2cf8336c281e2ac0f468b05eae8bb17f6d0b78e7748dcef7534bbe8260b8 DATA={"source": "MotionModel_v1", "label": "Running", "speed_ms": 3.47}
2026-05-17 21:41:19,926 | SENDER=emotion_node         TOPIC=/hri/emotion         SHA256=206f8eab2f2e7a704153e9142dbeaf03e7c21bd53326c7ea8b3f723a04077be1 DATA={"source": "EmotionModel_v1", "label": "Happy", "confidence": 0.92}
2026-05-17 21:41:20,377 | SENDER=gesture_node         TOPIC=/hri/gesture         SHA256=eea59434a52107b7a82b1ad0c516a773c44b3917b2c46bbfdcb491c4f7882295 DATA={"source": "GestureModel_v1", "label": "Stop", "confidence": 0.98}
2026-05-17 21:41:21,691 | SENDER=context_node         TOPIC=/hri/context         SHA256=b88b3385b15277f264a4977a18a860ce4df5fa37ec2862844eecd37fad4c7813 DATA={"source": "ContextModel_v1", "environment": "Hospital_Corridor", "crowding": "High"}
2026-05-17 21:41:21,849 | SENDER=motion_node          TOPIC=/hri/motion          SHA256=0ce1bac412be1ad42c08591cd9791b1e20648cf0f93d315dc5fc1d17a2951407 DATA={"source": "MotionModel_v1", "label": "Wandering", "speed_ms": 0.52}
2026-05-17 21:41:21,926 | SENDER=emotion_node         TOPIC=/hri/emotion         SHA256=92ba8953f0a9dc9df5a150689d2aa425d4006226c738c6a5e212ad207cce14db DATA={"source": "EmotionModel_v1", "label": "Sad", "confidence": 0.79}
2026-05-17 21:41:22,378 | SENDER=gesture_node         TOPIC=/hri/gesture         SHA256=721bd19713e8d22af1a91566b14fbf22e8c148699b69ae10ba23de17f887208b DATA={"source": "GestureModel_v1", "label": "Stop", "confidence": 0.92}
2026-05-17 21:41:23,693 | SENDER=context_node         TOPIC=/hri/context         SHA256=f83540b369d62d3a3626f4487a33a8fb933121643231b1e0e5d4aeab15d1aac7 DATA={"source": "ContextModel_v1", "environment": "Museum_Gallery", "crowding": "Low"}
2026-05-17 21:41:23,848 | SENDER=motion_node          TOPIC=/hri/motion          SHA256=c1029c93ea9fc651cf1cc63f817cb2e2a25c5b236b1a3e7bb0759f46d1d51ca1 DATA={"source": "MotionModel_v1", "label": "Running", "speed_ms": 2.01}
2026-05-17 21:41:23,926 | SENDER=emotion_node         TOPIC=/hri/emotion         SHA256=7e4cea7df6ae90779dab8d38d354ec821f41165e7ddef2b6161c177133bd2e6b DATA={"source": "EmotionModel_v1", "label": "Neutral", "confidence": 0.86}
2026-05-17 21:41:24,381 | SENDER=gesture_node         TOPIC=/hri/gesture         SHA256=b7e9f74bceb3675a802434847049e10690a0b4ae22f74bb70b7698bea2ca39fc DATA={"source": "GestureModel_v1", "label": "Point", "confidence": 0.82}
2026-05-17 21:41:25,693 | SENDER=context_node         TOPIC=/hri/context         SHA256=b88b3385b15277f264a4977a18a860ce4df5fa37ec2862844eecd37fad4c7813 DATA={"source": "ContextModel_v1", "environment": "Hospital_Corridor", "crowding": "High"}
2026-05-17 21:41:25,848 | SENDER=motion_node          TOPIC=/hri/motion          SHA256=6a7d735002b525b2bc4da22b9db721451b106eb0a24335a14a944881eb0ee372 DATA={"source": "MotionModel_v1", "label": "Retreating", "speed_ms": 0.4}
2026-05-17 21:41:25,926 | SENDER=emotion_node         TOPIC=/hri/emotion         SHA256=b1b6ae86a9609b1d32e1fc2ad5ce71c410e80d992a52d3150327ed2c5a13d5d0 DATA={"source": "EmotionModel_v1", "label": "Happy", "confidence": 0.96}
2026-05-17 21:41:26,380 | SENDER=gesture_node         TOPIC=/hri/gesture         SHA256=1bada581df882fed06f7aeae1b239a39313c8b114cc4a7970007d0c88593a117 DATA={"source": "GestureModel_v1", "label": "Stop", "confidence": 0.89}
2026-05-17 21:41:27,691 | SENDER=context_node         TOPIC=/hri/context         SHA256=f83540b369d62d3a3626f4487a33a8fb933121643231b1e0e5d4aeab15d1aac7 DATA={"source": "ContextModel_v1", "environment": "Museum_Gallery", "crowding": "Low"}
2026-05-17 21:41:27,849 | SENDER=motion_node          TOPIC=/hri/motion          SHA256=96a3ebc3b3cfb948cdd0dfc502343054a617d374415a95f764e97ddc04029648 DATA={"source": "MotionModel_v1", "label": "Retreating", "speed_ms": 0.49}
2026-05-17 21:41:27,926 | SENDER=emotion_node         TOPIC=/hri/emotion         SHA256=338e8a50a73c00172ac7f7628c783deca1c08a88523031c202a56f6b05ae0782 DATA={"source": "EmotionModel_v1", "label": "Confused", "confidence": 0.79}
2026-05-17 21:41:28,378 | SENDER=gesture_node         TOPIC=/hri/gesture         SHA256=58973deffa59167d658d90c2cc450855c6c6d02a30bf6c0386bf922b1cadcd2e DATA={"source": "GestureModel_v1", "label": "Stop", "confidence": 0.95}
2026-05-17 21:41:29,692 | SENDER=context_node         TOPIC=/hri/context         SHA256=a64fb3cfbf73edd634404a40b5c36a0c53b982ba75ff4431360d795192f7cd87 DATA={"source": "ContextModel_v1", "environment": "Hospital_Ward", "crowding": "Low"}
2026-05-17 21:41:29,849 | SENDER=motion_node          TOPIC=/hri/motion          SHA256=c5d7b8be2db34abd65525e057a7d01ef51aa9e78892f1103800c5f69ad61e698 DATA={"source": "MotionModel_v1", "label": "Running", "speed_ms": 2.95}
2026-05-17 21:41:29,926 | SENDER=emotion_node         TOPIC=/hri/emotion         SHA256=b1b6ae86a9609b1d32e1fc2ad5ce71c410e80d992a52d3150327ed2c5a13d5d0 DATA={"source": "EmotionModel_v1", "label": "Happy", "confidence": 0.96}
2026-05-17 21:41:30,377 | SENDER=gesture_node         TOPIC=/hri/gesture         SHA256=cc89d3ef7d81d2faae7a1b2fb58c914a09205ed61388339e1234c0def6653cf2 DATA={"source": "GestureModel_v1", "label": "Cross_Arms", "confidence": 0.85}
2026-05-17 21:41:31,692 | SENDER=context_node         TOPIC=/hri/context         SHA256=0328fe086d7abbbd5cc66066c96aec10db560086a0f840535d8d2da0875519d9 DATA={"source": "ContextModel_v1", "environment": "Retail_Aisle", "crowding": "Medium"}
2026-05-17 21:41:31,848 | SENDER=motion_node          TOPIC=/hri/motion          SHA256=ad5c56b7f1653f465679ce0b5cbdd5ef03aad7ca909840b8fbcd0b8ffb92ce36 DATA={"source": "MotionModel_v1", "label": "Retreating", "speed_ms": 0.71}
2026-05-17 21:41:31,926 | SENDER=emotion_node         TOPIC=/hri/emotion         SHA256=75564a1282a304f3258327c33131cd0bdc88e76a79bf7b8a4bc6a7b658f10348 DATA={"source": "EmotionModel_v1", "label": "Panicked", "confidence": 0.88}
2026-05-17 21:41:32,378 | SENDER=gesture_node         TOPIC=/hri/gesture         SHA256=568ecd36f4f4603ad2d6e88961d9b734b5cf94576fa19fad4c496279ba28f9bd DATA={"source": "GestureModel_v1", "label": "Point", "confidence": 0.92}
2026-05-17 21:41:33,691 | SENDER=context_node         TOPIC=/hri/context         SHA256=b88b3385b15277f264a4977a18a860ce4df5fa37ec2862844eecd37fad4c7813 DATA={"source": "ContextModel_v1", "environment": "Hospital_Corridor", "crowding": "High"}
2026-05-17 21:41:33,849 | SENDER=motion_node          TOPIC=/hri/motion          SHA256=4fc1ef7b47777bd8714f9b494f39f3887d0387aa1999d9fb6787790471d7986c DATA={"source": "MotionModel_v1", "label": "Wandering", "speed_ms": 0.6}
2026-05-17 21:41:33,926 | SENDER=emotion_node         TOPIC=/hri/emotion         SHA256=542cb0a557d680d2be3b4f1acda147bc296a1cc1f892f397b93700b4f170d620 DATA={"source": "EmotionModel_v1", "label": "Panicked", "confidence": 0.86}
2026-05-17 21:41:34,378 | SENDER=gesture_node         TOPIC=/hri/gesture         SHA256=be63e7660b916eb1e9541cc8d01b5d71cd4981159621a37da733f471ba243b94 DATA={"source": "GestureModel_v1", "label": "Point", "confidence": 0.85}
2026-05-17 21:41:35,691 | SENDER=context_node         TOPIC=/hri/context         SHA256=a64fb3cfbf73edd634404a40b5c36a0c53b982ba75ff4431360d795192f7cd87 DATA={"source": "ContextModel_v1", "environment": "Hospital_Ward", "crowding": "Low"}
2026-05-17 21:41:35,849 | SENDER=motion_node          TOPIC=/hri/motion          SHA256=857dd7fe348f2d1d694a12fb0bdd1035814d95ff8f3e747d5efde92502ce15b7 DATA={"source": "MotionModel_v1", "label": "Wandering", "speed_ms": 0.64}
2026-05-17 21:41:35,927 | SENDER=emotion_node         TOPIC=/hri/emotion         SHA256=68d9a54c36e749733e6d72908a91e4bc96e43c189d1488e01d780c25678f9ff1 DATA={"source": "EmotionModel_v1", "label": "Sad", "confidence": 0.89}
2026-05-17 21:41:36,377 | SENDER=gesture_node         TOPIC=/hri/gesture         SHA256=35912617a819bc270057bac9ae7346d7fb8cae37d746b08ff5974cd835925696 DATA={"source": "GestureModel_v1", "label": "Point", "confidence": 0.86}
2026-05-17 21:41:37,692 | SENDER=context_node         TOPIC=/hri/context         SHA256=b88b3385b15277f264a4977a18a860ce4df5fa37ec2862844eecd37fad4c7813 DATA={"source": "ContextModel_v1", "environment": "Hospital_Corridor", "crowding": "High"}
2026-05-17 21:41:37,849 | SENDER=motion_node          TOPIC=/hri/motion          SHA256=2314c6b90f5cdeeec411a88ad50bf648ff52421206803eebdc0a7d30195ce260 DATA={"source": "MotionModel_v1", "label": "Approaching", "speed_ms": 0.4}
2026-05-17 21:41:37,926 | SENDER=emotion_node         TOPIC=/hri/emotion         SHA256=00859525ba0aa4fdb878ae87e001ac6dfb6c25c36af6d042ac530c69cb99ef29 DATA={"source": "EmotionModel_v1", "label": "Sad", "confidence": 0.88}
2026-05-17 21:41:38,380 | SENDER=gesture_node         TOPIC=/hri/gesture         SHA256=c2ca7ec6a2b868fc6f0b63c137325a34ca152502dcf8c4f14d4fc7668d81b609 DATA={"source": "GestureModel_v1", "label": "Beckon", "confidence": 0.8}
2026-05-17 21:41:39,691 | SENDER=context_node         TOPIC=/hri/context         SHA256=4f7f3e509d2a45b70dab96481bdeba99e5dd5787b28f81fbd5e9933a5b67478b DATA={"source": "ContextModel_v1", "environment": "Hospital_Reception", "crowding": "Medium"}
2026-05-17 21:41:39,849 | SENDER=motion_node          TOPIC=/hri/motion          SHA256=b077429cd749ec5763116ba2393e73e9148ba9066e06efe18d002e3b104433fa DATA={"source": "MotionModel_v1", "label": "Approaching", "speed_ms": 0.41}
2026-05-17 21:41:39,926 | SENDER=emotion_node         TOPIC=/hri/emotion         SHA256=c97beabb29a7d067f58838c84617319171a090079c72d75459bf3126e73a0b29 DATA={"source": "EmotionModel_v1", "label": "Panicked", "confidence": 0.92}
2026-05-17 21:41:40,379 | SENDER=gesture_node         TOPIC=/hri/gesture         SHA256=e3939c6d249bceae1c9194e70ced34c91a901afbf0d22af6d3a5b3c2558647f5 DATA={"source": "GestureModel_v1", "label": "Stop", "confidence": 0.94}
2026-05-17 21:41:41,692 | SENDER=context_node         TOPIC=/hri/context         SHA256=4f7f3e509d2a45b70dab96481bdeba99e5dd5787b28f81fbd5e9933a5b67478b DATA={"source": "ContextModel_v1", "environment": "Hospital_Reception", "crowding": "Medium"}
2026-05-17 21:41:41,850 | SENDER=motion_node          TOPIC=/hri/motion          SHA256=61fd1a53eab1211fca9177c41eea9942f13c5ba6f88c894757451bb80f9b1f1f DATA={"source": "MotionModel_v1", "label": "Approaching", "speed_ms": 0.79}
2026-05-17 21:41:41,926 | SENDER=emotion_node         TOPIC=/hri/emotion         SHA256=26b7a844daab074597993edadfe29fd5248840fc18fc84b6b513ea12bfd6011c DATA={"source": "EmotionModel_v1", "label": "Confused", "confidence": 0.88}
2026-05-17 21:41:42,378 | SENDER=gesture_node         TOPIC=/hri/gesture         SHA256=5fed337a0a41811d63db9d6e9998b6775db60af51dbcca4d2364cde34df5fac4 DATA={"source": "GestureModel_v1", "label": "Stop", "confidence": 0.9}
2026-05-17 21:41:43,695 | SENDER=context_node         TOPIC=/hri/context         SHA256=b88b3385b15277f264a4977a18a860ce4df5fa37ec2862844eecd37fad4c7813 DATA={"source": "ContextModel_v1", "environment": "Hospital_Corridor", "crowding": "High"}
2026-05-17 21:41:43,849 | SENDER=motion_node          TOPIC=/hri/motion          SHA256=4bbe844bf9a06070cf4e80e5f12293ffa12fb3ea5e2fcb79dbdd8200ae1b35a5 DATA={"source": "MotionModel_v1", "label": "Retreating", "speed_ms": 0.61}
2026-05-17 21:41:43,926 | SENDER=emotion_node         TOPIC=/hri/emotion         SHA256=68d9a54c36e749733e6d72908a91e4bc96e43c189d1488e01d780c25678f9ff1 DATA={"source": "EmotionModel_v1", "label": "Sad", "confidence": 0.89}
2026-05-17 21:41:44,378 | SENDER=gesture_node         TOPIC=/hri/gesture         SHA256=11e6fd7a0fe2b7cc02b1d5535340bfbce29e7a58080c7c95ca0cc6b929b3c01c DATA={"source": "GestureModel_v1", "label": "Cross_Arms", "confidence": 0.84}
2026-05-17 21:41:46,896 | SENDER=context_node         TOPIC=/hri/context         SHA256=0328fe086d7abbbd5cc66066c96aec10db560086a0f840535d8d2da0875519d9 DATA={"source": "ContextModel_v1", "environment": "Retail_Aisle", "crowding": "Medium"}
2026-05-17 21:41:47,051 | SENDER=motion_node          TOPIC=/hri/motion          SHA256=be0eeb87fff38c0269a42dc1298d1957ab4f92a009b828f7452c517aeba0c2c8 DATA={"source": "MotionModel_v1", "label": "Retreating", "speed_ms": 0.52}
2026-05-17 21:41:47,128 | SENDER=emotion_node         TOPIC=/hri/emotion         SHA256=cde2f37f342c665de86357068364314c9948bbfa70c1390226eacc6c9333742c DATA={"source": "EmotionModel_v1", "label": "Confused", "confidence": 0.92}
2026-05-17 21:41:47,580 | SENDER=gesture_node         TOPIC=/hri/gesture         SHA256=567557a1528428c8fb1157a3a0fb4c1690c8c96455870d51ba01fa111151f296 DATA={"source": "GestureModel_v1", "label": "Cross_Arms", "confidence": 0.86}
2026-05-17 21:41:47,691 | SENDER=context_node         TOPIC=/hri/context         SHA256=f83540b369d62d3a3626f4487a33a8fb933121643231b1e0e5d4aeab15d1aac7 DATA={"source": "ContextModel_v1", "environment": "Museum_Gallery", "crowding": "Low"}
2026-05-17 21:41:47,848 | SENDER=motion_node          TOPIC=/hri/motion          SHA256=cac57f9c0fa8ff0bf9326b557c11d72b9ff8aac8544d954f9cc0cc44e60dbcc9 DATA={"source": "MotionModel_v1", "label": "Retreating", "speed_ms": 0.88}
2026-05-17 21:41:47,927 | SENDER=emotion_node         TOPIC=/hri/emotion         SHA256=4637c439325137063921fdb8b3b51f8cc7160eeb5ab0029d5632d992dfb55ca7 DATA={"source": "EmotionModel_v1", "label": "Confused", "confidence": 0.82}
2026-05-17 21:41:48,377 | SENDER=gesture_node         TOPIC=/hri/gesture         SHA256=203b2d0a5edc0f8e97c13de91d282f857606abf810e68b3ce8dba1fa1abc4fe1 DATA={"source": "GestureModel_v1", "label": "Wave", "confidence": 0.94}
2026-05-17 21:41:49,695 | SENDER=context_node         TOPIC=/hri/context         SHA256=f83540b369d62d3a3626f4487a33a8fb933121643231b1e0e5d4aeab15d1aac7 DATA={"source": "ContextModel_v1", "environment": "Museum_Gallery", "crowding": "Low"}
2026-05-17 21:41:49,848 | SENDER=motion_node          TOPIC=/hri/motion          SHA256=d8d866d2216fbfa440e776ae6ddc2bbe2fbc610439c35ce2711d7fb8d0024852 DATA={"source": "MotionModel_v1", "label": "Approaching", "speed_ms": 0.44}
2026-05-17 21:41:49,927 | SENDER=emotion_node         TOPIC=/hri/emotion         SHA256=58f2a9c7827b5c84aab43cc7d2ed27bba5eac2d03fb0f135bf0f54e21702bf89 DATA={"source": "EmotionModel_v1", "label": "Angry", "confidence": 0.92}
2026-05-17 21:41:50,378 | SENDER=gesture_node         TOPIC=/hri/gesture         SHA256=1bada581df882fed06f7aeae1b239a39313c8b114cc4a7970007d0c88593a117 DATA={"source": "GestureModel_v1", "label": "Stop", "confidence": 0.89}
2026-05-17 21:41:51,694 | SENDER=context_node         TOPIC=/hri/context         SHA256=a64fb3cfbf73edd634404a40b5c36a0c53b982ba75ff4431360d795192f7cd87 DATA={"source": "ContextModel_v1", "environment": "Hospital_Ward", "crowding": "Low"}
2026-05-17 21:41:51,848 | SENDER=motion_node          TOPIC=/hri/motion          SHA256=854d1b5fc1076b97c09fb39ef7487994c84fa02b6c33e89014bb8138e1f943f4 DATA={"source": "MotionModel_v1", "label": "Running", "speed_ms": 2.82}
2026-05-17 21:41:51,926 | SENDER=emotion_node         TOPIC=/hri/emotion         SHA256=68d9a54c36e749733e6d72908a91e4bc96e43c189d1488e01d780c25678f9ff1 DATA={"source": "EmotionModel_v1", "label": "Sad", "confidence": 0.89}
2026-05-17 21:41:52,377 | SENDER=gesture_node         TOPIC=/hri/gesture         SHA256=302e92bcdb3441312eeb6ef6f6bc6a6b48a089fae183ee89ca4e4abc52cda74b DATA={"source": "GestureModel_v1", "label": "Point", "confidence": 0.81}
2026-05-17 21:41:53,692 | SENDER=context_node         TOPIC=/hri/context         SHA256=4f7f3e509d2a45b70dab96481bdeba99e5dd5787b28f81fbd5e9933a5b67478b DATA={"source": "ContextModel_v1", "environment": "Hospital_Reception", "crowding": "Medium"}
2026-05-17 21:41:53,848 | SENDER=motion_node          TOPIC=/hri/motion          SHA256=1d05efac7eb9740c77c9f332660c02ce6dc07e71a31cca87b874607f28e225d8 DATA={"source": "MotionModel_v1", "label": "Running", "speed_ms": 1.97}
2026-05-17 21:41:53,927 | SENDER=emotion_node         TOPIC=/hri/emotion         SHA256=f690fd6b73297fb6b4bec0ac3bbe0b4989569ba692e87df3bb86f80ef6b6028f DATA={"source": "EmotionModel_v1", "label": "Sad", "confidence": 0.8}
2026-05-17 21:41:54,377 | SENDER=gesture_node         TOPIC=/hri/gesture         SHA256=41858cb651ab8d66a77131f1667e8d6152a1ef706585d2251aaddd3d2bb550ab DATA={"source": "GestureModel_v1", "label": "Stop", "confidence": 0.91}
2026-05-17 21:41:55,691 | SENDER=context_node         TOPIC=/hri/context         SHA256=b88b3385b15277f264a4977a18a860ce4df5fa37ec2862844eecd37fad4c7813 DATA={"source": "ContextModel_v1", "environment": "Hospital_Corridor", "crowding": "High"}
2026-05-17 21:41:55,848 | SENDER=motion_node          TOPIC=/hri/motion          SHA256=ad2aabd030d9c55025077b3532362a9fdf013d5b2619abcddd864e82171bdfef DATA={"source": "MotionModel_v1", "label": "Approaching", "speed_ms": 0.83}
2026-05-17 21:41:55,926 | SENDER=emotion_node         TOPIC=/hri/emotion         SHA256=938d6edfbd07d1573b515bde9a93cbfbfcbbbd4f3096e3e016e5fda18998b7e4 DATA={"source": "EmotionModel_v1", "label": "Neutral", "confidence": 0.94}
2026-05-17 21:41:56,377 | SENDER=gesture_node         TOPIC=/hri/gesture         SHA256=5b48d474e5c719d0060512121537934ef68d74571173327fae0285e65aba623b DATA={"source": "GestureModel_v1", "label": "Beckon", "confidence": 0.88}
2026-05-17 21:41:57,691 | SENDER=context_node         TOPIC=/hri/context         SHA256=f83540b369d62d3a3626f4487a33a8fb933121643231b1e0e5d4aeab15d1aac7 DATA={"source": "ContextModel_v1", "environment": "Museum_Gallery", "crowding": "Low"}
2026-05-17 21:41:57,848 | SENDER=motion_node          TOPIC=/hri/motion          SHA256=d8d866d2216fbfa440e776ae6ddc2bbe2fbc610439c35ce2711d7fb8d0024852 DATA={"source": "MotionModel_v1", "label": "Approaching", "speed_ms": 0.44}
2026-05-17 21:41:57,926 | SENDER=emotion_node         TOPIC=/hri/emotion         SHA256=fc4472a0e3e6cb848add7903cad45c0af5aa0c4fbe4ebc622c1d63dace00a456 DATA={"source": "EmotionModel_v1", "label": "Happy", "confidence": 0.89}
2026-05-17 21:41:58,379 | SENDER=gesture_node         TOPIC=/hri/gesture         SHA256=db95a7d232071aadf9be429e50e34bac857079c691f18c3e65de2a3df72b4407 DATA={"source": "GestureModel_v1", "label": "Wave", "confidence": 0.93}
2026-05-17 21:41:59,691 | SENDER=context_node         TOPIC=/hri/context         SHA256=4f7f3e509d2a45b70dab96481bdeba99e5dd5787b28f81fbd5e9933a5b67478b DATA={"source": "ContextModel_v1", "environment": "Hospital_Reception", "crowding": "Medium"}
2026-05-17 21:41:59,848 | SENDER=motion_node          TOPIC=/hri/motion          SHA256=4c5121eba8d78d1e05665090345d0b4cca9ead749b6be6b05db68eaca2a63fad DATA={"source": "MotionModel_v1", "label": "Wandering", "speed_ms": 0.62}
2026-05-17 21:41:59,926 | SENDER=emotion_node         TOPIC=/hri/emotion         SHA256=5fd491b63c5e8c32a95f9626beba45596d13dba494ef814bb8a83401b8dae7b2 DATA={"source": "EmotionModel_v1", "label": "Angry", "confidence": 0.89}
2026-05-17 21:42:00,378 | SENDER=gesture_node         TOPIC=/hri/gesture         SHA256=840bb44f9fb88f4805cc7472a662ab90e20618588a903cae2e350f546981f248 DATA={"source": "GestureModel_v1", "label": "Point", "confidence": 0.87}
2026-05-17 21:42:01,694 | SENDER=context_node         TOPIC=/hri/context         SHA256=0328fe086d7abbbd5cc66066c96aec10db560086a0f840535d8d2da0875519d9 DATA={"source": "ContextModel_v1", "environment": "Retail_Aisle", "crowding": "Medium"}
2026-05-17 21:42:01,848 | SENDER=motion_node          TOPIC=/hri/motion          SHA256=879f95b56d79b2b1c4901042eec5e4906062c2e86907dbb627987d93b8d7c1fa DATA={"source": "MotionModel_v1", "label": "Retreating", "speed_ms": 0.5}
2026-05-17 21:42:01,926 | SENDER=emotion_node         TOPIC=/hri/emotion         SHA256=209f12299bf832daf2acca5bd20d94ced3b9001fe96624a0efc4aded1042fe65 DATA={"source": "EmotionModel_v1", "label": "Angry", "confidence": 0.77}
2026-05-17 21:42:02,378 | SENDER=gesture_node         TOPIC=/hri/gesture         SHA256=c207a55977ac3af6d49b846463e0b831a7927f035f6f7bd91f1b793eeaec6caa DATA={"source": "GestureModel_v1", "label": "Cross_Arms", "confidence": 0.91}
2026-05-17 21:42:03,695 | SENDER=context_node         TOPIC=/hri/context         SHA256=b88b3385b15277f264a4977a18a860ce4df5fa37ec2862844eecd37fad4c7813 DATA={"source": "ContextModel_v1", "environment": "Hospital_Corridor", "crowding": "High"}
2026-05-17 21:42:03,848 | SENDER=motion_node          TOPIC=/hri/motion          SHA256=c0a767118f7accf5ac282b0702759cae7da064eacf7607f8f96a4999e4cd4454 DATA={"source": "MotionModel_v1", "label": "Running", "speed_ms": 2.17}
2026-05-17 21:42:03,926 | SENDER=emotion_node         TOPIC=/hri/emotion         SHA256=fc4472a0e3e6cb848add7903cad45c0af5aa0c4fbe4ebc622c1d63dace00a456 DATA={"source": "EmotionModel_v1", "label": "Happy", "confidence": 0.89}
2026-05-17 21:42:04,378 | SENDER=gesture_node         TOPIC=/hri/gesture         SHA256=62434f50539b04787134308277b1e06687ba3619d47877f2760dc09e7fc2bcf3 DATA={"source": "GestureModel_v1", "label": "Cross_Arms", "confidence": 0.78}
2026-05-17 21:42:05,691 | SENDER=context_node         TOPIC=/hri/context         SHA256=0328fe086d7abbbd5cc66066c96aec10db560086a0f840535d8d2da0875519d9 DATA={"source": "ContextModel_v1", "environment": "Retail_Aisle", "crowding": "Medium"}
2026-05-17 21:42:05,849 | SENDER=motion_node          TOPIC=/hri/motion          SHA256=961785fcc40bec16ddaad54a8455a3385b0db9a8de0afaafac25d770dc6ce2b7 DATA={"source": "MotionModel_v1", "label": "Stationary", "speed_ms": 0.09}
2026-05-17 21:42:05,927 | SENDER=emotion_node         TOPIC=/hri/emotion         SHA256=2a015f6639b60b948d636ecafda16b2a6c68bdd68bd8f48c96f231733e44a09f DATA={"source": "EmotionModel_v1", "label": "Neutral", "confidence": 0.88}
2026-05-17 21:42:06,377 | SENDER=gesture_node         TOPIC=/hri/gesture         SHA256=be63e7660b916eb1e9541cc8d01b5d71cd4981159621a37da733f471ba243b94 DATA={"source": "GestureModel_v1", "label": "Point", "confidence": 0.85}
2026-05-17 21:42:07,693 | SENDER=context_node         TOPIC=/hri/context         SHA256=a64fb3cfbf73edd634404a40b5c36a0c53b982ba75ff4431360d795192f7cd87 DATA={"source": "ContextModel_v1", "environment": "Hospital_Ward", "crowding": "Low"}
2026-05-17 21:42:07,848 | SENDER=motion_node          TOPIC=/hri/motion          SHA256=515e5c1e86e4d0bbed32a0b4d415c8adc8bf3e01a43b15b6536b8997c40535a1 DATA={"source": "MotionModel_v1", "label": "Stationary", "speed_ms": 0.05}
2026-05-17 21:42:07,926 | SENDER=emotion_node         TOPIC=/hri/emotion         SHA256=e30599e6c0fab427ab771542e4b7bd161d6a35e6f7013faaccfba323cb1d8dee DATA={"source": "EmotionModel_v1", "label": "Sad", "confidence": 0.9}
2026-05-17 21:42:08,377 | SENDER=gesture_node         TOPIC=/hri/gesture         SHA256=65c18f592191716bd4713ca0311a437ad474800ebd3506cfd207376f6807f6ba DATA={"source": "GestureModel_v1", "label": "Thumbs_Up", "confidence": 0.87}
2026-05-17 21:42:09,694 | SENDER=context_node         TOPIC=/hri/context         SHA256=f83540b369d62d3a3626f4487a33a8fb933121643231b1e0e5d4aeab15d1aac7 DATA={"source": "ContextModel_v1", "environment": "Museum_Gallery", "crowding": "Low"}
2026-05-17 21:42:09,848 | SENDER=motion_node          TOPIC=/hri/motion          SHA256=857dd7fe348f2d1d694a12fb0bdd1035814d95ff8f3e747d5efde92502ce15b7 DATA={"source": "MotionModel_v1", "label": "Wandering", "speed_ms": 0.64}
2026-05-17 21:42:09,927 | SENDER=emotion_node         TOPIC=/hri/emotion         SHA256=d555f029dd171e5f1742b8cfa03c38bf06ece8c19269a42a00afdd0aab6e05cb DATA={"source": "EmotionModel_v1", "label": "Sad", "confidence": 0.81}
2026-05-17 21:42:10,378 | SENDER=gesture_node         TOPIC=/hri/gesture         SHA256=07f6a18ff66122470059036b3cc30429fda2758668b042c013231913c8770264 DATA={"source": "GestureModel_v1", "label": "Wave", "confidence": 0.96}
2026-05-17 21:42:11,694 | SENDER=context_node         TOPIC=/hri/context         SHA256=b88b3385b15277f264a4977a18a860ce4df5fa37ec2862844eecd37fad4c7813 DATA={"source": "ContextModel_v1", "environment": "Hospital_Corridor", "crowding": "High"}
2026-05-17 21:42:11,851 | SENDER=motion_node          TOPIC=/hri/motion          SHA256=af2f013a6c5db89d571ee05647d40d7ad28f8e03b7590ac6edc38367ca8c2108 DATA={"source": "MotionModel_v1", "label": "Running", "speed_ms": 1.98}
2026-05-17 21:42:11,927 | SENDER=emotion_node         TOPIC=/hri/emotion         SHA256=f2084d172f0a61d589af23a490cc7f24a8e4c61bdadda5d13175df941e1c60e2 DATA={"source": "EmotionModel_v1", "label": "Neutral", "confidence": 0.91}
2026-05-17 21:42:12,377 | SENDER=gesture_node         TOPIC=/hri/gesture         SHA256=11e6fd7a0fe2b7cc02b1d5535340bfbce29e7a58080c7c95ca0cc6b929b3c01c DATA={"source": "GestureModel_v1", "label": "Cross_Arms", "confidence": 0.84}
2026-05-17 21:42:13,692 | SENDER=context_node         TOPIC=/hri/context         SHA256=f83540b369d62d3a3626f4487a33a8fb933121643231b1e0e5d4aeab15d1aac7 DATA={"source": "ContextModel_v1", "environment": "Museum_Gallery", "crowding": "Low"}
2026-05-17 21:42:13,848 | SENDER=motion_node          TOPIC=/hri/motion          SHA256=ab43c7ebcbaf73ae7cd5e297d1c224122bf92d3758af9b637b077b59092bf928 DATA={"source": "MotionModel_v1", "label": "Retreating", "speed_ms": 0.46}
2026-05-17 21:42:13,927 | SENDER=emotion_node         TOPIC=/hri/emotion         SHA256=106fd6dedd10a3a6624aac4bffac863c64467df79eb883bf7599f0bf3c63f2c2 DATA={"source": "EmotionModel_v1", "label": "Neutral", "confidence": 0.85}
2026-05-17 21:42:14,378 | SENDER=gesture_node         TOPIC=/hri/gesture         SHA256=94e451f6af38023c8e5c8db2a05d44b3b87ab55346f20ee179990dc54f5f3935 DATA={"source": "GestureModel_v1", "label": "Beckon", "confidence": 0.91}
2026-05-17 21:42:15,692 | SENDER=context_node         TOPIC=/hri/context         SHA256=0328fe086d7abbbd5cc66066c96aec10db560086a0f840535d8d2da0875519d9 DATA={"source": "ContextModel_v1", "environment": "Retail_Aisle", "crowding": "Medium"}
2026-05-17 21:42:15,848 | SENDER=motion_node          TOPIC=/hri/motion          SHA256=5bc2d5d070e2233c27d0ada07bd690145a2a5ba2be08bbc2b866ff0889ab2cd0 DATA={"source": "MotionModel_v1", "label": "Wandering", "speed_ms": 0.68}
2026-05-17 21:42:15,926 | SENDER=emotion_node         TOPIC=/hri/emotion         SHA256=def82fa5f6e5b9496b7405bb5a8c75e40de3b320de1185bbb8b26788cd65e167 DATA={"source": "EmotionModel_v1", "label": "Happy", "confidence": 0.88}
2026-05-17 21:42:16,379 | SENDER=gesture_node         TOPIC=/hri/gesture         SHA256=8d55041af963c9010b206607d7a97f99f31d424413a435267b1fe4365ad44698 DATA={"source": "GestureModel_v1", "label": "Point", "confidence": 0.89}
2026-05-17 21:42:17,694 | SENDER=context_node         TOPIC=/hri/context         SHA256=f83540b369d62d3a3626f4487a33a8fb933121643231b1e0e5d4aeab15d1aac7 DATA={"source": "ContextModel_v1", "environment": "Museum_Gallery", "crowding": "Low"}
2026-05-17 21:42:17,848 | SENDER=motion_node          TOPIC=/hri/motion          SHA256=2c37b6337d616cd8a51669c8b0d33c63fbd0316bd023de0bee1ea63b87992896 DATA={"source": "MotionModel_v1", "label": "Wandering", "speed_ms": 0.35}
2026-05-17 21:42:17,926 | SENDER=emotion_node         TOPIC=/hri/emotion         SHA256=a16e78978e9a387224a47e626b63b25a62b0930d7bed5f5b6524b2db1440d194 DATA={"source": "EmotionModel_v1", "label": "Panicked", "confidence": 0.89}
2026-05-17 21:42:18,377 | SENDER=gesture_node         TOPIC=/hri/gesture         SHA256=af86edf6ee4495d7dc4fdbaeb3805b2c35947be88da925ea476e0d15668fe167 DATA={"source": "GestureModel_v1", "label": "Cross_Arms", "confidence": 0.89}
2026-05-17 21:42:20,894 | SENDER=context_node         TOPIC=/hri/context         SHA256=4f7f3e509d2a45b70dab96481bdeba99e5dd5787b28f81fbd5e9933a5b67478b DATA={"source": "ContextModel_v1", "environment": "Hospital_Reception", "crowding": "Medium"}
2026-05-17 21:42:21,048 | SENDER=motion_node          TOPIC=/hri/motion          SHA256=857dd7fe348f2d1d694a12fb0bdd1035814d95ff8f3e747d5efde92502ce15b7 DATA={"source": "MotionModel_v1", "label": "Wandering", "speed_ms": 0.64}
2026-05-17 21:42:21,126 | SENDER=emotion_node         TOPIC=/hri/emotion         SHA256=ef8388a1c703316d6759d42afc8840c8134c7ac51660cbd318c7c2f89ecfe58a DATA={"source": "EmotionModel_v1", "label": "Happy", "confidence": 0.9}
2026-05-17 21:42:21,578 | SENDER=gesture_node         TOPIC=/hri/gesture         SHA256=1c4bf8cfbf6ec011b354970c1b5129a92da93c01e886f096868f44f668b5cc3f DATA={"source": "GestureModel_v1", "label": "Stop", "confidence": 0.96}
2026-05-17 21:42:21,691 | SENDER=context_node         TOPIC=/hri/context         SHA256=f83540b369d62d3a3626f4487a33a8fb933121643231b1e0e5d4aeab15d1aac7 DATA={"source": "ContextModel_v1", "environment": "Museum_Gallery", "crowding": "Low"}
2026-05-17 21:42:21,849 | SENDER=motion_node          TOPIC=/hri/motion          SHA256=355fa5198003fca17ac10e06ed94d6babe3e6f46c4060dc1c122d7e582031685 DATA={"source": "MotionModel_v1", "label": "Approaching", "speed_ms": 0.81}
2026-05-17 21:42:21,926 | SENDER=emotion_node         TOPIC=/hri/emotion         SHA256=ed4682367d4382351dd499e07c5e400137787831a4eb6d2544909d73a744c1b4 DATA={"source": "EmotionModel_v1", "label": "Angry", "confidence": 0.85}
2026-05-17 21:42:22,379 | SENDER=gesture_node         TOPIC=/hri/gesture         SHA256=524fc014844a08712c1cd4b202d4cbb4293a113c37f6949572e9d7b979b80d33 DATA={"source": "GestureModel_v1", "label": "Cross_Arms", "confidence": 0.79}
2026-05-17 21:42:23,692 | SENDER=context_node         TOPIC=/hri/context         SHA256=b88b3385b15277f264a4977a18a860ce4df5fa37ec2862844eecd37fad4c7813 DATA={"source": "ContextModel_v1", "environment": "Hospital_Corridor", "crowding": "High"}
2026-05-17 21:42:23,848 | SENDER=motion_node          TOPIC=/hri/motion          SHA256=2f86b70f9115f538e632ef47af54b54ab21cce9401fac62bb4b60727eda1bb5c DATA={"source": "MotionModel_v1", "label": "Stationary", "speed_ms": 0.04}
2026-05-17 21:42:23,927 | SENDER=emotion_node         TOPIC=/hri/emotion         SHA256=c5793a326aaafa2680ba4284459d95ab792410348373037a6131eebc1451b6b6 DATA={"source": "EmotionModel_v1", "label": "Angry", "confidence": 0.83}
2026-05-17 21:42:24,378 | SENDER=gesture_node         TOPIC=/hri/gesture         SHA256=65c18f592191716bd4713ca0311a437ad474800ebd3506cfd207376f6807f6ba DATA={"source": "GestureModel_v1", "label": "Thumbs_Up", "confidence": 0.87}
2026-05-17 21:42:25,692 | SENDER=context_node         TOPIC=/hri/context         SHA256=4f7f3e509d2a45b70dab96481bdeba99e5dd5787b28f81fbd5e9933a5b67478b DATA={"source": "ContextModel_v1", "environment": "Hospital_Reception", "crowding": "Medium"}
2026-05-17 21:42:25,848 | SENDER=motion_node          TOPIC=/hri/motion          SHA256=99d314a0546e0e30cb5eef3523ea27daef24f7c5f2416ac4efe38bceaac5bd4a DATA={"source": "MotionModel_v1", "label": "Wandering", "speed_ms": 0.61}
2026-05-17 21:42:25,926 | SENDER=emotion_node         TOPIC=/hri/emotion         SHA256=7beafe6004ed15f146adec68e8da13641fd903793a7ab000b39e040744469d0f DATA={"source": "EmotionModel_v1", "label": "Angry", "confidence": 0.76}
2026-05-17 21:42:26,377 | SENDER=gesture_node         TOPIC=/hri/gesture         SHA256=ab0c738f88aa89f042fa5de523b57602eb39ca46f6a33a9c066709723504c33b DATA={"source": "GestureModel_v1", "label": "Wave", "confidence": 0.87}
2026-05-17 21:42:27,693 | SENDER=context_node         TOPIC=/hri/context         SHA256=0328fe086d7abbbd5cc66066c96aec10db560086a0f840535d8d2da0875519d9 DATA={"source": "ContextModel_v1", "environment": "Retail_Aisle", "crowding": "Medium"}
2026-05-17 21:42:27,848 | SENDER=motion_node          TOPIC=/hri/motion          SHA256=961785fcc40bec16ddaad54a8455a3385b0db9a8de0afaafac25d770dc6ce2b7 DATA={"source": "MotionModel_v1", "label": "Stationary", "speed_ms": 0.09}
2026-05-17 21:42:27,926 | SENDER=emotion_node         TOPIC=/hri/emotion         SHA256=797384a622bb5f4bbeb49a7bb2981f7ffe8eaa0945eccd1184e8443488d819b3 DATA={"source": "EmotionModel_v1", "label": "Happy", "confidence": 0.97}
2026-05-17 21:42:28,380 | SENDER=gesture_node         TOPIC=/hri/gesture         SHA256=0487e2d6540d8af054e8f92b43ea740b690f8e3f8053f81c2b322e4229a7b9c3 DATA={"source": "GestureModel_v1", "label": "Thumbs_Up", "confidence": 0.91}
2026-05-17 21:42:29,691 | SENDER=context_node         TOPIC=/hri/context         SHA256=4f7f3e509d2a45b70dab96481bdeba99e5dd5787b28f81fbd5e9933a5b67478b DATA={"source": "ContextModel_v1", "environment": "Hospital_Reception", "crowding": "Medium"}
2026-05-17 21:42:29,849 | SENDER=motion_node          TOPIC=/hri/motion          SHA256=5f2c3faf92a12e17034e127d9034773933af26aa1e6da8788b91bafc6144b8cd DATA={"source": "MotionModel_v1", "label": "Approaching", "speed_ms": 1.09}
2026-05-17 21:42:29,927 | SENDER=emotion_node         TOPIC=/hri/emotion         SHA256=a16e78978e9a387224a47e626b63b25a62b0930d7bed5f5b6524b2db1440d194 DATA={"source": "EmotionModel_v1", "label": "Panicked", "confidence": 0.89}
2026-05-17 21:42:30,378 | SENDER=gesture_node         TOPIC=/hri/gesture         SHA256=2f3b8570b684d4fa74465f1a58ba3a522605219d3622d152b92fb24550ea7a14 DATA={"source": "GestureModel_v1", "label": "Wave", "confidence": 0.9}
2026-05-17 21:42:31,693 | SENDER=context_node         TOPIC=/hri/context         SHA256=4f7f3e509d2a45b70dab96481bdeba99e5dd5787b28f81fbd5e9933a5b67478b DATA={"source": "ContextModel_v1", "environment": "Hospital_Reception", "crowding": "Medium"}
2026-05-17 21:42:31,849 | SENDER=motion_node          TOPIC=/hri/motion          SHA256=2442f3cb2c6dd4299afe488af66528239efed4fcc2df61efd7f78779ab7c19d5 DATA={"source": "MotionModel_v1", "label": "Retreating", "speed_ms": 0.37}
2026-05-17 21:42:31,926 | SENDER=emotion_node         TOPIC=/hri/emotion         SHA256=aaf114afb03183f34f331041675d78ada5c375f64d858160873bcae1cbdf6edc DATA={"source": "EmotionModel_v1", "label": "Angry", "confidence": 0.91}
2026-05-17 21:42:32,380 | SENDER=gesture_node         TOPIC=/hri/gesture         SHA256=524ac5ae77246be80b1cc3514691376f3090b4e0d863b2cfb2819871a4f1bd76 DATA={"source": "GestureModel_v1", "label": "Wave", "confidence": 0.88}
2026-05-17 21:42:33,691 | SENDER=context_node         TOPIC=/hri/context         SHA256=b88b3385b15277f264a4977a18a860ce4df5fa37ec2862844eecd37fad4c7813 DATA={"source": "ContextModel_v1", "environment": "Hospital_Corridor", "crowding": "High"}
2026-05-17 21:42:33,848 | SENDER=motion_node          TOPIC=/hri/motion          SHA256=bec3312f37d3b0ddde7436604cfe641b89b7a864729ebb7900cdb1f1144f60e2 DATA={"source": "MotionModel_v1", "label": "Running", "speed_ms": 3.04}
2026-05-17 21:42:33,926 | SENDER=emotion_node         TOPIC=/hri/emotion         SHA256=206f8eab2f2e7a704153e9142dbeaf03e7c21bd53326c7ea8b3f723a04077be1 DATA={"source": "EmotionModel_v1", "label": "Happy", "confidence": 0.92}
2026-05-17 21:42:34,378 | SENDER=gesture_node         TOPIC=/hri/gesture         SHA256=e6d3acb2c298209dd58d23c111adf470153ad7621a89d99ebf96dfaf8a2cb665 DATA={"source": "GestureModel_v1", "label": "Beckon", "confidence": 0.82}
2026-05-17 21:42:35,691 | SENDER=context_node         TOPIC=/hri/context         SHA256=b88b3385b15277f264a4977a18a860ce4df5fa37ec2862844eecd37fad4c7813 DATA={"source": "ContextModel_v1", "environment": "Hospital_Corridor", "crowding": "High"}
2026-05-17 21:42:35,849 | SENDER=motion_node          TOPIC=/hri/motion          SHA256=7ccc38389c27ea3826fff81babff4a0ef8dd00c259c877883ca2d21ab20e8278 DATA={"source": "MotionModel_v1", "label": "Wandering", "speed_ms": 0.39}
2026-05-17 21:42:35,926 | SENDER=emotion_node         TOPIC=/hri/emotion         SHA256=23f75cf2aa24df9c9db98112d1e711fb666ec845a4e79c5b61b52919f053e180 DATA={"source": "EmotionModel_v1", "label": "Happy", "confidence": 0.95}
2026-05-17 21:42:36,380 | SENDER=gesture_node         TOPIC=/hri/gesture         SHA256=38c1a32a546f9b7d0dc9fbb5f049ef020c76fb3bcaddc253d8273051dd25311f DATA={"source": "GestureModel_v1", "label": "Point", "confidence": 0.9}
2026-05-17 21:42:37,694 | SENDER=context_node         TOPIC=/hri/context         SHA256=4f7f3e509d2a45b70dab96481bdeba99e5dd5787b28f81fbd5e9933a5b67478b DATA={"source": "ContextModel_v1", "environment": "Hospital_Reception", "crowding": "Medium"}
2026-05-17 21:42:37,848 | SENDER=motion_node          TOPIC=/hri/motion          SHA256=c0bcc01ada529d057d395172f7a036be1fde5a5abc16359af645f42cc3cac742 DATA={"source": "MotionModel_v1", "label": "Running", "speed_ms": 2.71}
2026-05-17 21:42:37,926 | SENDER=emotion_node         TOPIC=/hri/emotion         SHA256=759e6c14dfe29e4be0a7725f0f8ce23804ca4e0b14d25a8ad9a90ac97abd8be6 DATA={"source": "EmotionModel_v1", "label": "Sad", "confidence": 0.85}
2026-05-17 21:42:38,378 | SENDER=gesture_node         TOPIC=/hri/gesture         SHA256=7aaa1e3abbb327109af14e098990942b4716eb543d9cace7adbc352844a7b116 DATA={"source": "GestureModel_v1", "label": "Wave", "confidence": 0.95}
2026-05-17 21:42:39,691 | SENDER=context_node         TOPIC=/hri/context         SHA256=f83540b369d62d3a3626f4487a33a8fb933121643231b1e0e5d4aeab15d1aac7 DATA={"source": "ContextModel_v1", "environment": "Museum_Gallery", "crowding": "Low"}
2026-05-17 21:42:39,848 | SENDER=motion_node          TOPIC=/hri/motion          SHA256=0600a27fce1befbfc84eb0e9ad78cb6148c32218977449b70bcffa46d448d56a DATA={"source": "MotionModel_v1", "label": "Running", "speed_ms": 3.16}
2026-05-17 21:42:39,927 | SENDER=emotion_node         TOPIC=/hri/emotion         SHA256=def82fa5f6e5b9496b7405bb5a8c75e40de3b320de1185bbb8b26788cd65e167 DATA={"source": "EmotionModel_v1", "label": "Happy", "confidence": 0.88}
2026-05-17 21:42:40,378 | SENDER=gesture_node         TOPIC=/hri/gesture         SHA256=496c30aba574f6aef0224ec0ba0c88384a73aab8db8bf34baa5e9fda39080e3a DATA={"source": "GestureModel_v1", "label": "Cross_Arms", "confidence": 0.87}
2026-05-17 21:42:41,692 | SENDER=context_node         TOPIC=/hri/context         SHA256=f83540b369d62d3a3626f4487a33a8fb933121643231b1e0e5d4aeab15d1aac7 DATA={"source": "ContextModel_v1", "environment": "Museum_Gallery", "crowding": "Low"}
2026-05-17 21:42:41,848 | SENDER=motion_node          TOPIC=/hri/motion          SHA256=a9fd062e8c4ac86dd371cfb10f2c1605bb08cb5463ecadd2375fbd95e4eb4eea DATA={"source": "MotionModel_v1", "label": "Retreating", "speed_ms": 0.43}
2026-05-17 21:42:41,926 | SENDER=emotion_node         TOPIC=/hri/emotion         SHA256=4637c439325137063921fdb8b3b51f8cc7160eeb5ab0029d5632d992dfb55ca7 DATA={"source": "EmotionModel_v1", "label": "Confused", "confidence": 0.82}
2026-05-17 21:42:42,378 | SENDER=gesture_node         TOPIC=/hri/gesture         SHA256=a38e66de273fdf9c4bcf47f30e6a136157b9efeb105beda4246cf2cce8c37314 DATA={"source": "GestureModel_v1", "label": "Beckon", "confidence": 0.81}
2026-05-17 21:42:43,691 | SENDER=context_node         TOPIC=/hri/context         SHA256=a64fb3cfbf73edd634404a40b5c36a0c53b982ba75ff4431360d795192f7cd87 DATA={"source": "ContextModel_v1", "environment": "Hospital_Ward", "crowding": "Low"}
2026-05-17 21:42:43,849 | SENDER=motion_node          TOPIC=/hri/motion          SHA256=57a0e8fa278a6dbaec87d2527580da42b8c899422908fcf54f8778f336d4f6cd DATA={"source": "MotionModel_v1", "label": "Wandering", "speed_ms": 0.31}
2026-05-17 21:42:43,926 | SENDER=emotion_node         TOPIC=/hri/emotion         SHA256=003585fd167f61cac7b5f185b4559b1326f928d6d22ff3679164d2ae0adacf95 DATA={"source": "EmotionModel_v1", "label": "Happy", "confidence": 0.94}
2026-05-17 21:42:44,377 | SENDER=gesture_node         TOPIC=/hri/gesture         SHA256=a3e7e2cbad1a013fe4afeb2b49a4084ba7a389be5aa136a97f339829cb995bcf DATA={"source": "GestureModel_v1", "label": "Wave", "confidence": 0.92}
2026-05-17 21:42:45,691 | SENDER=context_node         TOPIC=/hri/context         SHA256=a64fb3cfbf73edd634404a40b5c36a0c53b982ba75ff4431360d795192f7cd87 DATA={"source": "ContextModel_v1", "environment": "Hospital_Ward", "crowding": "Low"}
2026-05-17 21:42:45,851 | SENDER=motion_node          TOPIC=/hri/motion          SHA256=03fed77cbc8167c37a5f460e25994d9f9a96c19cfc96a098296e040c04acbbce DATA={"source": "MotionModel_v1", "label": "Stationary", "speed_ms": 0.0}
2026-05-17 21:42:45,926 | SENDER=emotion_node         TOPIC=/hri/emotion         SHA256=3a98de9da719fee6ab907bdae0a4b63a5338cd5475d0e485f5b84c94f98260cf DATA={"source": "EmotionModel_v1", "label": "Neutral", "confidence": 0.9}
2026-05-17 21:42:46,379 | SENDER=gesture_node         TOPIC=/hri/gesture         SHA256=524ac5ae77246be80b1cc3514691376f3090b4e0d863b2cfb2819871a4f1bd76 DATA={"source": "GestureModel_v1", "label": "Wave", "confidence": 0.88}
2026-05-17 21:42:47,692 | SENDER=context_node         TOPIC=/hri/context         SHA256=a64fb3cfbf73edd634404a40b5c36a0c53b982ba75ff4431360d795192f7cd87 DATA={"source": "ContextModel_v1", "environment": "Hospital_Ward", "crowding": "Low"}
2026-05-17 21:42:47,848 | SENDER=motion_node          TOPIC=/hri/motion          SHA256=63a4a181c597932c13bcad30a012ab04d76a4b7cbd098d7a9228aca46f3c2c29 DATA={"source": "MotionModel_v1", "label": "Wandering", "speed_ms": 0.63}
2026-05-17 21:42:47,927 | SENDER=emotion_node         TOPIC=/hri/emotion         SHA256=2f82ecce2e3618087f7024ad42d3e0b6360e608be5d9efbca7fdef5171a408c2 DATA={"source": "EmotionModel_v1", "label": "Happy", "confidence": 0.93}
2026-05-17 21:42:48,383 | SENDER=gesture_node         TOPIC=/hri/gesture         SHA256=5b48d474e5c719d0060512121537934ef68d74571173327fae0285e65aba623b DATA={"source": "GestureModel_v1", "label": "Beckon", "confidence": 0.88}
2026-05-17 21:42:49,691 | SENDER=context_node         TOPIC=/hri/context         SHA256=4f7f3e509d2a45b70dab96481bdeba99e5dd5787b28f81fbd5e9933a5b67478b DATA={"source": "ContextModel_v1", "environment": "Hospital_Reception", "crowding": "Medium"}
2026-05-17 21:42:49,848 | SENDER=motion_node          TOPIC=/hri/motion          SHA256=ccf8e84ea69616f8e08655a401a72ad3f3db3312e574737fc72b17e0c4e97c66 DATA={"source": "MotionModel_v1", "label": "Retreating", "speed_ms": 0.79}
2026-05-17 21:42:49,926 | SENDER=emotion_node         TOPIC=/hri/emotion         SHA256=cb2e003d9f5fbe76bee13448067af71cf562ef517fc312e7eab895fc471d51cd DATA={"source": "EmotionModel_v1", "label": "Confused", "confidence": 0.84}
2026-05-17 21:42:50,378 | SENDER=gesture_node         TOPIC=/hri/gesture         SHA256=5afe446f6b681d8e4ab4dd3048bd77a111307ceb55759541864b609cd3977fc4 DATA={"source": "GestureModel_v1", "label": "Wave", "confidence": 0.97}
2026-05-17 21:42:51,694 | SENDER=context_node         TOPIC=/hri/context         SHA256=b88b3385b15277f264a4977a18a860ce4df5fa37ec2862844eecd37fad4c7813 DATA={"source": "ContextModel_v1", "environment": "Hospital_Corridor", "crowding": "High"}
2026-05-17 21:42:51,848 | SENDER=motion_node          TOPIC=/hri/motion          SHA256=355fa5198003fca17ac10e06ed94d6babe3e6f46c4060dc1c122d7e582031685 DATA={"source": "MotionModel_v1", "label": "Approaching", "speed_ms": 0.81}
2026-05-17 21:42:51,927 | SENDER=emotion_node         TOPIC=/hri/emotion         SHA256=cf406c65b3f5c61b3fdc0ac4367fb476c9abce8be1e6af674dcea56d4c0abd65 DATA={"source": "EmotionModel_v1", "label": "Angry", "confidence": 0.87}
2026-05-17 21:42:53,584 | SENDER=gesture_node         TOPIC=/hri/gesture         SHA256=524fc014844a08712c1cd4b202d4cbb4293a113c37f6949572e9d7b979b80d33 DATA={"source": "GestureModel_v1", "label": "Cross_Arms", "confidence": 0.79}
2026-05-17 21:42:54,377 | SENDER=gesture_node         TOPIC=/hri/gesture         SHA256=58973deffa59167d658d90c2cc450855c6c6d02a30bf6c0386bf922b1cadcd2e DATA={"source": "GestureModel_v1", "label": "Stop", "confidence": 0.95}
2026-05-17 21:42:54,897 | SENDER=context_node         TOPIC=/hri/context         SHA256=b88b3385b15277f264a4977a18a860ce4df5fa37ec2862844eecd37fad4c7813 DATA={"source": "ContextModel_v1", "environment": "Hospital_Corridor", "crowding": "High"}
2026-05-17 21:42:55,053 | SENDER=motion_node          TOPIC=/hri/motion          SHA256=a367a901eea94efe4488dd81d4103762b49b3314da80c9bad5c70f490cc5af80 DATA={"source": "MotionModel_v1", "label": "Wandering", "speed_ms": 0.69}
2026-05-17 21:42:55,131 | SENDER=emotion_node         TOPIC=/hri/emotion         SHA256=01697a80c45797717cd5f5e2d430ab119f847c2f85367f5bd9efbdd1017835e4 DATA={"source": "EmotionModel_v1", "label": "Angry", "confidence": 0.86}
2026-05-17 21:42:55,694 | SENDER=context_node         TOPIC=/hri/context         SHA256=b88b3385b15277f264a4977a18a860ce4df5fa37ec2862844eecd37fad4c7813 DATA={"source": "ContextModel_v1", "environment": "Hospital_Corridor", "crowding": "High"}
2026-05-17 21:42:55,848 | SENDER=motion_node          TOPIC=/hri/motion          SHA256=2c77eff5802d6a5b3f82ab74b69e15b2ca0e9283b483f73855c02a648484906a DATA={"source": "MotionModel_v1", "label": "Approaching", "speed_ms": 0.87}
2026-05-17 21:42:55,927 | SENDER=emotion_node         TOPIC=/hri/emotion         SHA256=d555f029dd171e5f1742b8cfa03c38bf06ece8c19269a42a00afdd0aab6e05cb DATA={"source": "EmotionModel_v1", "label": "Sad", "confidence": 0.81}
2026-05-17 21:42:56,377 | SENDER=gesture_node         TOPIC=/hri/gesture         SHA256=58fc96a63f43bf5ce2f18d1ef46c6c39612305ca9fffd5d627feb24785ed2036 DATA={"source": "GestureModel_v1", "label": "Thumbs_Up", "confidence": 0.95}
2026-05-17 21:42:57,695 | SENDER=context_node         TOPIC=/hri/context         SHA256=f83540b369d62d3a3626f4487a33a8fb933121643231b1e0e5d4aeab15d1aac7 DATA={"source": "ContextModel_v1", "environment": "Museum_Gallery", "crowding": "Low"}
2026-05-17 21:42:57,848 | SENDER=motion_node          TOPIC=/hri/motion          SHA256=857dd7fe348f2d1d694a12fb0bdd1035814d95ff8f3e747d5efde92502ce15b7 DATA={"source": "MotionModel_v1", "label": "Wandering", "speed_ms": 0.64}
2026-05-17 21:42:57,926 | SENDER=emotion_node         TOPIC=/hri/emotion         SHA256=711685edb11d7f7975b724d921bc9e0c32030b2cc3a9ac2563d875694436b2bc DATA={"source": "EmotionModel_v1", "label": "Sad", "confidence": 0.82}
2026-05-17 21:42:58,378 | SENDER=gesture_node         TOPIC=/hri/gesture         SHA256=568ecd36f4f4603ad2d6e88961d9b734b5cf94576fa19fad4c496279ba28f9bd DATA={"source": "GestureModel_v1", "label": "Point", "confidence": 0.92}
2026-05-17 21:42:59,695 | SENDER=context_node         TOPIC=/hri/context         SHA256=0328fe086d7abbbd5cc66066c96aec10db560086a0f840535d8d2da0875519d9 DATA={"source": "ContextModel_v1", "environment": "Retail_Aisle", "crowding": "Medium"}
2026-05-17 21:42:59,848 | SENDER=motion_node          TOPIC=/hri/motion          SHA256=edc6f7db59048d3eeb3bcb3020aa38e9886430ca400e6d799ee900d1375cc248 DATA={"source": "MotionModel_v1", "label": "Running", "speed_ms": 3.14}
2026-05-17 21:42:59,927 | SENDER=emotion_node         TOPIC=/hri/emotion         SHA256=003585fd167f61cac7b5f185b4559b1326f928d6d22ff3679164d2ae0adacf95 DATA={"source": "EmotionModel_v1", "label": "Happy", "confidence": 0.94}
2026-05-17 21:43:00,378 | SENDER=gesture_node         TOPIC=/hri/gesture         SHA256=a3e7e2cbad1a013fe4afeb2b49a4084ba7a389be5aa136a97f339829cb995bcf DATA={"source": "GestureModel_v1", "label": "Wave", "confidence": 0.92}
2026-05-17 21:43:01,691 | SENDER=context_node         TOPIC=/hri/context         SHA256=0328fe086d7abbbd5cc66066c96aec10db560086a0f840535d8d2da0875519d9 DATA={"source": "ContextModel_v1", "environment": "Retail_Aisle", "crowding": "Medium"}
2026-05-17 21:43:01,848 | SENDER=motion_node          TOPIC=/hri/motion          SHA256=a866f9d5de47505c06320df20dba7720af7e93cd9eca6936057848ea9ffb73a2 DATA={"source": "MotionModel_v1", "label": "Approaching", "speed_ms": 0.64}
2026-05-17 21:43:01,927 | SENDER=emotion_node         TOPIC=/hri/emotion         SHA256=fab0c9aa72f380b6e21edd55d828dcc18eca3f4e4437d94c8b5bbe7a296df64c DATA={"source": "EmotionModel_v1", "label": "Neutral", "confidence": 0.84}
2026-05-17 21:43:02,379 | SENDER=gesture_node         TOPIC=/hri/gesture         SHA256=31fac80f864c6fe7a8e734360896faf52b592c75ee94f68ece09583c653c38ef DATA={"source": "GestureModel_v1", "label": "Thumbs_Up", "confidence": 0.9}
2026-05-17 21:43:03,692 | SENDER=context_node         TOPIC=/hri/context         SHA256=a64fb3cfbf73edd634404a40b5c36a0c53b982ba75ff4431360d795192f7cd87 DATA={"source": "ContextModel_v1", "environment": "Hospital_Ward", "crowding": "Low"}
2026-05-17 21:43:03,848 | SENDER=motion_node          TOPIC=/hri/motion          SHA256=cad9fedab5762512fbf14df70c39c4786c6d1b20b03a0b81e26d2caac4978236 DATA={"source": "MotionModel_v1", "label": "Wandering", "speed_ms": 0.58}
2026-05-17 21:43:03,927 | SENDER=emotion_node         TOPIC=/hri/emotion         SHA256=f2084d172f0a61d589af23a490cc7f24a8e4c61bdadda5d13175df941e1c60e2 DATA={"source": "EmotionModel_v1", "label": "Neutral", "confidence": 0.91}
2026-05-17 21:43:04,380 | SENDER=gesture_node         TOPIC=/hri/gesture         SHA256=e6d3acb2c298209dd58d23c111adf470153ad7621a89d99ebf96dfaf8a2cb665 DATA={"source": "GestureModel_v1", "label": "Beckon", "confidence": 0.82}
2026-05-17 21:43:05,691 | SENDER=context_node         TOPIC=/hri/context         SHA256=0328fe086d7abbbd5cc66066c96aec10db560086a0f840535d8d2da0875519d9 DATA={"source": "ContextModel_v1", "environment": "Retail_Aisle", "crowding": "Medium"}
2026-05-17 21:43:05,848 | SENDER=motion_node          TOPIC=/hri/motion          SHA256=c588c174318521e4fce22df916a1fad0c9e8f75eb5e832c374a85bbb856e7692 DATA={"source": "MotionModel_v1", "label": "Retreating", "speed_ms": 0.67}
2026-05-17 21:43:05,926 | SENDER=emotion_node         TOPIC=/hri/emotion         SHA256=1a6b6cd8ce54374fcf1708ed772ae33dc72925ef1859d2984c199c36d21e8af5 DATA={"source": "EmotionModel_v1", "label": "Sad", "confidence": 0.87}
2026-05-17 21:43:06,380 | SENDER=gesture_node         TOPIC=/hri/gesture         SHA256=5fed337a0a41811d63db9d6e9998b6775db60af51dbcca4d2364cde34df5fac4 DATA={"source": "GestureModel_v1", "label": "Stop", "confidence": 0.9}
2026-05-17 21:43:07,691 | SENDER=context_node         TOPIC=/hri/context         SHA256=0328fe086d7abbbd5cc66066c96aec10db560086a0f840535d8d2da0875519d9 DATA={"source": "ContextModel_v1", "environment": "Retail_Aisle", "crowding": "Medium"}
2026-05-17 21:43:07,848 | SENDER=motion_node          TOPIC=/hri/motion          SHA256=921a393ee81d155a079b4293a8d8d8752b2fe78814ac886c848870a8381cdba4 DATA={"source": "MotionModel_v1", "label": "Approaching", "speed_ms": 0.76}
2026-05-17 21:43:07,927 | SENDER=emotion_node         TOPIC=/hri/emotion         SHA256=3b0b48fb4ebc8c671cb5891f5b5b8e6b70ad75b2152235da41e3b65f9b324e7a DATA={"source": "EmotionModel_v1", "label": "Angry", "confidence": 0.84}
2026-05-17 21:43:08,380 | SENDER=gesture_node         TOPIC=/hri/gesture         SHA256=31fac80f864c6fe7a8e734360896faf52b592c75ee94f68ece09583c653c38ef DATA={"source": "GestureModel_v1", "label": "Thumbs_Up", "confidence": 0.9}
2026-05-17 21:43:09,692 | SENDER=context_node         TOPIC=/hri/context         SHA256=a64fb3cfbf73edd634404a40b5c36a0c53b982ba75ff4431360d795192f7cd87 DATA={"source": "ContextModel_v1", "environment": "Hospital_Ward", "crowding": "Low"}
2026-05-17 21:43:09,848 | SENDER=motion_node          TOPIC=/hri/motion          SHA256=515e5c1e86e4d0bbed32a0b4d415c8adc8bf3e01a43b15b6536b8997c40535a1 DATA={"source": "MotionModel_v1", "label": "Stationary", "speed_ms": 0.05}
2026-05-17 21:43:09,926 | SENDER=emotion_node         TOPIC=/hri/emotion         SHA256=a566545654fcc155cea4db1532e34567402f70a77fb3ff3c4b0d6d4f83ccaf8e DATA={"source": "EmotionModel_v1", "label": "Angry", "confidence": 0.88}
2026-05-17 21:43:10,378 | SENDER=gesture_node         TOPIC=/hri/gesture         SHA256=568ecd36f4f4603ad2d6e88961d9b734b5cf94576fa19fad4c496279ba28f9bd DATA={"source": "GestureModel_v1", "label": "Point", "confidence": 0.92}
2026-05-17 21:43:11,691 | SENDER=context_node         TOPIC=/hri/context         SHA256=a64fb3cfbf73edd634404a40b5c36a0c53b982ba75ff4431360d795192f7cd87 DATA={"source": "ContextModel_v1", "environment": "Hospital_Ward", "crowding": "Low"}
2026-05-17 21:43:11,848 | SENDER=motion_node          TOPIC=/hri/motion          SHA256=e6345ff6c2a32b16ed01c825d0288734bb1c52f47720ac95d189816bf8ca376c DATA={"source": "MotionModel_v1", "label": "Wandering", "speed_ms": 0.21}
2026-05-17 21:43:11,926 | SENDER=emotion_node         TOPIC=/hri/emotion         SHA256=938d6edfbd07d1573b515bde9a93cbfbfcbbbd4f3096e3e016e5fda18998b7e4 DATA={"source": "EmotionModel_v1", "label": "Neutral", "confidence": 0.94}
2026-05-17 21:43:12,383 | SENDER=gesture_node         TOPIC=/hri/gesture         SHA256=f35c0c663016184390bf9610b8640506db34cf9c64b2d7768d7484190ec03aaf DATA={"source": "GestureModel_v1", "label": "Thumbs_Up", "confidence": 0.93}
2026-05-17 21:43:13,691 | SENDER=context_node         TOPIC=/hri/context         SHA256=a64fb3cfbf73edd634404a40b5c36a0c53b982ba75ff4431360d795192f7cd87 DATA={"source": "ContextModel_v1", "environment": "Hospital_Ward", "crowding": "Low"}
2026-05-17 21:43:13,848 | SENDER=motion_node          TOPIC=/hri/motion          SHA256=894a75f3e8b5aaea7120d96bc04e4c70ff76f383bed5cb80e0fa7d514b56a005 DATA={"source": "MotionModel_v1", "label": "Running", "speed_ms": 2.86}
2026-05-17 21:43:13,926 | SENDER=emotion_node         TOPIC=/hri/emotion         SHA256=338e8a50a73c00172ac7f7628c783deca1c08a88523031c202a56f6b05ae0782 DATA={"source": "EmotionModel_v1", "label": "Confused", "confidence": 0.79}
2026-05-17 21:43:14,378 | SENDER=gesture_node         TOPIC=/hri/gesture         SHA256=641c3dda621dae518afaa84bb122e0fd38aaa475d79f4f2f95a3237156141a42 DATA={"source": "GestureModel_v1", "label": "Cross_Arms", "confidence": 0.82}
2026-05-17 21:43:15,691 | SENDER=context_node         TOPIC=/hri/context         SHA256=a64fb3cfbf73edd634404a40b5c36a0c53b982ba75ff4431360d795192f7cd87 DATA={"source": "ContextModel_v1", "environment": "Hospital_Ward", "crowding": "Low"}
2026-05-17 21:43:15,848 | SENDER=motion_node          TOPIC=/hri/motion          SHA256=25224a617f4f5d24aac56905cfb2d9d5216e805b3e97fdb3dbc32db117991aec DATA={"source": "MotionModel_v1", "label": "Wandering", "speed_ms": 0.3}
2026-05-17 21:43:15,926 | SENDER=emotion_node         TOPIC=/hri/emotion         SHA256=b1b6ae86a9609b1d32e1fc2ad5ce71c410e80d992a52d3150327ed2c5a13d5d0 DATA={"source": "EmotionModel_v1", "label": "Happy", "confidence": 0.96}
2026-05-17 21:43:16,378 | SENDER=gesture_node         TOPIC=/hri/gesture         SHA256=496c30aba574f6aef0224ec0ba0c88384a73aab8db8bf34baa5e9fda39080e3a DATA={"source": "GestureModel_v1", "label": "Cross_Arms", "confidence": 0.87}
2026-05-17 21:43:17,692 | SENDER=context_node         TOPIC=/hri/context         SHA256=4f7f3e509d2a45b70dab96481bdeba99e5dd5787b28f81fbd5e9933a5b67478b DATA={"source": "ContextModel_v1", "environment": "Hospital_Reception", "crowding": "Medium"}
2026-05-17 21:43:17,848 | SENDER=motion_node          TOPIC=/hri/motion          SHA256=906bb88d09ef9cd9a5302bd203e92e533e3fb72db0d6b59944efcc0b42a4e7a1 DATA={"source": "MotionModel_v1", "label": "Running", "speed_ms": 3.45}
2026-05-17 21:43:17,926 | SENDER=emotion_node         TOPIC=/hri/emotion         SHA256=338e8a50a73c00172ac7f7628c783deca1c08a88523031c202a56f6b05ae0782 DATA={"source": "EmotionModel_v1", "label": "Confused", "confidence": 0.79}
2026-05-17 21:43:18,379 | SENDER=gesture_node         TOPIC=/hri/gesture         SHA256=db95a7d232071aadf9be429e50e34bac857079c691f18c3e65de2a3df72b4407 DATA={"source": "GestureModel_v1", "label": "Wave", "confidence": 0.93}
2026-05-17 21:43:19,692 | SENDER=context_node         TOPIC=/hri/context         SHA256=a64fb3cfbf73edd634404a40b5c36a0c53b982ba75ff4431360d795192f7cd87 DATA={"source": "ContextModel_v1", "environment": "Hospital_Ward", "crowding": "Low"}
2026-05-17 21:43:19,848 | SENDER=motion_node          TOPIC=/hri/motion          SHA256=0185f071c52b5e53f656a1996fda5247eb2c2d84cd003793484415addd0d654a DATA={"source": "MotionModel_v1", "label": "Stationary", "speed_ms": 0.06}
2026-05-17 21:43:19,928 | SENDER=emotion_node         TOPIC=/hri/emotion         SHA256=07d1b20cf76f5acfe8392d055d57b184bce0d401c09383fbdc4a03f808b207a9 DATA={"source": "EmotionModel_v1", "label": "Sad", "confidence": 0.78}
2026-05-17 21:43:20,379 | SENDER=gesture_node         TOPIC=/hri/gesture         SHA256=641c3dda621dae518afaa84bb122e0fd38aaa475d79f4f2f95a3237156141a42 DATA={"source": "GestureModel_v1", "label": "Cross_Arms", "confidence": 0.82}
2026-05-17 21:43:21,697 | SENDER=context_node         TOPIC=/hri/context         SHA256=f83540b369d62d3a3626f4487a33a8fb933121643231b1e0e5d4aeab15d1aac7 DATA={"source": "ContextModel_v1", "environment": "Museum_Gallery", "crowding": "Low"}
2026-05-17 21:43:21,848 | SENDER=motion_node          TOPIC=/hri/motion          SHA256=961785fcc40bec16ddaad54a8455a3385b0db9a8de0afaafac25d770dc6ce2b7 DATA={"source": "MotionModel_v1", "label": "Stationary", "speed_ms": 0.09}
2026-05-17 21:43:21,926 | SENDER=emotion_node         TOPIC=/hri/emotion         SHA256=fb8e1603c1c878d9bde4256305bb541a522e9d71e8619861d7913c31ba0de47e DATA={"source": "EmotionModel_v1", "label": "Confused", "confidence": 0.81}
2026-05-17 21:43:22,378 | SENDER=gesture_node         TOPIC=/hri/gesture         SHA256=9c23e07af1c553433345d5ea1db582b01f88aaa69cfaff89eaecaa4d16ef97ce DATA={"source": "GestureModel_v1", "label": "Beckon", "confidence": 0.86}
2026-05-17 21:43:23,693 | SENDER=context_node         TOPIC=/hri/context         SHA256=4f7f3e509d2a45b70dab96481bdeba99e5dd5787b28f81fbd5e9933a5b67478b DATA={"source": "ContextModel_v1", "environment": "Hospital_Reception", "crowding": "Medium"}
2026-05-17 21:43:23,848 | SENDER=motion_node          TOPIC=/hri/motion          SHA256=06b521679b6e61f9ab85b30e4b4b84523a03361109a300c6d8cd243b467144d2 DATA={"source": "MotionModel_v1", "label": "Retreating", "speed_ms": 0.6}
2026-05-17 21:43:23,926 | SENDER=emotion_node         TOPIC=/hri/emotion         SHA256=23f75cf2aa24df9c9db98112d1e711fb666ec845a4e79c5b61b52919f053e180 DATA={"source": "EmotionModel_v1", "label": "Happy", "confidence": 0.95}
2026-05-17 21:43:24,377 | SENDER=gesture_node         TOPIC=/hri/gesture         SHA256=ff791522bd7f91043fa4240733a276a7ea3cc81761af1f1759a1d59910f2846f DATA={"source": "GestureModel_v1", "label": "Beckon", "confidence": 0.87}
2026-05-17 21:43:26,897 | SENDER=context_node         TOPIC=/hri/context         SHA256=a64fb3cfbf73edd634404a40b5c36a0c53b982ba75ff4431360d795192f7cd87 DATA={"source": "ContextModel_v1", "environment": "Hospital_Ward", "crowding": "Low"}
2026-05-17 21:43:27,053 | SENDER=motion_node          TOPIC=/hri/motion          SHA256=7d4c27d76ab8355d226cc9600e38769bf223851755cf45253cd3d36bb7432a98 DATA={"source": "MotionModel_v1", "label": "Approaching", "speed_ms": 0.9}
2026-05-17 21:43:27,132 | SENDER=emotion_node         TOPIC=/hri/emotion         SHA256=7411f2bf2664640c499aa8f823ef5d77c4d8d0b64db1abf118cde27ec93bd07e DATA={"source": "EmotionModel_v1", "label": "Angry", "confidence": 0.82}
2026-05-17 21:43:27,583 | SENDER=gesture_node         TOPIC=/hri/gesture         SHA256=641c3dda621dae518afaa84bb122e0fd38aaa475d79f4f2f95a3237156141a42 DATA={"source": "GestureModel_v1", "label": "Cross_Arms", "confidence": 0.82}
2026-05-17 21:43:27,691 | SENDER=context_node         TOPIC=/hri/context         SHA256=4f7f3e509d2a45b70dab96481bdeba99e5dd5787b28f81fbd5e9933a5b67478b DATA={"source": "ContextModel_v1", "environment": "Hospital_Reception", "crowding": "Medium"}
2026-05-17 21:43:27,848 | SENDER=motion_node          TOPIC=/hri/motion          SHA256=d021425ef0b266438a4161bd17930dfa2280c31c7da1d871929f53a807bc9d0a DATA={"source": "MotionModel_v1", "label": "Running", "speed_ms": 2.62}
2026-05-17 21:43:27,926 | SENDER=emotion_node         TOPIC=/hri/emotion         SHA256=711685edb11d7f7975b724d921bc9e0c32030b2cc3a9ac2563d875694436b2bc DATA={"source": "EmotionModel_v1", "label": "Sad", "confidence": 0.82}
2026-05-17 21:43:28,377 | SENDER=gesture_node         TOPIC=/hri/gesture         SHA256=35912617a819bc270057bac9ae7346d7fb8cae37d746b08ff5974cd835925696 DATA={"source": "GestureModel_v1", "label": "Point", "confidence": 0.86}
2026-05-17 21:43:29,693 | SENDER=context_node         TOPIC=/hri/context         SHA256=f83540b369d62d3a3626f4487a33a8fb933121643231b1e0e5d4aeab15d1aac7 DATA={"source": "ContextModel_v1", "environment": "Museum_Gallery", "crowding": "Low"}
2026-05-17 21:43:29,849 | SENDER=motion_node          TOPIC=/hri/motion          SHA256=dce3671b3f1c868c6b776063460183be199ade3e6aad1b7fbfbda8bd4547ca70 DATA={"source": "MotionModel_v1", "label": "Running", "speed_ms": 2.85}
2026-05-17 21:43:29,926 | SENDER=emotion_node         TOPIC=/hri/emotion         SHA256=6a64b3df5d5d4fa170734db5e68355663f3cfa0e16e340c0f869d534e05559f1 DATA={"source": "EmotionModel_v1", "label": "Neutral", "confidence": 0.87}
2026-05-17 21:43:30,377 | SENDER=gesture_node         TOPIC=/hri/gesture         SHA256=9c23e07af1c553433345d5ea1db582b01f88aaa69cfaff89eaecaa4d16ef97ce DATA={"source": "GestureModel_v1", "label": "Beckon", "confidence": 0.86}
2026-05-17 21:43:31,692 | SENDER=context_node         TOPIC=/hri/context         SHA256=f83540b369d62d3a3626f4487a33a8fb933121643231b1e0e5d4aeab15d1aac7 DATA={"source": "ContextModel_v1", "environment": "Museum_Gallery", "crowding": "Low"}
2026-05-17 21:43:31,849 | SENDER=motion_node          TOPIC=/hri/motion          SHA256=d773d480b9582420b9841013a64156f6c4269e0da6bd8d2e9e0d32f8715a6126 DATA={"source": "MotionModel_v1", "label": "Wandering", "speed_ms": 0.26}
2026-05-17 21:43:31,927 | SENDER=emotion_node         TOPIC=/hri/emotion         SHA256=d4074f4824daacea312d44fe003b97ab003d1c7b4d7434f63558e3c245317f0c DATA={"source": "EmotionModel_v1", "label": "Confused", "confidence": 0.86}
2026-05-17 21:43:32,377 | SENDER=gesture_node         TOPIC=/hri/gesture         SHA256=3ecfd8986e395125c84f18e5ae99ca501d0aeb626128e03435d34223d907b0dd DATA={"source": "GestureModel_v1", "label": "Point", "confidence": 0.91}
2026-05-17 21:43:33,691 | SENDER=context_node         TOPIC=/hri/context         SHA256=f83540b369d62d3a3626f4487a33a8fb933121643231b1e0e5d4aeab15d1aac7 DATA={"source": "ContextModel_v1", "environment": "Museum_Gallery", "crowding": "Low"}
2026-05-17 21:43:33,848 | SENDER=motion_node          TOPIC=/hri/motion          SHA256=b433e0f0d3ce9f9ff430de8b6b1d950244e3d42fba6733c34f4a6ee2723a1424 DATA={"source": "MotionModel_v1", "label": "Running", "speed_ms": 2.97}
2026-05-17 21:43:33,926 | SENDER=emotion_node         TOPIC=/hri/emotion         SHA256=29d84c84411ab175865edb4e0e16a4a4e6ee6eedd5cbec349b55dd55428e4b47 DATA={"source": "EmotionModel_v1", "label": "Confused", "confidence": 0.8}
2026-05-17 21:43:34,377 | SENDER=gesture_node         TOPIC=/hri/gesture         SHA256=641c3dda621dae518afaa84bb122e0fd38aaa475d79f4f2f95a3237156141a42 DATA={"source": "GestureModel_v1", "label": "Cross_Arms", "confidence": 0.82}
2026-05-17 21:43:35,694 | SENDER=context_node         TOPIC=/hri/context         SHA256=a64fb3cfbf73edd634404a40b5c36a0c53b982ba75ff4431360d795192f7cd87 DATA={"source": "ContextModel_v1", "environment": "Hospital_Ward", "crowding": "Low"}
2026-05-17 21:43:35,848 | SENDER=motion_node          TOPIC=/hri/motion          SHA256=62c8edaa7d9b39abc9cb1cfbde3ba1c40308ad40a68534655e937866dfcf2593 DATA={"source": "MotionModel_v1", "label": "Retreating", "speed_ms": 0.65}
2026-05-17 21:43:35,926 | SENDER=emotion_node         TOPIC=/hri/emotion         SHA256=5998b24130ca777eab6cf54b7b3706489073d7a3a1212a611188a393ddc65b96 DATA={"source": "EmotionModel_v1", "label": "Neutral", "confidence": 0.83}
2026-05-17 21:43:36,377 | SENDER=gesture_node         TOPIC=/hri/gesture         SHA256=6d9f44dec9737b364988e46813b11217c1155dab432b7e6a322a7fade490707f DATA={"source": "GestureModel_v1", "label": "Stop", "confidence": 0.99}
2026-05-17 21:43:37,694 | SENDER=context_node         TOPIC=/hri/context         SHA256=a64fb3cfbf73edd634404a40b5c36a0c53b982ba75ff4431360d795192f7cd87 DATA={"source": "ContextModel_v1", "environment": "Hospital_Ward", "crowding": "Low"}
2026-05-17 21:43:37,848 | SENDER=motion_node          TOPIC=/hri/motion          SHA256=534e42782ded9085f77ead45f416bc0f491960ecf78f2282ae5b2cf53673a87e DATA={"source": "MotionModel_v1", "label": "Running", "speed_ms": 2.05}
2026-05-17 21:43:37,927 | SENDER=emotion_node         TOPIC=/hri/emotion         SHA256=def82fa5f6e5b9496b7405bb5a8c75e40de3b320de1185bbb8b26788cd65e167 DATA={"source": "EmotionModel_v1", "label": "Happy", "confidence": 0.88}
2026-05-17 21:43:38,378 | SENDER=gesture_node         TOPIC=/hri/gesture         SHA256=2f3b8570b684d4fa74465f1a58ba3a522605219d3622d152b92fb24550ea7a14 DATA={"source": "GestureModel_v1", "label": "Wave", "confidence": 0.9}
2026-05-17 21:43:39,692 | SENDER=context_node         TOPIC=/hri/context         SHA256=a64fb3cfbf73edd634404a40b5c36a0c53b982ba75ff4431360d795192f7cd87 DATA={"source": "ContextModel_v1", "environment": "Hospital_Ward", "crowding": "Low"}
2026-05-17 21:43:39,849 | SENDER=motion_node          TOPIC=/hri/motion          SHA256=3fc85e54209cc5088f073d65874945cf9612b16d97b77f8b4ecb87bb08fd5889 DATA={"source": "MotionModel_v1", "label": "Retreating", "speed_ms": 0.3}
2026-05-17 21:43:39,927 | SENDER=emotion_node         TOPIC=/hri/emotion         SHA256=68d9a54c36e749733e6d72908a91e4bc96e43c189d1488e01d780c25678f9ff1 DATA={"source": "EmotionModel_v1", "label": "Sad", "confidence": 0.89}
2026-05-17 21:43:40,379 | SENDER=gesture_node         TOPIC=/hri/gesture         SHA256=757678849b1b5e94f27cae2f19e40e63b8696e8864d759874ba58f978f25fc46 DATA={"source": "GestureModel_v1", "label": "Thumbs_Up", "confidence": 0.88}
2026-05-17 21:43:41,691 | SENDER=context_node         TOPIC=/hri/context         SHA256=4f7f3e509d2a45b70dab96481bdeba99e5dd5787b28f81fbd5e9933a5b67478b DATA={"source": "ContextModel_v1", "environment": "Hospital_Reception", "crowding": "Medium"}
2026-05-17 21:43:41,848 | SENDER=motion_node          TOPIC=/hri/motion          SHA256=515e5c1e86e4d0bbed32a0b4d415c8adc8bf3e01a43b15b6536b8997c40535a1 DATA={"source": "MotionModel_v1", "label": "Stationary", "speed_ms": 0.05}
2026-05-17 21:43:41,926 | SENDER=emotion_node         TOPIC=/hri/emotion         SHA256=b5bae5853ba7db99f5fca54f4048107ae6a8be3dee2f415addc8f5a6e0f55421 DATA={"source": "EmotionModel_v1", "label": "Sad", "confidence": 0.83}
2026-05-17 21:43:42,378 | SENDER=gesture_node         TOPIC=/hri/gesture         SHA256=fe1ac882e5c284ef3f3faba2d64e2bacdf8c088b3b07eef400dfd00c66b4d12f DATA={"source": "GestureModel_v1", "label": "Thumbs_Up", "confidence": 0.83}
2026-05-17 21:43:43,691 | SENDER=context_node         TOPIC=/hri/context         SHA256=b88b3385b15277f264a4977a18a860ce4df5fa37ec2862844eecd37fad4c7813 DATA={"source": "ContextModel_v1", "environment": "Hospital_Corridor", "crowding": "High"}
2026-05-17 21:43:43,848 | SENDER=motion_node          TOPIC=/hri/motion          SHA256=165e42e4a17830e3ca8a97870afaea99d2ba383d4c6c8749af4d03c3310e9fb0 DATA={"source": "MotionModel_v1", "label": "Wandering", "speed_ms": 0.22}
2026-05-17 21:43:43,926 | SENDER=emotion_node         TOPIC=/hri/emotion         SHA256=4637c439325137063921fdb8b3b51f8cc7160eeb5ab0029d5632d992dfb55ca7 DATA={"source": "EmotionModel_v1", "label": "Confused", "confidence": 0.82}
2026-05-17 21:43:44,378 | SENDER=gesture_node         TOPIC=/hri/gesture         SHA256=41858cb651ab8d66a77131f1667e8d6152a1ef706585d2251aaddd3d2bb550ab DATA={"source": "GestureModel_v1", "label": "Stop", "confidence": 0.91}
2026-05-17 21:43:45,691 | SENDER=context_node         TOPIC=/hri/context         SHA256=b88b3385b15277f264a4977a18a860ce4df5fa37ec2862844eecd37fad4c7813 DATA={"source": "ContextModel_v1", "environment": "Hospital_Corridor", "crowding": "High"}
2026-05-17 21:43:45,848 | SENDER=motion_node          TOPIC=/hri/motion          SHA256=830f8470071da66a87547228b81bdac7d0d3b1e9772d8b6323e6ce94fe5b3891 DATA={"source": "MotionModel_v1", "label": "Running", "speed_ms": 2.2}
2026-05-17 21:43:45,926 | SENDER=emotion_node         TOPIC=/hri/emotion         SHA256=9beddab6b207fd0240159a70ae954ac7e1a4f55bfaa7771671c43bf498cc8ec8 DATA={"source": "EmotionModel_v1", "label": "Angry", "confidence": 0.78}
2026-05-17 21:43:46,378 | SENDER=gesture_node         TOPIC=/hri/gesture         SHA256=2f3b8570b684d4fa74465f1a58ba3a522605219d3622d152b92fb24550ea7a14 DATA={"source": "GestureModel_v1", "label": "Wave", "confidence": 0.9}
2026-05-17 21:43:47,691 | SENDER=context_node         TOPIC=/hri/context         SHA256=b88b3385b15277f264a4977a18a860ce4df5fa37ec2862844eecd37fad4c7813 DATA={"source": "ContextModel_v1", "environment": "Hospital_Corridor", "crowding": "High"}
2026-05-17 21:43:47,848 | SENDER=motion_node          TOPIC=/hri/motion          SHA256=663a48ac945b043ffa97021ac25cc0800019679db7909bd77efaa01b984c7a4b DATA={"source": "MotionModel_v1", "label": "Approaching", "speed_ms": 1.1}
2026-05-17 21:43:47,927 | SENDER=emotion_node         TOPIC=/hri/emotion         SHA256=68d9a54c36e749733e6d72908a91e4bc96e43c189d1488e01d780c25678f9ff1 DATA={"source": "EmotionModel_v1", "label": "Sad", "confidence": 0.89}
2026-05-17 21:43:48,382 | SENDER=gesture_node         TOPIC=/hri/gesture         SHA256=9c23e07af1c553433345d5ea1db582b01f88aaa69cfaff89eaecaa4d16ef97ce DATA={"source": "GestureModel_v1", "label": "Beckon", "confidence": 0.86}
2026-05-17 21:43:49,692 | SENDER=context_node         TOPIC=/hri/context         SHA256=4f7f3e509d2a45b70dab96481bdeba99e5dd5787b28f81fbd5e9933a5b67478b DATA={"source": "ContextModel_v1", "environment": "Hospital_Reception", "crowding": "Medium"}
2026-05-17 21:43:49,848 | SENDER=motion_node          TOPIC=/hri/motion          SHA256=93215727e93bfa8a8ddaa11b4cfafc507bda5babb5929384af273c00d256b4ae DATA={"source": "MotionModel_v1", "label": "Running", "speed_ms": 2.43}
2026-05-17 21:43:49,926 | SENDER=emotion_node         TOPIC=/hri/emotion         SHA256=28969e8509e56f7ffa6a700e27d708c9ff6c3a4a5240eaeddd1bad1f9fdc748c DATA={"source": "EmotionModel_v1", "label": "Confused", "confidence": 0.87}
2026-05-17 21:43:50,377 | SENDER=gesture_node         TOPIC=/hri/gesture         SHA256=f8c1e183c4fcefe7027020d7a9e91c173e5bc8d66e5ff5dd8a7fa1a395cc3836 DATA={"source": "GestureModel_v1", "label": "Wave", "confidence": 0.89}
2026-05-17 21:43:51,692 | SENDER=context_node         TOPIC=/hri/context         SHA256=b88b3385b15277f264a4977a18a860ce4df5fa37ec2862844eecd37fad4c7813 DATA={"source": "ContextModel_v1", "environment": "Hospital_Corridor", "crowding": "High"}
2026-05-17 21:43:51,848 | SENDER=motion_node          TOPIC=/hri/motion          SHA256=a7bbe66ac23d3c63a779a4484a827a1d71ef87e0cedd04671389450184bd91ed DATA={"source": "MotionModel_v1", "label": "Retreating", "speed_ms": 0.47}
2026-05-17 21:43:51,929 | SENDER=emotion_node         TOPIC=/hri/emotion         SHA256=fc4472a0e3e6cb848add7903cad45c0af5aa0c4fbe4ebc622c1d63dace00a456 DATA={"source": "EmotionModel_v1", "label": "Happy", "confidence": 0.89}
2026-05-17 21:43:52,379 | SENDER=gesture_node         TOPIC=/hri/gesture         SHA256=302e92bcdb3441312eeb6ef6f6bc6a6b48a089fae183ee89ca4e4abc52cda74b DATA={"source": "GestureModel_v1", "label": "Point", "confidence": 0.81}
2026-05-17 21:43:53,692 | SENDER=context_node         TOPIC=/hri/context         SHA256=a64fb3cfbf73edd634404a40b5c36a0c53b982ba75ff4431360d795192f7cd87 DATA={"source": "ContextModel_v1", "environment": "Hospital_Ward", "crowding": "Low"}
2026-05-17 21:43:53,849 | SENDER=motion_node          TOPIC=/hri/motion          SHA256=ce95a571f07e8d71dd543db9e40e06e8ec61c51b4a970593c98dea09674b270d DATA={"source": "MotionModel_v1", "label": "Approaching", "speed_ms": 0.65}
2026-05-17 21:43:53,926 | SENDER=emotion_node         TOPIC=/hri/emotion         SHA256=def82fa5f6e5b9496b7405bb5a8c75e40de3b320de1185bbb8b26788cd65e167 DATA={"source": "EmotionModel_v1", "label": "Happy", "confidence": 0.88}
2026-05-17 21:43:54,382 | SENDER=gesture_node         TOPIC=/hri/gesture         SHA256=4205621ed303fae6f5e5da63ada00cf83e4bf6ef8b07632c5feb2d0d235b3d30 DATA={"source": "GestureModel_v1", "label": "Point", "confidence": 0.88}
2026-05-17 21:43:55,694 | SENDER=context_node         TOPIC=/hri/context         SHA256=f83540b369d62d3a3626f4487a33a8fb933121643231b1e0e5d4aeab15d1aac7 DATA={"source": "ContextModel_v1", "environment": "Museum_Gallery", "crowding": "Low"}
2026-05-17 21:43:55,848 | SENDER=motion_node          TOPIC=/hri/motion          SHA256=4fc1ef7b47777bd8714f9b494f39f3887d0387aa1999d9fb6787790471d7986c DATA={"source": "MotionModel_v1", "label": "Wandering", "speed_ms": 0.6}
2026-05-17 21:43:55,926 | SENDER=emotion_node         TOPIC=/hri/emotion         SHA256=d4074f4824daacea312d44fe003b97ab003d1c7b4d7434f63558e3c245317f0c DATA={"source": "EmotionModel_v1", "label": "Confused", "confidence": 0.86}
2026-05-17 21:43:56,378 | SENDER=gesture_node         TOPIC=/hri/gesture         SHA256=302e92bcdb3441312eeb6ef6f6bc6a6b48a089fae183ee89ca4e4abc52cda74b DATA={"source": "GestureModel_v1", "label": "Point", "confidence": 0.81}
2026-05-17 21:43:57,692 | SENDER=context_node         TOPIC=/hri/context         SHA256=a64fb3cfbf73edd634404a40b5c36a0c53b982ba75ff4431360d795192f7cd87 DATA={"source": "ContextModel_v1", "environment": "Hospital_Ward", "crowding": "Low"}
2026-05-17 21:43:57,849 | SENDER=motion_node          TOPIC=/hri/motion          SHA256=a170877fd57d92a5cc9c3a8939dc2be100bf549a4cca37df39b3fca1b38907eb DATA={"source": "MotionModel_v1", "label": "Retreating", "speed_ms": 0.81}
2026-05-17 21:43:57,926 | SENDER=emotion_node         TOPIC=/hri/emotion         SHA256=4637c439325137063921fdb8b3b51f8cc7160eeb5ab0029d5632d992dfb55ca7 DATA={"source": "EmotionModel_v1", "label": "Confused", "confidence": 0.82}
2026-05-17 21:43:58,382 | SENDER=gesture_node         TOPIC=/hri/gesture         SHA256=41858cb651ab8d66a77131f1667e8d6152a1ef706585d2251aaddd3d2bb550ab DATA={"source": "GestureModel_v1", "label": "Stop", "confidence": 0.91}
2026-05-17 21:44:00,896 | SENDER=context_node         TOPIC=/hri/context         SHA256=0328fe086d7abbbd5cc66066c96aec10db560086a0f840535d8d2da0875519d9 DATA={"source": "ContextModel_v1", "environment": "Retail_Aisle", "crowding": "Medium"}
2026-05-17 21:44:01,052 | SENDER=motion_node          TOPIC=/hri/motion          SHA256=0a22a9e8ed96ea7a3b8c99534fa58e6447c6ca6502190ef909f33291fa511f7f DATA={"source": "MotionModel_v1", "label": "Stationary", "speed_ms": 0.03}
2026-05-17 21:44:01,130 | SENDER=emotion_node         TOPIC=/hri/emotion         SHA256=003585fd167f61cac7b5f185b4559b1326f928d6d22ff3679164d2ae0adacf95 DATA={"source": "EmotionModel_v1", "label": "Happy", "confidence": 0.94}
2026-05-17 21:44:01,581 | SENDER=gesture_node         TOPIC=/hri/gesture         SHA256=4dd96358b44fa77da98563fdf224de3423c3a9afdb4b88dfc3b64ab2d1d4f66a DATA={"source": "GestureModel_v1", "label": "Point", "confidence": 0.93}
2026-05-17 21:44:01,691 | SENDER=context_node         TOPIC=/hri/context         SHA256=4f7f3e509d2a45b70dab96481bdeba99e5dd5787b28f81fbd5e9933a5b67478b DATA={"source": "ContextModel_v1", "environment": "Hospital_Reception", "crowding": "Medium"}
2026-05-17 21:44:01,848 | SENDER=motion_node          TOPIC=/hri/motion          SHA256=a170877fd57d92a5cc9c3a8939dc2be100bf549a4cca37df39b3fca1b38907eb DATA={"source": "MotionModel_v1", "label": "Retreating", "speed_ms": 0.81}
2026-05-17 21:44:01,927 | SENDER=emotion_node         TOPIC=/hri/emotion         SHA256=ef8388a1c703316d6759d42afc8840c8134c7ac51660cbd318c7c2f89ecfe58a DATA={"source": "EmotionModel_v1", "label": "Happy", "confidence": 0.9}
2026-05-17 21:44:02,379 | SENDER=gesture_node         TOPIC=/hri/gesture         SHA256=757678849b1b5e94f27cae2f19e40e63b8696e8864d759874ba58f978f25fc46 DATA={"source": "GestureModel_v1", "label": "Thumbs_Up", "confidence": 0.88}
2026-05-17 21:44:03,691 | SENDER=context_node         TOPIC=/hri/context         SHA256=4f7f3e509d2a45b70dab96481bdeba99e5dd5787b28f81fbd5e9933a5b67478b DATA={"source": "ContextModel_v1", "environment": "Hospital_Reception", "crowding": "Medium"}
2026-05-17 21:44:03,848 | SENDER=motion_node          TOPIC=/hri/motion          SHA256=3557ec8f0d75b74517407d53572b5d000306f24e22a0e08be2b06eab0956697b DATA={"source": "MotionModel_v1", "label": "Approaching", "speed_ms": 0.85}
2026-05-17 21:44:03,926 | SENDER=emotion_node         TOPIC=/hri/emotion         SHA256=9f4fe36c3dbb6f7f4d021d28f1a295f67466675c1893f867480a382a8f8a6e1c DATA={"source": "EmotionModel_v1", "label": "Confused", "confidence": 0.9}
2026-05-17 21:44:04,378 | SENDER=gesture_node         TOPIC=/hri/gesture         SHA256=ebd25a530fc8fd069779b4d49d56b982d92760d46b5fe301254eac92c2fc909e DATA={"source": "GestureModel_v1", "label": "Point", "confidence": 0.8}
2026-05-17 21:44:05,694 | SENDER=context_node         TOPIC=/hri/context         SHA256=0328fe086d7abbbd5cc66066c96aec10db560086a0f840535d8d2da0875519d9 DATA={"source": "ContextModel_v1", "environment": "Retail_Aisle", "crowding": "Medium"}
2026-05-17 21:44:05,848 | SENDER=motion_node          TOPIC=/hri/motion          SHA256=ad5c56b7f1653f465679ce0b5cbdd5ef03aad7ca909840b8fbcd0b8ffb92ce36 DATA={"source": "MotionModel_v1", "label": "Retreating", "speed_ms": 0.71}
2026-05-17 21:44:05,927 | SENDER=emotion_node         TOPIC=/hri/emotion         SHA256=23f75cf2aa24df9c9db98112d1e711fb666ec845a4e79c5b61b52919f053e180 DATA={"source": "EmotionModel_v1", "label": "Happy", "confidence": 0.95}
2026-05-17 21:44:06,379 | SENDER=gesture_node         TOPIC=/hri/gesture         SHA256=62434f50539b04787134308277b1e06687ba3619d47877f2760dc09e7fc2bcf3 DATA={"source": "GestureModel_v1", "label": "Cross_Arms", "confidence": 0.78}
2026-05-17 21:44:07,691 | SENDER=context_node         TOPIC=/hri/context         SHA256=f83540b369d62d3a3626f4487a33a8fb933121643231b1e0e5d4aeab15d1aac7 DATA={"source": "ContextModel_v1", "environment": "Museum_Gallery", "crowding": "Low"}
2026-05-17 21:44:07,848 | SENDER=motion_node          TOPIC=/hri/motion          SHA256=836a36b97657c3b15604d622012ca6bb3c2a4bf59e6d78c8cf091fd850e88670 DATA={"source": "MotionModel_v1", "label": "Running", "speed_ms": 2.92}
2026-05-17 21:44:07,926 | SENDER=emotion_node         TOPIC=/hri/emotion         SHA256=58f2a9c7827b5c84aab43cc7d2ed27bba5eac2d03fb0f135bf0f54e21702bf89 DATA={"source": "EmotionModel_v1", "label": "Angry", "confidence": 0.92}
2026-05-17 21:44:08,379 | SENDER=gesture_node         TOPIC=/hri/gesture         SHA256=ff791522bd7f91043fa4240733a276a7ea3cc81761af1f1759a1d59910f2846f DATA={"source": "GestureModel_v1", "label": "Beckon", "confidence": 0.87}
2026-05-17 21:44:09,691 | SENDER=context_node         TOPIC=/hri/context         SHA256=b88b3385b15277f264a4977a18a860ce4df5fa37ec2862844eecd37fad4c7813 DATA={"source": "ContextModel_v1", "environment": "Hospital_Corridor", "crowding": "High"}
2026-05-17 21:44:09,848 | SENDER=motion_node          TOPIC=/hri/motion          SHA256=ab43c7ebcbaf73ae7cd5e297d1c224122bf92d3758af9b637b077b59092bf928 DATA={"source": "MotionModel_v1", "label": "Retreating", "speed_ms": 0.46}
2026-05-17 21:44:09,927 | SENDER=emotion_node         TOPIC=/hri/emotion         SHA256=fc4472a0e3e6cb848add7903cad45c0af5aa0c4fbe4ebc622c1d63dace00a456 DATA={"source": "EmotionModel_v1", "label": "Happy", "confidence": 0.89}
2026-05-17 21:44:10,384 | SENDER=gesture_node         TOPIC=/hri/gesture         SHA256=8d55041af963c9010b206607d7a97f99f31d424413a435267b1fe4365ad44698 DATA={"source": "GestureModel_v1", "label": "Point", "confidence": 0.89}
2026-05-17 21:44:11,692 | SENDER=context_node         TOPIC=/hri/context         SHA256=a64fb3cfbf73edd634404a40b5c36a0c53b982ba75ff4431360d795192f7cd87 DATA={"source": "ContextModel_v1", "environment": "Hospital_Ward", "crowding": "Low"}
2026-05-17 21:44:11,848 | SENDER=motion_node          TOPIC=/hri/motion          SHA256=961785fcc40bec16ddaad54a8455a3385b0db9a8de0afaafac25d770dc6ce2b7 DATA={"source": "MotionModel_v1", "label": "Stationary", "speed_ms": 0.09}
2026-05-17 21:44:11,926 | SENDER=emotion_node         TOPIC=/hri/emotion         SHA256=f690fd6b73297fb6b4bec0ac3bbe0b4989569ba692e87df3bb86f80ef6b6028f DATA={"source": "EmotionModel_v1", "label": "Sad", "confidence": 0.8}
2026-05-17 21:44:12,381 | SENDER=gesture_node         TOPIC=/hri/gesture         SHA256=360ed7fd856521fd958c783e3921e09bdc53afd0d257c050d1d631e741a75fbb DATA={"source": "GestureModel_v1", "label": "Thumbs_Up", "confidence": 0.92}
2026-05-17 21:44:13,692 | SENDER=context_node         TOPIC=/hri/context         SHA256=0328fe086d7abbbd5cc66066c96aec10db560086a0f840535d8d2da0875519d9 DATA={"source": "ContextModel_v1", "environment": "Retail_Aisle", "crowding": "Medium"}
2026-05-17 21:44:13,849 | SENDER=motion_node          TOPIC=/hri/motion          SHA256=a67f073589c3b9a37c8ca92644de1519154c2993534a1fd10565e1a67a353a0b DATA={"source": "MotionModel_v1", "label": "Retreating", "speed_ms": 0.58}
2026-05-17 21:44:13,927 | SENDER=emotion_node         TOPIC=/hri/emotion         SHA256=fc4472a0e3e6cb848add7903cad45c0af5aa0c4fbe4ebc622c1d63dace00a456 DATA={"source": "EmotionModel_v1", "label": "Happy", "confidence": 0.89}
2026-05-17 21:44:14,377 | SENDER=gesture_node         TOPIC=/hri/gesture         SHA256=f3a5e9fd5f47af06408d6a01da4f6c1cef0aabb11188d59709928a9a43a32fa8 DATA={"source": "GestureModel_v1", "label": "Wave", "confidence": 0.86}
2026-05-17 21:44:15,692 | SENDER=context_node         TOPIC=/hri/context         SHA256=a64fb3cfbf73edd634404a40b5c36a0c53b982ba75ff4431360d795192f7cd87 DATA={"source": "ContextModel_v1", "environment": "Hospital_Ward", "crowding": "Low"}
2026-05-17 21:44:15,848 | SENDER=motion_node          TOPIC=/hri/motion          SHA256=cd75153566d422e17d8d18429df97d0f3c5f972d9c6dca29accb0d4137f18239 DATA={"source": "MotionModel_v1", "label": "Stationary", "speed_ms": 0.01}
2026-05-17 21:44:15,926 | SENDER=emotion_node         TOPIC=/hri/emotion         SHA256=b1b6ae86a9609b1d32e1fc2ad5ce71c410e80d992a52d3150327ed2c5a13d5d0 DATA={"source": "EmotionModel_v1", "label": "Happy", "confidence": 0.96}
2026-05-17 21:44:16,378 | SENDER=gesture_node         TOPIC=/hri/gesture         SHA256=5862b1f8195402779034656183e5f4eb7de2b9175ecb1090388123ef5d4d60a4 DATA={"source": "GestureModel_v1", "label": "Cross_Arms", "confidence": 0.9}
2026-05-17 21:44:17,691 | SENDER=context_node         TOPIC=/hri/context         SHA256=0328fe086d7abbbd5cc66066c96aec10db560086a0f840535d8d2da0875519d9 DATA={"source": "ContextModel_v1", "environment": "Retail_Aisle", "crowding": "Medium"}
2026-05-17 21:44:17,849 | SENDER=motion_node          TOPIC=/hri/motion          SHA256=d773d480b9582420b9841013a64156f6c4269e0da6bd8d2e9e0d32f8715a6126 DATA={"source": "MotionModel_v1", "label": "Wandering", "speed_ms": 0.26}
2026-05-17 21:44:17,927 | SENDER=emotion_node         TOPIC=/hri/emotion         SHA256=f690fd6b73297fb6b4bec0ac3bbe0b4989569ba692e87df3bb86f80ef6b6028f DATA={"source": "EmotionModel_v1", "label": "Sad", "confidence": 0.8}
2026-05-17 21:44:18,381 | SENDER=gesture_node         TOPIC=/hri/gesture         SHA256=9c2d7d6267bc0073a7fc20ca7d5ec2c462d7d77f9ce3d11432f9db4950060e26 DATA={"source": "GestureModel_v1", "label": "Wave", "confidence": 0.85}
2026-05-17 21:44:19,696 | SENDER=context_node         TOPIC=/hri/context         SHA256=4f7f3e509d2a45b70dab96481bdeba99e5dd5787b28f81fbd5e9933a5b67478b DATA={"source": "ContextModel_v1", "environment": "Hospital_Reception", "crowding": "Medium"}
2026-05-17 21:44:19,848 | SENDER=motion_node          TOPIC=/hri/motion          SHA256=62e77d89d84fabf116e903453b3b184bcc1d2c21cec79c2878dbaed30ed69a63 DATA={"source": "MotionModel_v1", "label": "Wandering", "speed_ms": 0.4}
2026-05-17 21:44:19,926 | SENDER=emotion_node         TOPIC=/hri/emotion         SHA256=2cb80fc8bc87bf2d63a696531984a40c307d9d25b5780498c5441fce9b076511 DATA={"source": "EmotionModel_v1", "label": "Confused", "confidence": 0.93}
2026-05-17 21:44:20,378 | SENDER=gesture_node         TOPIC=/hri/gesture         SHA256=f3a5e9fd5f47af06408d6a01da4f6c1cef0aabb11188d59709928a9a43a32fa8 DATA={"source": "GestureModel_v1", "label": "Wave", "confidence": 0.86}
2026-05-17 21:44:21,691 | SENDER=context_node         TOPIC=/hri/context         SHA256=f83540b369d62d3a3626f4487a33a8fb933121643231b1e0e5d4aeab15d1aac7 DATA={"source": "ContextModel_v1", "environment": "Museum_Gallery", "crowding": "Low"}
2026-05-17 21:44:21,848 | SENDER=motion_node          TOPIC=/hri/motion          SHA256=2803ecb45ef532423576c75f03c554e0a41f894eaa02c3d5bf9950e1d3d5d39f DATA={"source": "MotionModel_v1", "label": "Running", "speed_ms": 2.6}
2026-05-17 21:44:21,926 | SENDER=emotion_node         TOPIC=/hri/emotion         SHA256=21b8d3facfd69e37dd7c79e05619c7e3cab414c0b9e7dd6bf6f2f8eaba7eed36 DATA={"source": "EmotionModel_v1", "label": "Happy", "confidence": 0.91}
2026-05-17 21:44:22,379 | SENDER=gesture_node         TOPIC=/hri/gesture         SHA256=524fc014844a08712c1cd4b202d4cbb4293a113c37f6949572e9d7b979b80d33 DATA={"source": "GestureModel_v1", "label": "Cross_Arms", "confidence": 0.79}
2026-05-17 21:44:23,691 | SENDER=context_node         TOPIC=/hri/context         SHA256=f83540b369d62d3a3626f4487a33a8fb933121643231b1e0e5d4aeab15d1aac7 DATA={"source": "ContextModel_v1", "environment": "Museum_Gallery", "crowding": "Low"}
2026-05-17 21:44:23,849 | SENDER=motion_node          TOPIC=/hri/motion          SHA256=a46f597bf2b84b09ff5dc257e3f5db73d1205f3a587a124948adc36deadfd77a DATA={"source": "MotionModel_v1", "label": "Retreating", "speed_ms": 0.34}
2026-05-17 21:44:23,926 | SENDER=emotion_node         TOPIC=/hri/emotion         SHA256=c9f62e048a71b2b7a2d2b3e01efa596035bef3940f5d6ee245990acc897438b2 DATA={"source": "EmotionModel_v1", "label": "Panicked", "confidence": 0.96}
2026-05-17 21:44:24,378 | SENDER=gesture_node         TOPIC=/hri/gesture         SHA256=641c3dda621dae518afaa84bb122e0fd38aaa475d79f4f2f95a3237156141a42 DATA={"source": "GestureModel_v1", "label": "Cross_Arms", "confidence": 0.82}
2026-05-17 21:44:25,691 | SENDER=context_node         TOPIC=/hri/context         SHA256=0328fe086d7abbbd5cc66066c96aec10db560086a0f840535d8d2da0875519d9 DATA={"source": "ContextModel_v1", "environment": "Retail_Aisle", "crowding": "Medium"}
2026-05-17 21:44:25,848 | SENDER=motion_node          TOPIC=/hri/motion          SHA256=11a033ef338177e87f64af4089c323c08964b6d3ed58bce6301a49ea362252c5 DATA={"source": "MotionModel_v1", "label": "Running", "speed_ms": 3.1}
2026-05-17 21:44:25,926 | SENDER=emotion_node         TOPIC=/hri/emotion         SHA256=6a64b3df5d5d4fa170734db5e68355663f3cfa0e16e340c0f869d534e05559f1 DATA={"source": "EmotionModel_v1", "label": "Neutral", "confidence": 0.87}
2026-05-17 21:44:26,379 | SENDER=gesture_node         TOPIC=/hri/gesture         SHA256=fe1ac882e5c284ef3f3faba2d64e2bacdf8c088b3b07eef400dfd00c66b4d12f DATA={"source": "GestureModel_v1", "label": "Thumbs_Up", "confidence": 0.83}
2026-05-17 21:44:27,691 | SENDER=context_node         TOPIC=/hri/context         SHA256=b88b3385b15277f264a4977a18a860ce4df5fa37ec2862844eecd37fad4c7813 DATA={"source": "ContextModel_v1", "environment": "Hospital_Corridor", "crowding": "High"}
2026-05-17 21:44:27,850 | SENDER=motion_node          TOPIC=/hri/motion          SHA256=5195b0f3eac2d7cfcc49f04a44cb0198b4ca6da7742e08ec320c9874b15cb3bd DATA={"source": "MotionModel_v1", "label": "Approaching", "speed_ms": 0.88}
2026-05-17 21:44:27,926 | SENDER=emotion_node         TOPIC=/hri/emotion         SHA256=a16e78978e9a387224a47e626b63b25a62b0930d7bed5f5b6524b2db1440d194 DATA={"source": "EmotionModel_v1", "label": "Panicked", "confidence": 0.89}
2026-05-17 21:44:28,379 | SENDER=gesture_node         TOPIC=/hri/gesture         SHA256=be63e7660b916eb1e9541cc8d01b5d71cd4981159621a37da733f471ba243b94 DATA={"source": "GestureModel_v1", "label": "Point", "confidence": 0.85}
2026-05-17 21:44:29,691 | SENDER=context_node         TOPIC=/hri/context         SHA256=4f7f3e509d2a45b70dab96481bdeba99e5dd5787b28f81fbd5e9933a5b67478b DATA={"source": "ContextModel_v1", "environment": "Hospital_Reception", "crowding": "Medium"}
2026-05-17 21:44:29,848 | SENDER=motion_node          TOPIC=/hri/motion          SHA256=13417c68be85f1816e4baf40427386561cb02707235d3a284acce4a87c89397e DATA={"source": "MotionModel_v1", "label": "Retreating", "speed_ms": 0.75}
2026-05-17 21:44:29,926 | SENDER=emotion_node         TOPIC=/hri/emotion         SHA256=3a98de9da719fee6ab907bdae0a4b63a5338cd5475d0e485f5b84c94f98260cf DATA={"source": "EmotionModel_v1", "label": "Neutral", "confidence": 0.9}
2026-05-17 21:44:30,377 | SENDER=gesture_node         TOPIC=/hri/gesture         SHA256=58fc96a63f43bf5ce2f18d1ef46c6c39612305ca9fffd5d627feb24785ed2036 DATA={"source": "GestureModel_v1", "label": "Thumbs_Up", "confidence": 0.95}
2026-05-17 21:44:31,695 | SENDER=context_node         TOPIC=/hri/context         SHA256=0328fe086d7abbbd5cc66066c96aec10db560086a0f840535d8d2da0875519d9 DATA={"source": "ContextModel_v1", "environment": "Retail_Aisle", "crowding": "Medium"}
2026-05-17 21:44:31,848 | SENDER=motion_node          TOPIC=/hri/motion          SHA256=e0d3528f2a626baa93afe5726d7cd1c1678b01f64b048dcd6586e013a6902095 DATA={"source": "MotionModel_v1", "label": "Running", "speed_ms": 2.21}
2026-05-17 21:44:31,926 | SENDER=emotion_node         TOPIC=/hri/emotion         SHA256=d22ed276a5200c14818ffa6b93799ed65bf4bb241614118f704e38749bfd3e20 DATA={"source": "EmotionModel_v1", "label": "Confused", "confidence": 0.91}
2026-05-17 21:44:33,581 | SENDER=gesture_node         TOPIC=/hri/gesture         SHA256=3279851d7c516d167854e919eb80987f7ab72a3a4351ea05a7d402b0f22d7efb DATA={"source": "GestureModel_v1", "label": "Point", "confidence": 0.84}
2026-05-17 21:44:34,377 | SENDER=gesture_node         TOPIC=/hri/gesture         SHA256=b7e9f74bceb3675a802434847049e10690a0b4ae22f74bb70b7698bea2ca39fc DATA={"source": "GestureModel_v1", "label": "Point", "confidence": 0.82}
2026-05-17 21:44:34,898 | SENDER=context_node         TOPIC=/hri/context         SHA256=0328fe086d7abbbd5cc66066c96aec10db560086a0f840535d8d2da0875519d9 DATA={"source": "ContextModel_v1", "environment": "Retail_Aisle", "crowding": "Medium"}
2026-05-17 21:44:35,052 | SENDER=motion_node          TOPIC=/hri/motion          SHA256=ad2aabd030d9c55025077b3532362a9fdf013d5b2619abcddd864e82171bdfef DATA={"source": "MotionModel_v1", "label": "Approaching", "speed_ms": 0.83}
2026-05-17 21:44:35,130 | SENDER=emotion_node         TOPIC=/hri/emotion         SHA256=fadaa5f34aa75e68c53a9c4886c1b7c4ea635e21a6aecdbd53099b9c8f9a2646 DATA={"source": "EmotionModel_v1", "label": "Sad", "confidence": 0.84}
2026-05-17 21:44:35,695 | SENDER=context_node         TOPIC=/hri/context         SHA256=b88b3385b15277f264a4977a18a860ce4df5fa37ec2862844eecd37fad4c7813 DATA={"source": "ContextModel_v1", "environment": "Hospital_Corridor", "crowding": "High"}
2026-05-17 21:44:35,848 | SENDER=motion_node          TOPIC=/hri/motion          SHA256=09a99d9af91e48c67a7a80f27bc9029a9f2b4d96e720c7d349042e617526809f DATA={"source": "MotionModel_v1", "label": "Retreating", "speed_ms": 0.83}
2026-05-17 21:44:35,926 | SENDER=emotion_node         TOPIC=/hri/emotion         SHA256=4b2df71a6a968f38a303f5940882ea4a4c80c9e591ef307e98f96607abb289c0 DATA={"source": "EmotionModel_v1", "label": "Panicked", "confidence": 0.9}
2026-05-17 21:44:36,377 | SENDER=gesture_node         TOPIC=/hri/gesture         SHA256=e60eaeb1fec23e63aa0078e10ac88c33178f8ee33395fe631388fa2198ba878e DATA={"source": "GestureModel_v1", "label": "Cross_Arms", "confidence": 0.83}
2026-05-17 21:44:37,691 | SENDER=context_node         TOPIC=/hri/context         SHA256=b88b3385b15277f264a4977a18a860ce4df5fa37ec2862844eecd37fad4c7813 DATA={"source": "ContextModel_v1", "environment": "Hospital_Corridor", "crowding": "High"}
2026-05-17 21:44:37,848 | SENDER=motion_node          TOPIC=/hri/motion          SHA256=5aa40b35e1da48283a256681baa02cb34858849cff69ba7b1bd628cda0f8624d DATA={"source": "MotionModel_v1", "label": "Running", "speed_ms": 2.73}
2026-05-17 21:44:37,926 | SENDER=emotion_node         TOPIC=/hri/emotion         SHA256=c5793a326aaafa2680ba4284459d95ab792410348373037a6131eebc1451b6b6 DATA={"source": "EmotionModel_v1", "label": "Angry", "confidence": 0.83}
2026-05-17 21:44:38,377 | SENDER=gesture_node         TOPIC=/hri/gesture         SHA256=31fac80f864c6fe7a8e734360896faf52b592c75ee94f68ece09583c653c38ef DATA={"source": "GestureModel_v1", "label": "Thumbs_Up", "confidence": 0.9}
2026-05-17 21:44:39,697 | SENDER=context_node         TOPIC=/hri/context         SHA256=4f7f3e509d2a45b70dab96481bdeba99e5dd5787b28f81fbd5e9933a5b67478b DATA={"source": "ContextModel_v1", "environment": "Hospital_Reception", "crowding": "Medium"}
2026-05-17 21:44:39,848 | SENDER=motion_node          TOPIC=/hri/motion          SHA256=8ab679d78e6bd7d6e649ce03315c0ad0efa5ff4722472c239b41706c15835630 DATA={"source": "MotionModel_v1", "label": "Retreating", "speed_ms": 0.77}
2026-05-17 21:44:39,926 | SENDER=emotion_node         TOPIC=/hri/emotion         SHA256=7f17b9753dea1c89574f88c2320cb01cc212d91a5b4f0840c1479c2befa10a65 DATA={"source": "EmotionModel_v1", "label": "Confused", "confidence": 0.89}
2026-05-17 21:44:40,377 | SENDER=gesture_node         TOPIC=/hri/gesture         SHA256=5b48d474e5c719d0060512121537934ef68d74571173327fae0285e65aba623b DATA={"source": "GestureModel_v1", "label": "Beckon", "confidence": 0.88}
2026-05-17 21:44:41,691 | SENDER=context_node         TOPIC=/hri/context         SHA256=f83540b369d62d3a3626f4487a33a8fb933121643231b1e0e5d4aeab15d1aac7 DATA={"source": "ContextModel_v1", "environment": "Museum_Gallery", "crowding": "Low"}
2026-05-17 21:44:41,848 | SENDER=motion_node          TOPIC=/hri/motion          SHA256=b249b21abc810dee8c211681892ac443482c4b811143fed0db14e874e307ad18 DATA={"source": "MotionModel_v1", "label": "Stationary", "speed_ms": 0.1}
2026-05-17 21:44:41,926 | SENDER=emotion_node         TOPIC=/hri/emotion         SHA256=2a015f6639b60b948d636ecafda16b2a6c68bdd68bd8f48c96f231733e44a09f DATA={"source": "EmotionModel_v1", "label": "Neutral", "confidence": 0.88}
2026-05-17 21:44:42,378 | SENDER=gesture_node         TOPIC=/hri/gesture         SHA256=9c23e07af1c553433345d5ea1db582b01f88aaa69cfaff89eaecaa4d16ef97ce DATA={"source": "GestureModel_v1", "label": "Beckon", "confidence": 0.86}
2026-05-17 21:44:43,692 | SENDER=context_node         TOPIC=/hri/context         SHA256=4f7f3e509d2a45b70dab96481bdeba99e5dd5787b28f81fbd5e9933a5b67478b DATA={"source": "ContextModel_v1", "environment": "Hospital_Reception", "crowding": "Medium"}
2026-05-17 21:44:43,848 | SENDER=motion_node          TOPIC=/hri/motion          SHA256=d8d866d2216fbfa440e776ae6ddc2bbe2fbc610439c35ce2711d7fb8d0024852 DATA={"source": "MotionModel_v1", "label": "Approaching", "speed_ms": 0.44}
2026-05-17 21:44:43,926 | SENDER=emotion_node         TOPIC=/hri/emotion         SHA256=542cb0a557d680d2be3b4f1acda147bc296a1cc1f892f397b93700b4f170d620 DATA={"source": "EmotionModel_v1", "label": "Panicked", "confidence": 0.86}
2026-05-17 21:44:44,377 | SENDER=gesture_node         TOPIC=/hri/gesture         SHA256=0d4b16c73e3ed1114603730b82027a1fcd65990f149401bbf927fd2589b1ca25 DATA={"source": "GestureModel_v1", "label": "Thumbs_Up", "confidence": 0.85}
2026-05-17 21:44:45,691 | SENDER=context_node         TOPIC=/hri/context         SHA256=a64fb3cfbf73edd634404a40b5c36a0c53b982ba75ff4431360d795192f7cd87 DATA={"source": "ContextModel_v1", "environment": "Hospital_Ward", "crowding": "Low"}
2026-05-17 21:44:45,848 | SENDER=motion_node          TOPIC=/hri/motion          SHA256=1475ebb6b8917ec88f4cbc11934bda041670c12013663d8207139383d227d310 DATA={"source": "MotionModel_v1", "label": "Wandering", "speed_ms": 0.46}
2026-05-17 21:44:45,926 | SENDER=emotion_node         TOPIC=/hri/emotion         SHA256=ef8388a1c703316d6759d42afc8840c8134c7ac51660cbd318c7c2f89ecfe58a DATA={"source": "EmotionModel_v1", "label": "Happy", "confidence": 0.9}
2026-05-17 21:44:46,379 | SENDER=gesture_node         TOPIC=/hri/gesture         SHA256=b7e9f74bceb3675a802434847049e10690a0b4ae22f74bb70b7698bea2ca39fc DATA={"source": "GestureModel_v1", "label": "Point", "confidence": 0.82}
2026-05-17 21:44:47,692 | SENDER=context_node         TOPIC=/hri/context         SHA256=a64fb3cfbf73edd634404a40b5c36a0c53b982ba75ff4431360d795192f7cd87 DATA={"source": "ContextModel_v1", "environment": "Hospital_Ward", "crowding": "Low"}
2026-05-17 21:44:47,848 | SENDER=motion_node          TOPIC=/hri/motion          SHA256=d726ab9b8743fe3edfd757dcbc7d59ab33b9ec241b95c8a1f951769f53bb233e DATA={"source": "MotionModel_v1", "label": "Approaching", "speed_ms": 0.53}
2026-05-17 21:44:47,926 | SENDER=emotion_node         TOPIC=/hri/emotion         SHA256=def82fa5f6e5b9496b7405bb5a8c75e40de3b320de1185bbb8b26788cd65e167 DATA={"source": "EmotionModel_v1", "label": "Happy", "confidence": 0.88}
2026-05-17 21:44:48,377 | SENDER=gesture_node         TOPIC=/hri/gesture         SHA256=eeea3df0df901eb95e968cc45374dc95367eadfbdfc477222b3575958842b3f1 DATA={"source": "GestureModel_v1", "label": "Wave", "confidence": 0.91}
2026-05-17 21:44:49,692 | SENDER=context_node         TOPIC=/hri/context         SHA256=4f7f3e509d2a45b70dab96481bdeba99e5dd5787b28f81fbd5e9933a5b67478b DATA={"source": "ContextModel_v1", "environment": "Hospital_Reception", "crowding": "Medium"}
2026-05-17 21:44:49,848 | SENDER=motion_node          TOPIC=/hri/motion          SHA256=a359a737c4a8f83de8a70af073b343f97c0726f835bbb4dbf1d97bf7ee31880f DATA={"source": "MotionModel_v1", "label": "Stationary", "speed_ms": 0.07}
2026-05-17 21:44:49,927 | SENDER=emotion_node         TOPIC=/hri/emotion         SHA256=b7ef50907269775339990ba759422603a4410e00b2d9c828a1c34afac74406a3 DATA={"source": "EmotionModel_v1", "label": "Angry", "confidence": 0.9}
2026-05-17 21:44:50,377 | SENDER=gesture_node         TOPIC=/hri/gesture         SHA256=4205621ed303fae6f5e5da63ada00cf83e4bf6ef8b07632c5feb2d0d235b3d30 DATA={"source": "GestureModel_v1", "label": "Point", "confidence": 0.88}
2026-05-17 21:44:51,692 | SENDER=context_node         TOPIC=/hri/context         SHA256=4f7f3e509d2a45b70dab96481bdeba99e5dd5787b28f81fbd5e9933a5b67478b DATA={"source": "ContextModel_v1", "environment": "Hospital_Reception", "crowding": "Medium"}
2026-05-17 21:44:51,848 | SENDER=motion_node          TOPIC=/hri/motion          SHA256=d667a6b7ae61168e3c6be7e6ef2dfbb0194b233f67b08de95aab87e261481cb5 DATA={"source": "MotionModel_v1", "label": "Wandering", "speed_ms": 0.49}
2026-05-17 21:44:51,926 | SENDER=emotion_node         TOPIC=/hri/emotion         SHA256=28969e8509e56f7ffa6a700e27d708c9ff6c3a4a5240eaeddd1bad1f9fdc748c DATA={"source": "EmotionModel_v1", "label": "Confused", "confidence": 0.87}
2026-05-17 21:44:52,380 | SENDER=gesture_node         TOPIC=/hri/gesture         SHA256=11e6fd7a0fe2b7cc02b1d5535340bfbce29e7a58080c7c95ca0cc6b929b3c01c DATA={"source": "GestureModel_v1", "label": "Cross_Arms", "confidence": 0.84}
2026-05-17 21:44:53,691 | SENDER=context_node         TOPIC=/hri/context         SHA256=b88b3385b15277f264a4977a18a860ce4df5fa37ec2862844eecd37fad4c7813 DATA={"source": "ContextModel_v1", "environment": "Hospital_Corridor", "crowding": "High"}
2026-05-17 21:44:53,848 | SENDER=motion_node          TOPIC=/hri/motion          SHA256=a805403fe791a4e7b6b69e2c78a37faa4cc88f0781ae75b9605f520fd3fcfb64 DATA={"source": "MotionModel_v1", "label": "Retreating", "speed_ms": 0.7}
2026-05-17 21:44:53,927 | SENDER=emotion_node         TOPIC=/hri/emotion         SHA256=5998b24130ca777eab6cf54b7b3706489073d7a3a1212a611188a393ddc65b96 DATA={"source": "EmotionModel_v1", "label": "Neutral", "confidence": 0.83}
2026-05-17 21:44:54,378 | SENDER=gesture_node         TOPIC=/hri/gesture         SHA256=eeea3df0df901eb95e968cc45374dc95367eadfbdfc477222b3575958842b3f1 DATA={"source": "GestureModel_v1", "label": "Wave", "confidence": 0.91}
2026-05-17 21:44:55,691 | SENDER=context_node         TOPIC=/hri/context         SHA256=4f7f3e509d2a45b70dab96481bdeba99e5dd5787b28f81fbd5e9933a5b67478b DATA={"source": "ContextModel_v1", "environment": "Hospital_Reception", "crowding": "Medium"}
2026-05-17 21:44:55,849 | SENDER=motion_node          TOPIC=/hri/motion          SHA256=1ecb173ba0e067e96549f5acfb86d9810d38e45404603dad22c04f9f518932c8 DATA={"source": "MotionModel_v1", "label": "Wandering", "speed_ms": 0.48}
2026-05-17 21:44:55,928 | SENDER=emotion_node         TOPIC=/hri/emotion         SHA256=a16e78978e9a387224a47e626b63b25a62b0930d7bed5f5b6524b2db1440d194 DATA={"source": "EmotionModel_v1", "label": "Panicked", "confidence": 0.89}
2026-05-17 21:44:56,380 | SENDER=gesture_node         TOPIC=/hri/gesture         SHA256=7aaa1e3abbb327109af14e098990942b4716eb543d9cace7adbc352844a7b116 DATA={"source": "GestureModel_v1", "label": "Wave", "confidence": 0.95}
2026-05-17 21:44:57,691 | SENDER=context_node         TOPIC=/hri/context         SHA256=0328fe086d7abbbd5cc66066c96aec10db560086a0f840535d8d2da0875519d9 DATA={"source": "ContextModel_v1", "environment": "Retail_Aisle", "crowding": "Medium"}
2026-05-17 21:44:57,850 | SENDER=motion_node          TOPIC=/hri/motion          SHA256=78a38521cf81609fbc52b1b0535e47c514fc44ffff07091fe6726c5feefd35e3 DATA={"source": "MotionModel_v1", "label": "Wandering", "speed_ms": 0.36}
2026-05-17 21:44:57,927 | SENDER=emotion_node         TOPIC=/hri/emotion         SHA256=711685edb11d7f7975b724d921bc9e0c32030b2cc3a9ac2563d875694436b2bc DATA={"source": "EmotionModel_v1", "label": "Sad", "confidence": 0.82}
2026-05-17 21:44:58,377 | SENDER=gesture_node         TOPIC=/hri/gesture         SHA256=c207a55977ac3af6d49b846463e0b831a7927f035f6f7bd91f1b793eeaec6caa DATA={"source": "GestureModel_v1", "label": "Cross_Arms", "confidence": 0.91}
2026-05-17 21:44:59,691 | SENDER=context_node         TOPIC=/hri/context         SHA256=4f7f3e509d2a45b70dab96481bdeba99e5dd5787b28f81fbd5e9933a5b67478b DATA={"source": "ContextModel_v1", "environment": "Hospital_Reception", "crowding": "Medium"}
2026-05-17 21:44:59,851 | SENDER=motion_node          TOPIC=/hri/motion          SHA256=d9c8c91ef0369a3a74878f5bedc3cfd165a8178997ba7a74e32eb328a11d38a6 DATA={"source": "MotionModel_v1", "label": "Running", "speed_ms": 3.22}
2026-05-17 21:44:59,926 | SENDER=emotion_node         TOPIC=/hri/emotion         SHA256=75564a1282a304f3258327c33131cd0bdc88e76a79bf7b8a4bc6a7b658f10348 DATA={"source": "EmotionModel_v1", "label": "Panicked", "confidence": 0.88}
2026-05-17 21:45:00,380 | SENDER=gesture_node         TOPIC=/hri/gesture         SHA256=fdea9da89496b551be658a7c3da499ee1a917f963e7fa137772c70fcb33de972 DATA={"source": "GestureModel_v1", "label": "Beckon", "confidence": 0.9}
2026-05-17 21:45:01,692 | SENDER=context_node         TOPIC=/hri/context         SHA256=4f7f3e509d2a45b70dab96481bdeba99e5dd5787b28f81fbd5e9933a5b67478b DATA={"source": "ContextModel_v1", "environment": "Hospital_Reception", "crowding": "Medium"}
2026-05-17 21:45:01,849 | SENDER=motion_node          TOPIC=/hri/motion          SHA256=355fa5198003fca17ac10e06ed94d6babe3e6f46c4060dc1c122d7e582031685 DATA={"source": "MotionModel_v1", "label": "Approaching", "speed_ms": 0.81}
2026-05-17 21:45:01,926 | SENDER=emotion_node         TOPIC=/hri/emotion         SHA256=9f4fe36c3dbb6f7f4d021d28f1a295f67466675c1893f867480a382a8f8a6e1c DATA={"source": "EmotionModel_v1", "label": "Confused", "confidence": 0.9}
2026-05-17 21:45:02,377 | SENDER=gesture_node         TOPIC=/hri/gesture         SHA256=ab0c738f88aa89f042fa5de523b57602eb39ca46f6a33a9c066709723504c33b DATA={"source": "GestureModel_v1", "label": "Wave", "confidence": 0.87}
2026-05-17 21:45:03,694 | SENDER=context_node         TOPIC=/hri/context         SHA256=b88b3385b15277f264a4977a18a860ce4df5fa37ec2862844eecd37fad4c7813 DATA={"source": "ContextModel_v1", "environment": "Hospital_Corridor", "crowding": "High"}
2026-05-17 21:45:03,848 | SENDER=motion_node          TOPIC=/hri/motion          SHA256=cdd7222c3d59bb4c582d47a56b83596a62f587f6522eeaa528eae81fa670c292 DATA={"source": "MotionModel_v1", "label": "Approaching", "speed_ms": 0.96}
2026-05-17 21:45:03,927 | SENDER=emotion_node         TOPIC=/hri/emotion         SHA256=797384a622bb5f4bbeb49a7bb2981f7ffe8eaa0945eccd1184e8443488d819b3 DATA={"source": "EmotionModel_v1", "label": "Happy", "confidence": 0.97}
2026-05-17 21:45:04,378 | SENDER=gesture_node         TOPIC=/hri/gesture         SHA256=58973deffa59167d658d90c2cc450855c6c6d02a30bf6c0386bf922b1cadcd2e DATA={"source": "GestureModel_v1", "label": "Stop", "confidence": 0.95}
2026-05-17 21:45:05,694 | SENDER=context_node         TOPIC=/hri/context         SHA256=0328fe086d7abbbd5cc66066c96aec10db560086a0f840535d8d2da0875519d9 DATA={"source": "ContextModel_v1", "environment": "Retail_Aisle", "crowding": "Medium"}
2026-05-17 21:45:07,054 | SENDER=motion_node          TOPIC=/hri/motion          SHA256=e9e72f3216bab8d211a7c31ca4e5f8789e65e366b5af64640c006f1b08db5710 DATA={"source": "MotionModel_v1", "label": "Stationary", "speed_ms": 0.08}
2026-05-17 21:45:07,132 | SENDER=emotion_node         TOPIC=/hri/emotion         SHA256=1a6b6cd8ce54374fcf1708ed772ae33dc72925ef1859d2984c199c36d21e8af5 DATA={"source": "EmotionModel_v1", "label": "Sad", "confidence": 0.87}
2026-05-17 21:45:07,584 | SENDER=gesture_node         TOPIC=/hri/gesture         SHA256=1bada581df882fed06f7aeae1b239a39313c8b114cc4a7970007d0c88593a117 DATA={"source": "GestureModel_v1", "label": "Stop", "confidence": 0.89}
2026-05-17 21:45:07,850 | SENDER=motion_node          TOPIC=/hri/motion          SHA256=ccf8e84ea69616f8e08655a401a72ad3f3db3312e574737fc72b17e0c4e97c66 DATA={"source": "MotionModel_v1", "label": "Retreating", "speed_ms": 0.79}
2026-05-17 21:45:07,926 | SENDER=emotion_node         TOPIC=/hri/emotion         SHA256=fadaa5f34aa75e68c53a9c4886c1b7c4ea635e21a6aecdbd53099b9c8f9a2646 DATA={"source": "EmotionModel_v1", "label": "Sad", "confidence": 0.84}
2026-05-17 21:45:08,380 | SENDER=gesture_node         TOPIC=/hri/gesture         SHA256=941d56202c5c870f0bcb091d9049b5eb7ea772b168c06eedda1469a5b1089d80 DATA={"source": "GestureModel_v1", "label": "Point", "confidence": 0.83}
2026-05-17 21:45:08,897 | SENDER=context_node         TOPIC=/hri/context         SHA256=a64fb3cfbf73edd634404a40b5c36a0c53b982ba75ff4431360d795192f7cd87 DATA={"source": "ContextModel_v1", "environment": "Hospital_Ward", "crowding": "Low"}
2026-05-17 21:45:09,691 | SENDER=context_node         TOPIC=/hri/context         SHA256=f83540b369d62d3a3626f4487a33a8fb933121643231b1e0e5d4aeab15d1aac7 DATA={"source": "ContextModel_v1", "environment": "Museum_Gallery", "crowding": "Low"}
2026-05-17 21:45:09,849 | SENDER=motion_node          TOPIC=/hri/motion          SHA256=12c59bad63a9e0a237d8cd5b0c4d63b06ccf55062d92339d6ba4381723e5162b DATA={"source": "MotionModel_v1", "label": "Retreating", "speed_ms": 0.38}
2026-05-17 21:45:09,927 | SENDER=emotion_node         TOPIC=/hri/emotion         SHA256=21b8d3facfd69e37dd7c79e05619c7e3cab414c0b9e7dd6bf6f2f8eaba7eed36 DATA={"source": "EmotionModel_v1", "label": "Happy", "confidence": 0.91}
2026-05-17 21:45:10,378 | SENDER=gesture_node         TOPIC=/hri/gesture         SHA256=641c3dda621dae518afaa84bb122e0fd38aaa475d79f4f2f95a3237156141a42 DATA={"source": "GestureModel_v1", "label": "Cross_Arms", "confidence": 0.82}
2026-05-17 21:45:11,693 | SENDER=context_node         TOPIC=/hri/context         SHA256=0328fe086d7abbbd5cc66066c96aec10db560086a0f840535d8d2da0875519d9 DATA={"source": "ContextModel_v1", "environment": "Retail_Aisle", "crowding": "Medium"}
2026-05-17 21:45:11,848 | SENDER=motion_node          TOPIC=/hri/motion          SHA256=51e72eef58acca1751706769919f1380debfc4d53bee8ae8f0bd221a38eccc42 DATA={"source": "MotionModel_v1", "label": "Retreating", "speed_ms": 0.74}
2026-05-17 21:45:11,927 | SENDER=emotion_node         TOPIC=/hri/emotion         SHA256=a16e78978e9a387224a47e626b63b25a62b0930d7bed5f5b6524b2db1440d194 DATA={"source": "EmotionModel_v1", "label": "Panicked", "confidence": 0.89}
2026-05-17 21:45:12,378 | SENDER=gesture_node         TOPIC=/hri/gesture         SHA256=5b48d474e5c719d0060512121537934ef68d74571173327fae0285e65aba623b DATA={"source": "GestureModel_v1", "label": "Beckon", "confidence": 0.88}
2026-05-17 21:45:13,692 | SENDER=context_node         TOPIC=/hri/context         SHA256=4f7f3e509d2a45b70dab96481bdeba99e5dd5787b28f81fbd5e9933a5b67478b DATA={"source": "ContextModel_v1", "environment": "Hospital_Reception", "crowding": "Medium"}
2026-05-17 21:45:13,848 | SENDER=motion_node          TOPIC=/hri/motion          SHA256=6a0719d51f947832598cb94874ee692a5e6ecd6b8818dc665a25759e67321831 DATA={"source": "MotionModel_v1", "label": "Approaching", "speed_ms": 1.11}
2026-05-17 21:45:13,926 | SENDER=emotion_node         TOPIC=/hri/emotion         SHA256=2cb80fc8bc87bf2d63a696531984a40c307d9d25b5780498c5441fce9b076511 DATA={"source": "EmotionModel_v1", "label": "Confused", "confidence": 0.93}
2026-05-17 21:45:14,378 | SENDER=gesture_node         TOPIC=/hri/gesture         SHA256=83fc75fa76f2cce7dc0b791ca84959c902921d73bbc09d8951797b122897cec6 DATA={"source": "GestureModel_v1", "label": "Cross_Arms", "confidence": 0.8}
2026-05-17 21:45:15,691 | SENDER=context_node         TOPIC=/hri/context         SHA256=0328fe086d7abbbd5cc66066c96aec10db560086a0f840535d8d2da0875519d9 DATA={"source": "ContextModel_v1", "environment": "Retail_Aisle", "crowding": "Medium"}
2026-05-17 21:45:15,850 | SENDER=motion_node          TOPIC=/hri/motion          SHA256=d280fa0ca7c6b19ee9ce62df418978d0055e358612ac176bc185d24a21ba61fb DATA={"source": "MotionModel_v1", "label": "Wandering", "speed_ms": 0.37}
2026-05-17 21:45:15,926 | SENDER=emotion_node         TOPIC=/hri/emotion         SHA256=233bd8bb3234061a59ca442d23f43007648a3368103e5675644a5429d0b285b5 DATA={"source": "EmotionModel_v1", "label": "Neutral", "confidence": 0.82}
2026-05-17 21:45:16,379 | SENDER=gesture_node         TOPIC=/hri/gesture         SHA256=524ac5ae77246be80b1cc3514691376f3090b4e0d863b2cfb2819871a4f1bd76 DATA={"source": "GestureModel_v1", "label": "Wave", "confidence": 0.88}
2026-05-17 21:45:17,691 | SENDER=context_node         TOPIC=/hri/context         SHA256=b88b3385b15277f264a4977a18a860ce4df5fa37ec2862844eecd37fad4c7813 DATA={"source": "ContextModel_v1", "environment": "Hospital_Corridor", "crowding": "High"}
2026-05-17 21:45:17,848 | SENDER=motion_node          TOPIC=/hri/motion          SHA256=6a40c27f8f254b8a66f9cd0ce229eb16759f9cae47bfb31adae49ffc6b10f15b DATA={"source": "MotionModel_v1", "label": "Running", "speed_ms": 3.34}
2026-05-17 21:45:17,926 | SENDER=emotion_node         TOPIC=/hri/emotion         SHA256=5f56a2e6ea91db0269fb4bf51ad86c0ba9ce4b3e5985ae2e37c950e0f900a6e0 DATA={"source": "EmotionModel_v1", "label": "Neutral", "confidence": 0.92}
2026-05-17 21:45:18,378 | SENDER=gesture_node         TOPIC=/hri/gesture         SHA256=524ac5ae77246be80b1cc3514691376f3090b4e0d863b2cfb2819871a4f1bd76 DATA={"source": "GestureModel_v1", "label": "Wave", "confidence": 0.88}
2026-05-17 21:45:19,691 | SENDER=context_node         TOPIC=/hri/context         SHA256=a64fb3cfbf73edd634404a40b5c36a0c53b982ba75ff4431360d795192f7cd87 DATA={"source": "ContextModel_v1", "environment": "Hospital_Ward", "crowding": "Low"}
2026-05-17 21:45:19,848 | SENDER=motion_node          TOPIC=/hri/motion          SHA256=6deeaaa9432945dc0088af8707a6b506f8a81d8850c3ef8684bde25b790f5e66 DATA={"source": "MotionModel_v1", "label": "Wandering", "speed_ms": 0.51}
2026-05-17 21:45:19,926 | SENDER=emotion_node         TOPIC=/hri/emotion         SHA256=68d9a54c36e749733e6d72908a91e4bc96e43c189d1488e01d780c25678f9ff1 DATA={"source": "EmotionModel_v1", "label": "Sad", "confidence": 0.89}
2026-05-17 21:45:20,382 | SENDER=gesture_node         TOPIC=/hri/gesture         SHA256=496c30aba574f6aef0224ec0ba0c88384a73aab8db8bf34baa5e9fda39080e3a DATA={"source": "GestureModel_v1", "label": "Cross_Arms", "confidence": 0.87}
2026-05-17 21:45:21,691 | SENDER=context_node         TOPIC=/hri/context         SHA256=b88b3385b15277f264a4977a18a860ce4df5fa37ec2862844eecd37fad4c7813 DATA={"source": "ContextModel_v1", "environment": "Hospital_Corridor", "crowding": "High"}
2026-05-17 21:45:21,848 | SENDER=motion_node          TOPIC=/hri/motion          SHA256=bc7ef510a860b3fa76471b63ae3a8ea3ec8403d9e2d76a8f0b342d9ac602547f DATA={"source": "MotionModel_v1", "label": "Approaching", "speed_ms": 0.58}
2026-05-17 21:45:21,926 | SENDER=emotion_node         TOPIC=/hri/emotion         SHA256=206f8eab2f2e7a704153e9142dbeaf03e7c21bd53326c7ea8b3f723a04077be1 DATA={"source": "EmotionModel_v1", "label": "Happy", "confidence": 0.92}
2026-05-17 21:45:22,378 | SENDER=gesture_node         TOPIC=/hri/gesture         SHA256=531aa4915ea5bd4a6acb19e1014364d88b05dc5d27c74024e3a94b63d1bfaac6 DATA={"source": "GestureModel_v1", "label": "Thumbs_Up", "confidence": 0.94}
2026-05-17 21:45:23,693 | SENDER=context_node         TOPIC=/hri/context         SHA256=0328fe086d7abbbd5cc66066c96aec10db560086a0f840535d8d2da0875519d9 DATA={"source": "ContextModel_v1", "environment": "Retail_Aisle", "crowding": "Medium"}
2026-05-17 21:45:23,848 | SENDER=motion_node          TOPIC=/hri/motion          SHA256=0a22a9e8ed96ea7a3b8c99534fa58e6447c6ca6502190ef909f33291fa511f7f DATA={"source": "MotionModel_v1", "label": "Stationary", "speed_ms": 0.03}
2026-05-17 21:45:23,926 | SENDER=emotion_node         TOPIC=/hri/emotion         SHA256=92ba8953f0a9dc9df5a150689d2aa425d4006226c738c6a5e212ad207cce14db DATA={"source": "EmotionModel_v1", "label": "Sad", "confidence": 0.79}
2026-05-17 21:45:24,378 | SENDER=gesture_node         TOPIC=/hri/gesture         SHA256=c2ca7ec6a2b868fc6f0b63c137325a34ca152502dcf8c4f14d4fc7668d81b609 DATA={"source": "GestureModel_v1", "label": "Beckon", "confidence": 0.8}
2026-05-17 21:45:25,692 | SENDER=context_node         TOPIC=/hri/context         SHA256=0328fe086d7abbbd5cc66066c96aec10db560086a0f840535d8d2da0875519d9 DATA={"source": "ContextModel_v1", "environment": "Retail_Aisle", "crowding": "Medium"}
2026-05-17 21:45:25,848 | SENDER=motion_node          TOPIC=/hri/motion          SHA256=e9e72f3216bab8d211a7c31ca4e5f8789e65e366b5af64640c006f1b08db5710 DATA={"source": "MotionModel_v1", "label": "Stationary", "speed_ms": 0.08}
2026-05-17 21:45:25,926 | SENDER=emotion_node         TOPIC=/hri/emotion         SHA256=aaf114afb03183f34f331041675d78ada5c375f64d858160873bcae1cbdf6edc DATA={"source": "EmotionModel_v1", "label": "Angry", "confidence": 0.91}
2026-05-17 21:45:26,377 | SENDER=gesture_node         TOPIC=/hri/gesture         SHA256=4811bf4d8ef8729831d87bd1c5fdac446b9be8533584c275d6c2378e09e8cffe DATA={"source": "GestureModel_v1", "label": "Cross_Arms", "confidence": 0.88}
2026-05-17 21:45:27,691 | SENDER=context_node         TOPIC=/hri/context         SHA256=f83540b369d62d3a3626f4487a33a8fb933121643231b1e0e5d4aeab15d1aac7 DATA={"source": "ContextModel_v1", "environment": "Museum_Gallery", "crowding": "Low"}
2026-05-17 21:45:27,849 | SENDER=motion_node          TOPIC=/hri/motion          SHA256=9da5a27eba272f05f1a812c8a02b2afe5ad351f5433d40e0e90b7024cdf5bc3c DATA={"source": "MotionModel_v1", "label": "Running", "speed_ms": 2.51}
2026-05-17 21:45:27,927 | SENDER=emotion_node         TOPIC=/hri/emotion         SHA256=58f2a9c7827b5c84aab43cc7d2ed27bba5eac2d03fb0f135bf0f54e21702bf89 DATA={"source": "EmotionModel_v1", "label": "Angry", "confidence": 0.92}
2026-05-17 21:45:28,380 | SENDER=gesture_node         TOPIC=/hri/gesture         SHA256=e60eaeb1fec23e63aa0078e10ac88c33178f8ee33395fe631388fa2198ba878e DATA={"source": "GestureModel_v1", "label": "Cross_Arms", "confidence": 0.83}
2026-05-17 21:45:29,691 | SENDER=context_node         TOPIC=/hri/context         SHA256=0328fe086d7abbbd5cc66066c96aec10db560086a0f840535d8d2da0875519d9 DATA={"source": "ContextModel_v1", "environment": "Retail_Aisle", "crowding": "Medium"}
2026-05-17 21:45:29,848 | SENDER=motion_node          TOPIC=/hri/motion          SHA256=515e5c1e86e4d0bbed32a0b4d415c8adc8bf3e01a43b15b6536b8997c40535a1 DATA={"source": "MotionModel_v1", "label": "Stationary", "speed_ms": 0.05}
2026-05-17 21:45:29,926 | SENDER=emotion_node         TOPIC=/hri/emotion         SHA256=92ba8953f0a9dc9df5a150689d2aa425d4006226c738c6a5e212ad207cce14db DATA={"source": "EmotionModel_v1", "label": "Sad", "confidence": 0.79}
2026-05-17 21:45:30,378 | SENDER=gesture_node         TOPIC=/hri/gesture         SHA256=6630dc25982d14b789913baeba7c7f59d76b2e6851bf61ba907d25f0a2a302d6 DATA={"source": "GestureModel_v1", "label": "Cross_Arms", "confidence": 0.92}
2026-05-17 21:45:31,692 | SENDER=context_node         TOPIC=/hri/context         SHA256=0328fe086d7abbbd5cc66066c96aec10db560086a0f840535d8d2da0875519d9 DATA={"source": "ContextModel_v1", "environment": "Retail_Aisle", "crowding": "Medium"}
2026-05-17 21:45:31,849 | SENDER=motion_node          TOPIC=/hri/motion          SHA256=338bb9ac608024bff5eacce94b1a9ba13e3bce2495a199e7f71fde082529c6b6 DATA={"source": "MotionModel_v1", "label": "Running", "speed_ms": 2.4}
2026-05-17 21:45:31,927 | SENDER=emotion_node         TOPIC=/hri/emotion         SHA256=75564a1282a304f3258327c33131cd0bdc88e76a79bf7b8a4bc6a7b658f10348 DATA={"source": "EmotionModel_v1", "label": "Panicked", "confidence": 0.88}
2026-05-17 21:45:32,378 | SENDER=gesture_node         TOPIC=/hri/gesture         SHA256=9cef38e1acce95f0a1a6d96909f129fc840f11c10b317618806b9c900bcd3a47 DATA={"source": "GestureModel_v1", "label": "Stop", "confidence": 0.88}
2026-05-17 21:45:33,691 | SENDER=context_node         TOPIC=/hri/context         SHA256=a64fb3cfbf73edd634404a40b5c36a0c53b982ba75ff4431360d795192f7cd87 DATA={"source": "ContextModel_v1", "environment": "Hospital_Ward", "crowding": "Low"}
2026-05-17 21:45:33,848 | SENDER=motion_node          TOPIC=/hri/motion          SHA256=03fed77cbc8167c37a5f460e25994d9f9a96c19cfc96a098296e040c04acbbce DATA={"source": "MotionModel_v1", "label": "Stationary", "speed_ms": 0.0}
2026-05-17 21:45:33,926 | SENDER=emotion_node         TOPIC=/hri/emotion         SHA256=5fd491b63c5e8c32a95f9626beba45596d13dba494ef814bb8a83401b8dae7b2 DATA={"source": "EmotionModel_v1", "label": "Angry", "confidence": 0.89}
2026-05-17 21:45:34,379 | SENDER=gesture_node         TOPIC=/hri/gesture         SHA256=af86edf6ee4495d7dc4fdbaeb3805b2c35947be88da925ea476e0d15668fe167 DATA={"source": "GestureModel_v1", "label": "Cross_Arms", "confidence": 0.89}
2026-05-17 21:45:35,694 | SENDER=context_node         TOPIC=/hri/context         SHA256=0328fe086d7abbbd5cc66066c96aec10db560086a0f840535d8d2da0875519d9 DATA={"source": "ContextModel_v1", "environment": "Retail_Aisle", "crowding": "Medium"}
2026-05-17 21:45:35,848 | SENDER=motion_node          TOPIC=/hri/motion          SHA256=44637a62772a881278b0ed756eb2842fdb5abe62d7ed4133cdc39c4e64e66a5a DATA={"source": "MotionModel_v1", "label": "Running", "speed_ms": 2.0}
2026-05-17 21:45:35,926 | SENDER=emotion_node         TOPIC=/hri/emotion         SHA256=4b2df71a6a968f38a303f5940882ea4a4c80c9e591ef307e98f96607abb289c0 DATA={"source": "EmotionModel_v1", "label": "Panicked", "confidence": 0.9}
2026-05-17 21:45:36,379 | SENDER=gesture_node         TOPIC=/hri/gesture         SHA256=524ac5ae77246be80b1cc3514691376f3090b4e0d863b2cfb2819871a4f1bd76 DATA={"source": "GestureModel_v1", "label": "Wave", "confidence": 0.88}
2026-05-17 21:45:37,696 | SENDER=context_node         TOPIC=/hri/context         SHA256=b88b3385b15277f264a4977a18a860ce4df5fa37ec2862844eecd37fad4c7813 DATA={"source": "ContextModel_v1", "environment": "Hospital_Corridor", "crowding": "High"}
2026-05-17 21:45:37,848 | SENDER=motion_node          TOPIC=/hri/motion          SHA256=a67f073589c3b9a37c8ca92644de1519154c2993534a1fd10565e1a67a353a0b DATA={"source": "MotionModel_v1", "label": "Retreating", "speed_ms": 0.58}
2026-05-17 21:45:37,927 | SENDER=emotion_node         TOPIC=/hri/emotion         SHA256=aaf114afb03183f34f331041675d78ada5c375f64d858160873bcae1cbdf6edc DATA={"source": "EmotionModel_v1", "label": "Angry", "confidence": 0.91}
2026-05-17 21:45:38,378 | SENDER=gesture_node         TOPIC=/hri/gesture         SHA256=3ecfd8986e395125c84f18e5ae99ca501d0aeb626128e03435d34223d907b0dd DATA={"source": "GestureModel_v1", "label": "Point", "confidence": 0.91}
2026-05-17 21:45:40,895 | SENDER=context_node         TOPIC=/hri/context         SHA256=f83540b369d62d3a3626f4487a33a8fb933121643231b1e0e5d4aeab15d1aac7 DATA={"source": "ContextModel_v1", "environment": "Museum_Gallery", "crowding": "Low"}
2026-05-17 21:45:41,052 | SENDER=motion_node          TOPIC=/hri/motion          SHA256=c4e5ddc5ef7b2d7a37e20154692124c8c10140b2ace9e991074fd42919bc7d40 DATA={"source": "MotionModel_v1", "label": "Retreating", "speed_ms": 0.76}
2026-05-17 21:45:41,130 | SENDER=emotion_node         TOPIC=/hri/emotion         SHA256=4637c439325137063921fdb8b3b51f8cc7160eeb5ab0029d5632d992dfb55ca7 DATA={"source": "EmotionModel_v1", "label": "Confused", "confidence": 0.82}
2026-05-17 21:45:41,581 | SENDER=gesture_node         TOPIC=/hri/gesture         SHA256=b7e9f74bceb3675a802434847049e10690a0b4ae22f74bb70b7698bea2ca39fc DATA={"source": "GestureModel_v1", "label": "Point", "confidence": 0.82}
2026-05-17 21:45:41,691 | SENDER=context_node         TOPIC=/hri/context         SHA256=f83540b369d62d3a3626f4487a33a8fb933121643231b1e0e5d4aeab15d1aac7 DATA={"source": "ContextModel_v1", "environment": "Museum_Gallery", "crowding": "Low"}
2026-05-17 21:45:41,852 | SENDER=motion_node          TOPIC=/hri/motion          SHA256=4c5121eba8d78d1e05665090345d0b4cca9ead749b6be6b05db68eaca2a63fad DATA={"source": "MotionModel_v1", "label": "Wandering", "speed_ms": 0.62}
2026-05-17 21:45:41,926 | SENDER=emotion_node         TOPIC=/hri/emotion         SHA256=29d84c84411ab175865edb4e0e16a4a4e6ee6eedd5cbec349b55dd55428e4b47 DATA={"source": "EmotionModel_v1", "label": "Confused", "confidence": 0.8}
2026-05-17 21:45:42,377 | SENDER=gesture_node         TOPIC=/hri/gesture         SHA256=2f3b8570b684d4fa74465f1a58ba3a522605219d3622d152b92fb24550ea7a14 DATA={"source": "GestureModel_v1", "label": "Wave", "confidence": 0.9}
2026-05-17 21:45:43,692 | SENDER=context_node         TOPIC=/hri/context         SHA256=a64fb3cfbf73edd634404a40b5c36a0c53b982ba75ff4431360d795192f7cd87 DATA={"source": "ContextModel_v1", "environment": "Hospital_Ward", "crowding": "Low"}
2026-05-17 21:45:43,849 | SENDER=motion_node          TOPIC=/hri/motion          SHA256=4fc1ef7b47777bd8714f9b494f39f3887d0387aa1999d9fb6787790471d7986c DATA={"source": "MotionModel_v1", "label": "Wandering", "speed_ms": 0.6}
2026-05-17 21:45:43,929 | SENDER=emotion_node         TOPIC=/hri/emotion         SHA256=ef8388a1c703316d6759d42afc8840c8134c7ac51660cbd318c7c2f89ecfe58a DATA={"source": "EmotionModel_v1", "label": "Happy", "confidence": 0.9}
2026-05-17 21:45:44,377 | SENDER=gesture_node         TOPIC=/hri/gesture         SHA256=203b2d0a5edc0f8e97c13de91d282f857606abf810e68b3ce8dba1fa1abc4fe1 DATA={"source": "GestureModel_v1", "label": "Wave", "confidence": 0.94}
2026-05-17 21:45:45,691 | SENDER=context_node         TOPIC=/hri/context         SHA256=b88b3385b15277f264a4977a18a860ce4df5fa37ec2862844eecd37fad4c7813 DATA={"source": "ContextModel_v1", "environment": "Hospital_Corridor", "crowding": "High"}
2026-05-17 21:45:45,852 | SENDER=motion_node          TOPIC=/hri/motion          SHA256=44637a62772a881278b0ed756eb2842fdb5abe62d7ed4133cdc39c4e64e66a5a DATA={"source": "MotionModel_v1", "label": "Running", "speed_ms": 2.0}
2026-05-17 21:45:45,926 | SENDER=emotion_node         TOPIC=/hri/emotion         SHA256=dbbe40ed334054aee5be8141a38c431d9bbc4100f1e6718d9fd0c1ad36e3c66c DATA={"source": "EmotionModel_v1", "label": "Panicked", "confidence": 0.93}
2026-05-17 21:45:46,377 | SENDER=gesture_node         TOPIC=/hri/gesture         SHA256=65c18f592191716bd4713ca0311a437ad474800ebd3506cfd207376f6807f6ba DATA={"source": "GestureModel_v1", "label": "Thumbs_Up", "confidence": 0.87}
2026-05-17 21:45:47,692 | SENDER=context_node         TOPIC=/hri/context         SHA256=a64fb3cfbf73edd634404a40b5c36a0c53b982ba75ff4431360d795192f7cd87 DATA={"source": "ContextModel_v1", "environment": "Hospital_Ward", "crowding": "Low"}
2026-05-17 21:45:47,849 | SENDER=motion_node          TOPIC=/hri/motion          SHA256=816cb7bdf9ec206786177c1f030dfdc932990227344b6897161a3fa1a87dd383 DATA={"source": "MotionModel_v1", "label": "Running", "speed_ms": 2.69}
2026-05-17 21:45:47,926 | SENDER=emotion_node         TOPIC=/hri/emotion         SHA256=711685edb11d7f7975b724d921bc9e0c32030b2cc3a9ac2563d875694436b2bc DATA={"source": "EmotionModel_v1", "label": "Sad", "confidence": 0.82}
2026-05-17 21:45:48,378 | SENDER=gesture_node         TOPIC=/hri/gesture         SHA256=7aaa1e3abbb327109af14e098990942b4716eb543d9cace7adbc352844a7b116 DATA={"source": "GestureModel_v1", "label": "Wave", "confidence": 0.95}
2026-05-17 21:45:49,691 | SENDER=context_node         TOPIC=/hri/context         SHA256=4f7f3e509d2a45b70dab96481bdeba99e5dd5787b28f81fbd5e9933a5b67478b DATA={"source": "ContextModel_v1", "environment": "Hospital_Reception", "crowding": "Medium"}
2026-05-17 21:45:49,848 | SENDER=motion_node          TOPIC=/hri/motion          SHA256=80e8d3a3b553da1bbd7bb4ab0f01d5209124531e6a7fdfc7984c7dbe5eeaee53 DATA={"source": "MotionModel_v1", "label": "Retreating", "speed_ms": 0.62}
2026-05-17 21:45:49,926 | SENDER=emotion_node         TOPIC=/hri/emotion         SHA256=21b8d3facfd69e37dd7c79e05619c7e3cab414c0b9e7dd6bf6f2f8eaba7eed36 DATA={"source": "EmotionModel_v1", "label": "Happy", "confidence": 0.91}
2026-05-17 21:45:50,379 | SENDER=gesture_node         TOPIC=/hri/gesture         SHA256=840bb44f9fb88f4805cc7472a662ab90e20618588a903cae2e350f546981f248 DATA={"source": "GestureModel_v1", "label": "Point", "confidence": 0.87}
2026-05-17 21:45:51,692 | SENDER=context_node         TOPIC=/hri/context         SHA256=b88b3385b15277f264a4977a18a860ce4df5fa37ec2862844eecd37fad4c7813 DATA={"source": "ContextModel_v1", "environment": "Hospital_Corridor", "crowding": "High"}
2026-05-17 21:45:51,848 | SENDER=motion_node          TOPIC=/hri/motion          SHA256=d773d480b9582420b9841013a64156f6c4269e0da6bd8d2e9e0d32f8715a6126 DATA={"source": "MotionModel_v1", "label": "Wandering", "speed_ms": 0.26}
2026-05-17 21:45:51,926 | SENDER=emotion_node         TOPIC=/hri/emotion         SHA256=28969e8509e56f7ffa6a700e27d708c9ff6c3a4a5240eaeddd1bad1f9fdc748c DATA={"source": "EmotionModel_v1", "label": "Confused", "confidence": 0.87}
2026-05-17 21:45:52,380 | SENDER=gesture_node         TOPIC=/hri/gesture         SHA256=0d4b16c73e3ed1114603730b82027a1fcd65990f149401bbf927fd2589b1ca25 DATA={"source": "GestureModel_v1", "label": "Thumbs_Up", "confidence": 0.85}
2026-05-17 21:45:53,692 | SENDER=context_node         TOPIC=/hri/context         SHA256=0328fe086d7abbbd5cc66066c96aec10db560086a0f840535d8d2da0875519d9 DATA={"source": "ContextModel_v1", "environment": "Retail_Aisle", "crowding": "Medium"}
2026-05-17 21:45:53,848 | SENDER=motion_node          TOPIC=/hri/motion          SHA256=c108693a89ee8636e5a6bbf2760f0e396e93d6720fa42e8f6f49cf83a620ffc4 DATA={"source": "MotionModel_v1", "label": "Wandering", "speed_ms": 0.25}
2026-05-17 21:45:53,928 | SENDER=emotion_node         TOPIC=/hri/emotion         SHA256=7f17b9753dea1c89574f88c2320cb01cc212d91a5b4f0840c1479c2befa10a65 DATA={"source": "EmotionModel_v1", "label": "Confused", "confidence": 0.89}
2026-05-17 21:45:54,381 | SENDER=gesture_node         TOPIC=/hri/gesture         SHA256=3279851d7c516d167854e919eb80987f7ab72a3a4351ea05a7d402b0f22d7efb DATA={"source": "GestureModel_v1", "label": "Point", "confidence": 0.84}
2026-05-17 21:45:55,691 | SENDER=context_node         TOPIC=/hri/context         SHA256=a64fb3cfbf73edd634404a40b5c36a0c53b982ba75ff4431360d795192f7cd87 DATA={"source": "ContextModel_v1", "environment": "Hospital_Ward", "crowding": "Low"}
2026-05-17 21:45:55,848 | SENDER=motion_node          TOPIC=/hri/motion          SHA256=5f2c3faf92a12e17034e127d9034773933af26aa1e6da8788b91bafc6144b8cd DATA={"source": "MotionModel_v1", "label": "Approaching", "speed_ms": 1.09}
2026-05-17 21:45:55,926 | SENDER=emotion_node         TOPIC=/hri/emotion         SHA256=233bd8bb3234061a59ca442d23f43007648a3368103e5675644a5429d0b285b5 DATA={"source": "EmotionModel_v1", "label": "Neutral", "confidence": 0.82}
2026-05-17 21:45:56,383 | SENDER=gesture_node         TOPIC=/hri/gesture         SHA256=4064b53ef72a7ef9a3f00fe9b94d1748c806e3637eb7961fd797c4b363031dfc DATA={"source": "GestureModel_v1", "label": "Beckon", "confidence": 0.85}
2026-05-17 21:45:57,692 | SENDER=context_node         TOPIC=/hri/context         SHA256=b88b3385b15277f264a4977a18a860ce4df5fa37ec2862844eecd37fad4c7813 DATA={"source": "ContextModel_v1", "environment": "Hospital_Corridor", "crowding": "High"}
2026-05-17 21:45:57,849 | SENDER=motion_node          TOPIC=/hri/motion          SHA256=3b6c6f2adeffea9fc2ac68d684f47ce4b411a0a5dd20f253f41543c9421f6443 DATA={"source": "MotionModel_v1", "label": "Running", "speed_ms": 2.76}
2026-05-17 21:45:57,926 | SENDER=emotion_node         TOPIC=/hri/emotion         SHA256=206f8eab2f2e7a704153e9142dbeaf03e7c21bd53326c7ea8b3f723a04077be1 DATA={"source": "EmotionModel_v1", "label": "Happy", "confidence": 0.92}
2026-05-17 21:45:58,378 | SENDER=gesture_node         TOPIC=/hri/gesture         SHA256=1bada581df882fed06f7aeae1b239a39313c8b114cc4a7970007d0c88593a117 DATA={"source": "GestureModel_v1", "label": "Stop", "confidence": 0.89}
2026-05-17 21:45:59,691 | SENDER=context_node         TOPIC=/hri/context         SHA256=0328fe086d7abbbd5cc66066c96aec10db560086a0f840535d8d2da0875519d9 DATA={"source": "ContextModel_v1", "environment": "Retail_Aisle", "crowding": "Medium"}
2026-05-17 21:45:59,848 | SENDER=motion_node          TOPIC=/hri/motion          SHA256=a80a2e0226e1fef86cf70b63e8bccbfd143ff67832653fef49ab14c8551433b9 DATA={"source": "MotionModel_v1", "label": "Wandering", "speed_ms": 0.44}
2026-05-17 21:45:59,926 | SENDER=emotion_node         TOPIC=/hri/emotion         SHA256=58f2a9c7827b5c84aab43cc7d2ed27bba5eac2d03fb0f135bf0f54e21702bf89 DATA={"source": "EmotionModel_v1", "label": "Angry", "confidence": 0.92}
2026-05-17 21:46:00,377 | SENDER=gesture_node         TOPIC=/hri/gesture         SHA256=e3939c6d249bceae1c9194e70ced34c91a901afbf0d22af6d3a5b3c2558647f5 DATA={"source": "GestureModel_v1", "label": "Stop", "confidence": 0.94}
2026-05-17 21:46:01,692 | SENDER=context_node         TOPIC=/hri/context         SHA256=0328fe086d7abbbd5cc66066c96aec10db560086a0f840535d8d2da0875519d9 DATA={"source": "ContextModel_v1", "environment": "Retail_Aisle", "crowding": "Medium"}
2026-05-17 21:46:01,849 | SENDER=motion_node          TOPIC=/hri/motion          SHA256=047521ade1bac4e5235b2fb2eec002ebe33f8f21aee41941ad591b12cdf7f294 DATA={"source": "MotionModel_v1", "label": "Wandering", "speed_ms": 0.43}
2026-05-17 21:46:01,926 | SENDER=emotion_node         TOPIC=/hri/emotion         SHA256=65b09baf4db0c95e4c04018bd50ef430060708af28f1d51d9c65003c22a24e2e DATA={"source": "EmotionModel_v1", "label": "Neutral", "confidence": 0.95}
2026-05-17 21:46:02,378 | SENDER=gesture_node         TOPIC=/hri/gesture         SHA256=941d56202c5c870f0bcb091d9049b5eb7ea772b168c06eedda1469a5b1089d80 DATA={"source": "GestureModel_v1", "label": "Point", "confidence": 0.83}
2026-05-17 21:46:03,692 | SENDER=context_node         TOPIC=/hri/context         SHA256=4f7f3e509d2a45b70dab96481bdeba99e5dd5787b28f81fbd5e9933a5b67478b DATA={"source": "ContextModel_v1", "environment": "Hospital_Reception", "crowding": "Medium"}
2026-05-17 21:46:03,848 | SENDER=motion_node          TOPIC=/hri/motion          SHA256=1475ebb6b8917ec88f4cbc11934bda041670c12013663d8207139383d227d310 DATA={"source": "MotionModel_v1", "label": "Wandering", "speed_ms": 0.46}
2026-05-17 21:46:03,927 | SENDER=emotion_node         TOPIC=/hri/emotion         SHA256=4da8c0dec0a1bf7dc8dae38061acb68cf8c0d5a67c4026578b158d0aacbd4633 DATA={"source": "EmotionModel_v1", "label": "Panicked", "confidence": 0.95}
2026-05-17 21:46:04,378 | SENDER=gesture_node         TOPIC=/hri/gesture         SHA256=0487e2d6540d8af054e8f92b43ea740b690f8e3f8053f81c2b322e4229a7b9c3 DATA={"source": "GestureModel_v1", "label": "Thumbs_Up", "confidence": 0.91}
2026-05-17 21:46:05,691 | SENDER=context_node         TOPIC=/hri/context         SHA256=4f7f3e509d2a45b70dab96481bdeba99e5dd5787b28f81fbd5e9933a5b67478b DATA={"source": "ContextModel_v1", "environment": "Hospital_Reception", "crowding": "Medium"}
2026-05-17 21:46:05,850 | SENDER=motion_node          TOPIC=/hri/motion          SHA256=b249b21abc810dee8c211681892ac443482c4b811143fed0db14e874e307ad18 DATA={"source": "MotionModel_v1", "label": "Stationary", "speed_ms": 0.1}
2026-05-17 21:46:05,926 | SENDER=emotion_node         TOPIC=/hri/emotion         SHA256=a16e78978e9a387224a47e626b63b25a62b0930d7bed5f5b6524b2db1440d194 DATA={"source": "EmotionModel_v1", "label": "Panicked", "confidence": 0.89}
2026-05-17 21:46:06,379 | SENDER=gesture_node         TOPIC=/hri/gesture         SHA256=0487e2d6540d8af054e8f92b43ea740b690f8e3f8053f81c2b322e4229a7b9c3 DATA={"source": "GestureModel_v1", "label": "Thumbs_Up", "confidence": 0.91}
2026-05-17 21:46:07,693 | SENDER=context_node         TOPIC=/hri/context         SHA256=4f7f3e509d2a45b70dab96481bdeba99e5dd5787b28f81fbd5e9933a5b67478b DATA={"source": "ContextModel_v1", "environment": "Hospital_Reception", "crowding": "Medium"}
2026-05-17 21:46:07,849 | SENDER=motion_node          TOPIC=/hri/motion          SHA256=9cc96eeb278d95bb4e1c9db10695e64670b274e922a4f26a643bea81b6450cfe DATA={"source": "MotionModel_v1", "label": "Running", "speed_ms": 3.38}
2026-05-17 21:46:07,926 | SENDER=emotion_node         TOPIC=/hri/emotion         SHA256=dbbe40ed334054aee5be8141a38c431d9bbc4100f1e6718d9fd0c1ad36e3c66c DATA={"source": "EmotionModel_v1", "label": "Panicked", "confidence": 0.93}
2026-05-17 21:46:08,379 | SENDER=gesture_node         TOPIC=/hri/gesture         SHA256=65c18f592191716bd4713ca0311a437ad474800ebd3506cfd207376f6807f6ba DATA={"source": "GestureModel_v1", "label": "Thumbs_Up", "confidence": 0.87}
2026-05-17 21:46:09,691 | SENDER=context_node         TOPIC=/hri/context         SHA256=f83540b369d62d3a3626f4487a33a8fb933121643231b1e0e5d4aeab15d1aac7 DATA={"source": "ContextModel_v1", "environment": "Museum_Gallery", "crowding": "Low"}
2026-05-17 21:46:09,849 | SENDER=motion_node          TOPIC=/hri/motion          SHA256=9f02e306dba94f5b14176c35509c05efceefe4142423d3e9c60270867c15a696 DATA={"source": "MotionModel_v1", "label": "Approaching", "speed_ms": 1.12}
2026-05-17 21:46:09,927 | SENDER=emotion_node         TOPIC=/hri/emotion         SHA256=ea6772e9fef11308c2984fd41b43641a361cff8a01ec39266385419dad9ae817 DATA={"source": "EmotionModel_v1", "label": "Neutral", "confidence": 0.81}
2026-05-17 21:46:10,379 | SENDER=gesture_node         TOPIC=/hri/gesture         SHA256=65c18f592191716bd4713ca0311a437ad474800ebd3506cfd207376f6807f6ba DATA={"source": "GestureModel_v1", "label": "Thumbs_Up", "confidence": 0.87}
2026-05-17 21:46:11,695 | SENDER=context_node         TOPIC=/hri/context         SHA256=b88b3385b15277f264a4977a18a860ce4df5fa37ec2862844eecd37fad4c7813 DATA={"source": "ContextModel_v1", "environment": "Hospital_Corridor", "crowding": "High"}
2026-05-17 21:46:11,848 | SENDER=motion_node          TOPIC=/hri/motion          SHA256=a8fd089ea76a1a02d4fd0d8dfdf36275b7445fcafe5500a53432f08f17a9407a DATA={"source": "MotionModel_v1", "label": "Running", "speed_ms": 2.66}
2026-05-17 21:46:11,926 | SENDER=emotion_node         TOPIC=/hri/emotion         SHA256=9beddab6b207fd0240159a70ae954ac7e1a4f55bfaa7771671c43bf498cc8ec8 DATA={"source": "EmotionModel_v1", "label": "Angry", "confidence": 0.78}
2026-05-17 21:46:12,378 | SENDER=gesture_node         TOPIC=/hri/gesture         SHA256=c16ad41177289a7aadc458401d2c728ab3052043b041cd26005ccbb1aff9192c DATA={"source": "GestureModel_v1", "label": "Stop", "confidence": 0.97}
2026-05-17 21:46:14,896 | SENDER=context_node         TOPIC=/hri/context         SHA256=f83540b369d62d3a3626f4487a33a8fb933121643231b1e0e5d4aeab15d1aac7 DATA={"source": "ContextModel_v1", "environment": "Museum_Gallery", "crowding": "Low"}
2026-05-17 21:46:15,049 | SENDER=motion_node          TOPIC=/hri/motion          SHA256=56a124330cdafb921cda009b240bddbb05ed60e4b21879bb380e0179d9af39bb DATA={"source": "MotionModel_v1", "label": "Retreating", "speed_ms": 0.44}
2026-05-17 21:46:15,128 | SENDER=emotion_node         TOPIC=/hri/emotion         SHA256=d22ed276a5200c14818ffa6b93799ed65bf4bb241614118f704e38749bfd3e20 DATA={"source": "EmotionModel_v1", "label": "Confused", "confidence": 0.91}
2026-05-17 21:46:15,579 | SENDER=gesture_node         TOPIC=/hri/gesture         SHA256=35912617a819bc270057bac9ae7346d7fb8cae37d746b08ff5974cd835925696 DATA={"source": "GestureModel_v1", "label": "Point", "confidence": 0.86}
2026-05-17 21:46:15,691 | SENDER=context_node         TOPIC=/hri/context         SHA256=b88b3385b15277f264a4977a18a860ce4df5fa37ec2862844eecd37fad4c7813 DATA={"source": "ContextModel_v1", "environment": "Hospital_Corridor", "crowding": "High"}
2026-05-17 21:46:15,848 | SENDER=motion_node          TOPIC=/hri/motion          SHA256=cd75153566d422e17d8d18429df97d0f3c5f972d9c6dca29accb0d4137f18239 DATA={"source": "MotionModel_v1", "label": "Stationary", "speed_ms": 0.01}
2026-05-17 21:46:15,926 | SENDER=emotion_node         TOPIC=/hri/emotion         SHA256=206f8eab2f2e7a704153e9142dbeaf03e7c21bd53326c7ea8b3f723a04077be1 DATA={"source": "EmotionModel_v1", "label": "Happy", "confidence": 0.92}
2026-05-17 21:46:16,378 | SENDER=gesture_node         TOPIC=/hri/gesture         SHA256=11e6fd7a0fe2b7cc02b1d5535340bfbce29e7a58080c7c95ca0cc6b929b3c01c DATA={"source": "GestureModel_v1", "label": "Cross_Arms", "confidence": 0.84}
2026-05-17 21:46:17,694 | SENDER=context_node         TOPIC=/hri/context         SHA256=a64fb3cfbf73edd634404a40b5c36a0c53b982ba75ff4431360d795192f7cd87 DATA={"source": "ContextModel_v1", "environment": "Hospital_Ward", "crowding": "Low"}
2026-05-17 21:46:17,848 | SENDER=motion_node          TOPIC=/hri/motion          SHA256=cdd7222c3d59bb4c582d47a56b83596a62f587f6522eeaa528eae81fa670c292 DATA={"source": "MotionModel_v1", "label": "Approaching", "speed_ms": 0.96}
2026-05-17 21:46:17,926 | SENDER=emotion_node         TOPIC=/hri/emotion         SHA256=206f8eab2f2e7a704153e9142dbeaf03e7c21bd53326c7ea8b3f723a04077be1 DATA={"source": "EmotionModel_v1", "label": "Happy", "confidence": 0.92}
2026-05-17 21:46:18,378 | SENDER=gesture_node         TOPIC=/hri/gesture         SHA256=1d27a478ca4ab9822d3040f1cd6fca839b3ab9eafc4cbeaa895e44c33aac6f01 DATA={"source": "GestureModel_v1", "label": "Thumbs_Up", "confidence": 0.84}
2026-05-17 21:46:19,696 | SENDER=context_node         TOPIC=/hri/context         SHA256=a64fb3cfbf73edd634404a40b5c36a0c53b982ba75ff4431360d795192f7cd87 DATA={"source": "ContextModel_v1", "environment": "Hospital_Ward", "crowding": "Low"}
2026-05-17 21:46:19,848 | SENDER=motion_node          TOPIC=/hri/motion          SHA256=ad2aabd030d9c55025077b3532362a9fdf013d5b2619abcddd864e82171bdfef DATA={"source": "MotionModel_v1", "label": "Approaching", "speed_ms": 0.83}
2026-05-17 21:46:19,926 | SENDER=emotion_node         TOPIC=/hri/emotion         SHA256=8d8e599249315bb2058d5980ca33284afe65f140ea947ebbf6e5776979b68166 DATA={"source": "EmotionModel_v1", "label": "Angry", "confidence": 0.75}
2026-05-17 21:46:20,378 | SENDER=gesture_node         TOPIC=/hri/gesture         SHA256=41858cb651ab8d66a77131f1667e8d6152a1ef706585d2251aaddd3d2bb550ab DATA={"source": "GestureModel_v1", "label": "Stop", "confidence": 0.91}
2026-05-17 21:46:21,692 | SENDER=context_node         TOPIC=/hri/context         SHA256=0328fe086d7abbbd5cc66066c96aec10db560086a0f840535d8d2da0875519d9 DATA={"source": "ContextModel_v1", "environment": "Retail_Aisle", "crowding": "Medium"}
2026-05-17 21:46:21,848 | SENDER=motion_node          TOPIC=/hri/motion          SHA256=7f74904a5f7138f64bd619489e17b03f53d74c70b31689126a7526bc96075e25 DATA={"source": "MotionModel_v1", "label": "Running", "speed_ms": 2.11}
2026-05-17 21:46:21,926 | SENDER=emotion_node         TOPIC=/hri/emotion         SHA256=8d8e599249315bb2058d5980ca33284afe65f140ea947ebbf6e5776979b68166 DATA={"source": "EmotionModel_v1", "label": "Angry", "confidence": 0.75}
2026-05-17 21:46:22,378 | SENDER=gesture_node         TOPIC=/hri/gesture         SHA256=5b48d474e5c719d0060512121537934ef68d74571173327fae0285e65aba623b DATA={"source": "GestureModel_v1", "label": "Beckon", "confidence": 0.88}
2026-05-17 21:46:23,692 | SENDER=context_node         TOPIC=/hri/context         SHA256=a64fb3cfbf73edd634404a40b5c36a0c53b982ba75ff4431360d795192f7cd87 DATA={"source": "ContextModel_v1", "environment": "Hospital_Ward", "crowding": "Low"}
2026-05-17 21:46:23,848 | SENDER=motion_node          TOPIC=/hri/motion          SHA256=0de461d287332b09ba29614350bed72145832c1b6f87c73b76a01b2ba9142a07 DATA={"source": "MotionModel_v1", "label": "Approaching", "speed_ms": 0.93}
2026-05-17 21:46:23,926 | SENDER=emotion_node         TOPIC=/hri/emotion         SHA256=ffef0e61838b4d3847a5d28f0d483cc64f698ed94db5218284fa7abcf27ce101 DATA={"source": "EmotionModel_v1", "label": "Neutral", "confidence": 0.8}
2026-05-17 21:46:24,379 | SENDER=gesture_node         TOPIC=/hri/gesture         SHA256=1bada581df882fed06f7aeae1b239a39313c8b114cc4a7970007d0c88593a117 DATA={"source": "GestureModel_v1", "label": "Stop", "confidence": 0.89}
2026-05-17 21:46:25,691 | SENDER=context_node         TOPIC=/hri/context         SHA256=4f7f3e509d2a45b70dab96481bdeba99e5dd5787b28f81fbd5e9933a5b67478b DATA={"source": "ContextModel_v1", "environment": "Hospital_Reception", "crowding": "Medium"}
2026-05-17 21:46:25,848 | SENDER=motion_node          TOPIC=/hri/motion          SHA256=1eecd8865a703680fd1b801ed7f0f89c448e55f53277455f7c454dd523dd5e2d DATA={"source": "MotionModel_v1", "label": "Approaching", "speed_ms": 0.48}
2026-05-17 21:46:25,926 | SENDER=emotion_node         TOPIC=/hri/emotion         SHA256=7f98eff31fa55888f474ad5245abe5d28f0c68cbc6bf5134d39a89c5dac69e36 DATA={"source": "EmotionModel_v1", "label": "Panicked", "confidence": 0.87}
2026-05-17 21:46:26,378 | SENDER=gesture_node         TOPIC=/hri/gesture         SHA256=1bada581df882fed06f7aeae1b239a39313c8b114cc4a7970007d0c88593a117 DATA={"source": "GestureModel_v1", "label": "Stop", "confidence": 0.89}
2026-05-17 21:46:27,692 | SENDER=context_node         TOPIC=/hri/context         SHA256=f83540b369d62d3a3626f4487a33a8fb933121643231b1e0e5d4aeab15d1aac7 DATA={"source": "ContextModel_v1", "environment": "Museum_Gallery", "crowding": "Low"}
2026-05-17 21:46:27,848 | SENDER=motion_node          TOPIC=/hri/motion          SHA256=d8d866d2216fbfa440e776ae6ddc2bbe2fbc610439c35ce2711d7fb8d0024852 DATA={"source": "MotionModel_v1", "label": "Approaching", "speed_ms": 0.44}
2026-05-17 21:46:27,926 | SENDER=emotion_node         TOPIC=/hri/emotion         SHA256=9f4fe36c3dbb6f7f4d021d28f1a295f67466675c1893f867480a382a8f8a6e1c DATA={"source": "EmotionModel_v1", "label": "Confused", "confidence": 0.9}
2026-05-17 21:46:28,382 | SENDER=gesture_node         TOPIC=/hri/gesture         SHA256=58fc96a63f43bf5ce2f18d1ef46c6c39612305ca9fffd5d627feb24785ed2036 DATA={"source": "GestureModel_v1", "label": "Thumbs_Up", "confidence": 0.95}
2026-05-17 21:46:29,691 | SENDER=context_node         TOPIC=/hri/context         SHA256=b88b3385b15277f264a4977a18a860ce4df5fa37ec2862844eecd37fad4c7813 DATA={"source": "ContextModel_v1", "environment": "Hospital_Corridor", "crowding": "High"}
2026-05-17 21:46:29,848 | SENDER=motion_node          TOPIC=/hri/motion          SHA256=961785fcc40bec16ddaad54a8455a3385b0db9a8de0afaafac25d770dc6ce2b7 DATA={"source": "MotionModel_v1", "label": "Stationary", "speed_ms": 0.09}
2026-05-17 21:46:29,926 | SENDER=emotion_node         TOPIC=/hri/emotion         SHA256=fc4472a0e3e6cb848add7903cad45c0af5aa0c4fbe4ebc622c1d63dace00a456 DATA={"source": "EmotionModel_v1", "label": "Happy", "confidence": 0.89}
2026-05-17 21:46:30,378 | SENDER=gesture_node         TOPIC=/hri/gesture         SHA256=360ed7fd856521fd958c783e3921e09bdc53afd0d257c050d1d631e741a75fbb DATA={"source": "GestureModel_v1", "label": "Thumbs_Up", "confidence": 0.92}
2026-05-17 21:46:31,694 | SENDER=context_node         TOPIC=/hri/context         SHA256=4f7f3e509d2a45b70dab96481bdeba99e5dd5787b28f81fbd5e9933a5b67478b DATA={"source": "ContextModel_v1", "environment": "Hospital_Reception", "crowding": "Medium"}
2026-05-17 21:46:31,848 | SENDER=motion_node          TOPIC=/hri/motion          SHA256=5ae3d814661b869b684d8e7a39115713f4dfc57d2256c370b326d3f4ac20630c DATA={"source": "MotionModel_v1", "label": "Approaching", "speed_ms": 0.43}
2026-05-17 21:46:31,926 | SENDER=emotion_node         TOPIC=/hri/emotion         SHA256=5998b24130ca777eab6cf54b7b3706489073d7a3a1212a611188a393ddc65b96 DATA={"source": "EmotionModel_v1", "label": "Neutral", "confidence": 0.83}
2026-05-17 21:46:32,377 | SENDER=gesture_node         TOPIC=/hri/gesture         SHA256=1bada581df882fed06f7aeae1b239a39313c8b114cc4a7970007d0c88593a117 DATA={"source": "GestureModel_v1", "label": "Stop", "confidence": 0.89}
2026-05-17 21:46:33,692 | SENDER=context_node         TOPIC=/hri/context         SHA256=b88b3385b15277f264a4977a18a860ce4df5fa37ec2862844eecd37fad4c7813 DATA={"source": "ContextModel_v1", "environment": "Hospital_Corridor", "crowding": "High"}
2026-05-17 21:46:33,848 | SENDER=motion_node          TOPIC=/hri/motion          SHA256=00ff6ef4039a321a77afc3915046e51cd7cde96d76470e5e19cf8b9bf37882e1 DATA={"source": "MotionModel_v1", "label": "Approaching", "speed_ms": 0.77}
2026-05-17 21:46:33,926 | SENDER=emotion_node         TOPIC=/hri/emotion         SHA256=1a6b6cd8ce54374fcf1708ed772ae33dc72925ef1859d2984c199c36d21e8af5 DATA={"source": "EmotionModel_v1", "label": "Sad", "confidence": 0.87}
2026-05-17 21:46:34,379 | SENDER=gesture_node         TOPIC=/hri/gesture         SHA256=b7e9f74bceb3675a802434847049e10690a0b4ae22f74bb70b7698bea2ca39fc DATA={"source": "GestureModel_v1", "label": "Point", "confidence": 0.82}
2026-05-17 21:46:35,692 | SENDER=context_node         TOPIC=/hri/context         SHA256=0328fe086d7abbbd5cc66066c96aec10db560086a0f840535d8d2da0875519d9 DATA={"source": "ContextModel_v1", "environment": "Retail_Aisle", "crowding": "Medium"}
2026-05-17 21:46:35,848 | SENDER=motion_node          TOPIC=/hri/motion          SHA256=e62e501f3cc81c364dae39dc10b235bcf55003bc0543cb310be7cea925722974 DATA={"source": "MotionModel_v1", "label": "Wandering", "speed_ms": 0.2}
2026-05-17 21:46:35,926 | SENDER=emotion_node         TOPIC=/hri/emotion         SHA256=68d9a54c36e749733e6d72908a91e4bc96e43c189d1488e01d780c25678f9ff1 DATA={"source": "EmotionModel_v1", "label": "Sad", "confidence": 0.89}
2026-05-17 21:46:36,377 | SENDER=gesture_node         TOPIC=/hri/gesture         SHA256=af86edf6ee4495d7dc4fdbaeb3805b2c35947be88da925ea476e0d15668fe167 DATA={"source": "GestureModel_v1", "label": "Cross_Arms", "confidence": 0.89}
2026-05-17 21:46:37,691 | SENDER=context_node         TOPIC=/hri/context         SHA256=0328fe086d7abbbd5cc66066c96aec10db560086a0f840535d8d2da0875519d9 DATA={"source": "ContextModel_v1", "environment": "Retail_Aisle", "crowding": "Medium"}
2026-05-17 21:46:37,848 | SENDER=motion_node          TOPIC=/hri/motion          SHA256=78646fb722c65ea9dcd4e2f4da3824002563cab47c2bcf7119fae7b90d9488d8 DATA={"source": "MotionModel_v1", "label": "Approaching", "speed_ms": 0.62}
2026-05-17 21:46:37,926 | SENDER=emotion_node         TOPIC=/hri/emotion         SHA256=28969e8509e56f7ffa6a700e27d708c9ff6c3a4a5240eaeddd1bad1f9fdc748c DATA={"source": "EmotionModel_v1", "label": "Confused", "confidence": 0.87}
2026-05-17 21:46:38,377 | SENDER=gesture_node         TOPIC=/hri/gesture         SHA256=4811bf4d8ef8729831d87bd1c5fdac446b9be8533584c275d6c2378e09e8cffe DATA={"source": "GestureModel_v1", "label": "Cross_Arms", "confidence": 0.88}
2026-05-17 21:46:39,693 | SENDER=context_node         TOPIC=/hri/context         SHA256=f83540b369d62d3a3626f4487a33a8fb933121643231b1e0e5d4aeab15d1aac7 DATA={"source": "ContextModel_v1", "environment": "Museum_Gallery", "crowding": "Low"}
2026-05-17 21:46:39,852 | SENDER=motion_node          TOPIC=/hri/motion          SHA256=13258bc269febcc33cf4e6e70cc48f5c16b7c3d6196ba5fa1aa6c05a28b70333 DATA={"source": "MotionModel_v1", "label": "Wandering", "speed_ms": 0.57}
2026-05-17 21:46:39,926 | SENDER=emotion_node         TOPIC=/hri/emotion         SHA256=01697a80c45797717cd5f5e2d430ab119f847c2f85367f5bd9efbdd1017835e4 DATA={"source": "EmotionModel_v1", "label": "Angry", "confidence": 0.86}
2026-05-17 21:46:40,377 | SENDER=gesture_node         TOPIC=/hri/gesture         SHA256=5fed337a0a41811d63db9d6e9998b6775db60af51dbcca4d2364cde34df5fac4 DATA={"source": "GestureModel_v1", "label": "Stop", "confidence": 0.9}
2026-05-17 21:46:41,693 | SENDER=context_node         TOPIC=/hri/context         SHA256=f83540b369d62d3a3626f4487a33a8fb933121643231b1e0e5d4aeab15d1aac7 DATA={"source": "ContextModel_v1", "environment": "Museum_Gallery", "crowding": "Low"}
2026-05-17 21:46:41,849 | SENDER=motion_node          TOPIC=/hri/motion          SHA256=c5d7b8be2db34abd65525e057a7d01ef51aa9e78892f1103800c5f69ad61e698 DATA={"source": "MotionModel_v1", "label": "Running", "speed_ms": 2.95}
2026-05-17 21:46:41,926 | SENDER=emotion_node         TOPIC=/hri/emotion         SHA256=fc4472a0e3e6cb848add7903cad45c0af5aa0c4fbe4ebc622c1d63dace00a456 DATA={"source": "EmotionModel_v1", "label": "Happy", "confidence": 0.89}
2026-05-17 21:46:42,378 | SENDER=gesture_node         TOPIC=/hri/gesture         SHA256=f30987f1cee32204cad751d24bfc2b1e7dc87af4b2ffeb8fc604cb011bad0815 DATA={"source": "GestureModel_v1", "label": "Thumbs_Up", "confidence": 0.89}
2026-05-17 21:46:43,692 | SENDER=context_node         TOPIC=/hri/context         SHA256=4f7f3e509d2a45b70dab96481bdeba99e5dd5787b28f81fbd5e9933a5b67478b DATA={"source": "ContextModel_v1", "environment": "Hospital_Reception", "crowding": "Medium"}
2026-05-17 21:46:43,849 | SENDER=motion_node          TOPIC=/hri/motion          SHA256=a3e1c43292ed2cac8f9a4b6c1488478a4d28fbb4297b5505a6fdef3ccd99f70c DATA={"source": "MotionModel_v1", "label": "Approaching", "speed_ms": 0.51}
2026-05-17 21:46:43,926 | SENDER=emotion_node         TOPIC=/hri/emotion         SHA256=4637c439325137063921fdb8b3b51f8cc7160eeb5ab0029d5632d992dfb55ca7 DATA={"source": "EmotionModel_v1", "label": "Confused", "confidence": 0.82}
2026-05-17 21:46:44,377 | SENDER=gesture_node         TOPIC=/hri/gesture         SHA256=3279851d7c516d167854e919eb80987f7ab72a3a4351ea05a7d402b0f22d7efb DATA={"source": "GestureModel_v1", "label": "Point", "confidence": 0.84}
2026-05-17 21:46:45,693 | SENDER=context_node         TOPIC=/hri/context         SHA256=a64fb3cfbf73edd634404a40b5c36a0c53b982ba75ff4431360d795192f7cd87 DATA={"source": "ContextModel_v1", "environment": "Hospital_Ward", "crowding": "Low"}
2026-05-17 21:46:45,848 | SENDER=motion_node          TOPIC=/hri/motion          SHA256=4f4e84d2d29b3fde2ec604e193de92707bcda35b38ccf9de5027e7d586a106de DATA={"source": "MotionModel_v1", "label": "Retreating", "speed_ms": 0.87}
2026-05-17 21:46:45,926 | SENDER=emotion_node         TOPIC=/hri/emotion         SHA256=fc4472a0e3e6cb848add7903cad45c0af5aa0c4fbe4ebc622c1d63dace00a456 DATA={"source": "EmotionModel_v1", "label": "Happy", "confidence": 0.89}
2026-05-17 21:46:47,586 | SENDER=gesture_node         TOPIC=/hri/gesture         SHA256=58fc96a63f43bf5ce2f18d1ef46c6c39612305ca9fffd5d627feb24785ed2036 DATA={"source": "GestureModel_v1", "label": "Thumbs_Up", "confidence": 0.95}
2026-05-17 21:46:48,377 | SENDER=gesture_node         TOPIC=/hri/gesture         SHA256=4811bf4d8ef8729831d87bd1c5fdac446b9be8533584c275d6c2378e09e8cffe DATA={"source": "GestureModel_v1", "label": "Cross_Arms", "confidence": 0.88}
2026-05-17 21:46:48,899 | SENDER=context_node         TOPIC=/hri/context         SHA256=f83540b369d62d3a3626f4487a33a8fb933121643231b1e0e5d4aeab15d1aac7 DATA={"source": "ContextModel_v1", "environment": "Museum_Gallery", "crowding": "Low"}
2026-05-17 21:46:49,057 | SENDER=motion_node          TOPIC=/hri/motion          SHA256=03b54d17cc7d468e3e51d6bf2b54bb9a421aea385dcd8482b7d6ac78797d401f DATA={"source": "MotionModel_v1", "label": "Running", "speed_ms": 3.18}
2026-05-17 21:46:49,135 | SENDER=emotion_node         TOPIC=/hri/emotion         SHA256=07d1b20cf76f5acfe8392d055d57b184bce0d401c09383fbdc4a03f808b207a9 DATA={"source": "EmotionModel_v1", "label": "Sad", "confidence": 0.78}
2026-05-17 21:46:49,691 | SENDER=context_node         TOPIC=/hri/context         SHA256=f83540b369d62d3a3626f4487a33a8fb933121643231b1e0e5d4aeab15d1aac7 DATA={"source": "ContextModel_v1", "environment": "Museum_Gallery", "crowding": "Low"}
2026-05-17 21:46:49,849 | SENDER=motion_node          TOPIC=/hri/motion          SHA256=9b1a4daee8b579be7c7de03c618d2c575f24681cfff69db9d5eac2d2985a8f15 DATA={"source": "MotionModel_v1", "label": "Running", "speed_ms": 2.26}
2026-05-17 21:46:49,926 | SENDER=emotion_node         TOPIC=/hri/emotion         SHA256=01697a80c45797717cd5f5e2d430ab119f847c2f85367f5bd9efbdd1017835e4 DATA={"source": "EmotionModel_v1", "label": "Angry", "confidence": 0.86}
2026-05-17 21:46:50,377 | SENDER=gesture_node         TOPIC=/hri/gesture         SHA256=1c26f0b6d9044fdafa1762a023dd598d667da44f5a8a353920b5a5dd5ffb649e DATA={"source": "GestureModel_v1", "label": "Beckon", "confidence": 0.89}
2026-05-17 21:46:51,692 | SENDER=context_node         TOPIC=/hri/context         SHA256=b88b3385b15277f264a4977a18a860ce4df5fa37ec2862844eecd37fad4c7813 DATA={"source": "ContextModel_v1", "environment": "Hospital_Corridor", "crowding": "High"}
2026-05-17 21:46:51,849 | SENDER=motion_node          TOPIC=/hri/motion          SHA256=e9b301eb421a3f4186a5f1ba296f3ac79ff1136a94f6b55ccefd24e45722e2dd DATA={"source": "MotionModel_v1", "label": "Approaching", "speed_ms": 0.72}
2026-05-17 21:46:51,926 | SENDER=emotion_node         TOPIC=/hri/emotion         SHA256=9c3a6d92f4d460c51551e184fafb9f9f41552534d0d7adf16bddfea14a771c37 DATA={"source": "EmotionModel_v1", "label": "Sad", "confidence": 0.86}
2026-05-17 21:46:52,380 | SENDER=gesture_node         TOPIC=/hri/gesture         SHA256=e60eaeb1fec23e63aa0078e10ac88c33178f8ee33395fe631388fa2198ba878e DATA={"source": "GestureModel_v1", "label": "Cross_Arms", "confidence": 0.83}
2026-05-17 21:46:53,695 | SENDER=context_node         TOPIC=/hri/context         SHA256=f83540b369d62d3a3626f4487a33a8fb933121643231b1e0e5d4aeab15d1aac7 DATA={"source": "ContextModel_v1", "environment": "Museum_Gallery", "crowding": "Low"}
2026-05-17 21:46:53,848 | SENDER=motion_node          TOPIC=/hri/motion          SHA256=034e794213f307bfb577e878adf0acd58c31757e2734083729585f2fa37912ce DATA={"source": "MotionModel_v1", "label": "Retreating", "speed_ms": 0.69}
2026-05-17 21:46:53,926 | SENDER=emotion_node         TOPIC=/hri/emotion         SHA256=233bd8bb3234061a59ca442d23f43007648a3368103e5675644a5429d0b285b5 DATA={"source": "EmotionModel_v1", "label": "Neutral", "confidence": 0.82}
2026-05-17 21:46:54,380 | SENDER=gesture_node         TOPIC=/hri/gesture         SHA256=203b2d0a5edc0f8e97c13de91d282f857606abf810e68b3ce8dba1fa1abc4fe1 DATA={"source": "GestureModel_v1", "label": "Wave", "confidence": 0.94}
2026-05-17 21:46:55,691 | SENDER=context_node         TOPIC=/hri/context         SHA256=0328fe086d7abbbd5cc66066c96aec10db560086a0f840535d8d2da0875519d9 DATA={"source": "ContextModel_v1", "environment": "Retail_Aisle", "crowding": "Medium"}
2026-05-17 21:46:55,848 | SENDER=motion_node          TOPIC=/hri/motion          SHA256=b15988864fa89f3946870829f63841c5949c2ff71ef91b1de533e6c642642b6c DATA={"source": "MotionModel_v1", "label": "Wandering", "speed_ms": 0.29}
2026-05-17 21:46:55,926 | SENDER=emotion_node         TOPIC=/hri/emotion         SHA256=797384a622bb5f4bbeb49a7bb2981f7ffe8eaa0945eccd1184e8443488d819b3 DATA={"source": "EmotionModel_v1", "label": "Happy", "confidence": 0.97}
2026-05-17 21:46:56,377 | SENDER=gesture_node         TOPIC=/hri/gesture         SHA256=3c410755877e02aec28e2377374134396d996576ba85f8487adbe18066cd4910 DATA={"source": "GestureModel_v1", "label": "Beckon", "confidence": 0.79}
2026-05-17 21:46:57,691 | SENDER=context_node         TOPIC=/hri/context         SHA256=0328fe086d7abbbd5cc66066c96aec10db560086a0f840535d8d2da0875519d9 DATA={"source": "ContextModel_v1", "environment": "Retail_Aisle", "crowding": "Medium"}
2026-05-17 21:46:57,848 | SENDER=motion_node          TOPIC=/hri/motion          SHA256=b49c8116792eae336bdbf52c4ab625f038c9f26503393bf6dcad7275ef8a1632 DATA={"source": "MotionModel_v1", "label": "Wandering", "speed_ms": 0.33}
2026-05-17 21:46:57,926 | SENDER=emotion_node         TOPIC=/hri/emotion         SHA256=c5793a326aaafa2680ba4284459d95ab792410348373037a6131eebc1451b6b6 DATA={"source": "EmotionModel_v1", "label": "Angry", "confidence": 0.83}
2026-05-17 21:46:58,377 | SENDER=gesture_node         TOPIC=/hri/gesture         SHA256=1058856b663e44ff9e634809405a74d7f4a4937056fadf2d0fadfdd8f23d16bf DATA={"source": "GestureModel_v1", "label": "Thumbs_Up", "confidence": 0.82}
2026-05-17 21:46:59,693 | SENDER=context_node         TOPIC=/hri/context         SHA256=4f7f3e509d2a45b70dab96481bdeba99e5dd5787b28f81fbd5e9933a5b67478b DATA={"source": "ContextModel_v1", "environment": "Hospital_Reception", "crowding": "Medium"}
2026-05-17 21:46:59,848 | SENDER=motion_node          TOPIC=/hri/motion          SHA256=b50a1667a1efadf78b882dc529c5dcd83bb8cbbe741cc1e34c677b50b2ef15c9 DATA={"source": "MotionModel_v1", "label": "Running", "speed_ms": 3.42}
2026-05-17 21:46:59,927 | SENDER=emotion_node         TOPIC=/hri/emotion         SHA256=65b09baf4db0c95e4c04018bd50ef430060708af28f1d51d9c65003c22a24e2e DATA={"source": "EmotionModel_v1", "label": "Neutral", "confidence": 0.95}
2026-05-17 21:47:00,378 | SENDER=gesture_node         TOPIC=/hri/gesture         SHA256=5b48d474e5c719d0060512121537934ef68d74571173327fae0285e65aba623b DATA={"source": "GestureModel_v1", "label": "Beckon", "confidence": 0.88}
2026-05-17 21:47:01,691 | SENDER=context_node         TOPIC=/hri/context         SHA256=a64fb3cfbf73edd634404a40b5c36a0c53b982ba75ff4431360d795192f7cd87 DATA={"source": "ContextModel_v1", "environment": "Hospital_Ward", "crowding": "Low"}
2026-05-17 21:47:01,848 | SENDER=motion_node          TOPIC=/hri/motion          SHA256=c613652f957401477242386916d580e85cc631cf574a8863cbb0682f0a79d0e9 DATA={"source": "MotionModel_v1", "label": "Wandering", "speed_ms": 0.27}
2026-05-17 21:47:01,926 | SENDER=emotion_node         TOPIC=/hri/emotion         SHA256=d91a3aa5e19a1c40cd82936f1e52a51856feb9b0a9aa81c9216570eba6ab60d2 DATA={"source": "EmotionModel_v1", "label": "Panicked", "confidence": 0.97}
2026-05-17 21:47:02,383 | SENDER=gesture_node         TOPIC=/hri/gesture         SHA256=f3a5e9fd5f47af06408d6a01da4f6c1cef0aabb11188d59709928a9a43a32fa8 DATA={"source": "GestureModel_v1", "label": "Wave", "confidence": 0.86}
2026-05-17 21:47:03,691 | SENDER=context_node         TOPIC=/hri/context         SHA256=a64fb3cfbf73edd634404a40b5c36a0c53b982ba75ff4431360d795192f7cd87 DATA={"source": "ContextModel_v1", "environment": "Hospital_Ward", "crowding": "Low"}
2026-05-17 21:47:03,848 | SENDER=motion_node          TOPIC=/hri/motion          SHA256=1557f4b7f3e3df1ed3c107c0acda50313ad8f48d2f45d565dfc6ea30c5be8554 DATA={"source": "MotionModel_v1", "label": "Retreating", "speed_ms": 0.82}
2026-05-17 21:47:03,926 | SENDER=emotion_node         TOPIC=/hri/emotion         SHA256=ef8388a1c703316d6759d42afc8840c8134c7ac51660cbd318c7c2f89ecfe58a DATA={"source": "EmotionModel_v1", "label": "Happy", "confidence": 0.9}
2026-05-17 21:47:04,377 | SENDER=gesture_node         TOPIC=/hri/gesture         SHA256=941d56202c5c870f0bcb091d9049b5eb7ea772b168c06eedda1469a5b1089d80 DATA={"source": "GestureModel_v1", "label": "Point", "confidence": 0.83}
2026-05-17 21:47:05,691 | SENDER=context_node         TOPIC=/hri/context         SHA256=f83540b369d62d3a3626f4487a33a8fb933121643231b1e0e5d4aeab15d1aac7 DATA={"source": "ContextModel_v1", "environment": "Museum_Gallery", "crowding": "Low"}
2026-05-17 21:47:05,850 | SENDER=motion_node          TOPIC=/hri/motion          SHA256=40a9d1090985fbc9e808bdfb6f443445135fb9ac181f0cbe567f98762f00a1c4 DATA={"source": "MotionModel_v1", "label": "Running", "speed_ms": 2.07}
2026-05-17 21:47:05,926 | SENDER=emotion_node         TOPIC=/hri/emotion         SHA256=a44bc912b5604b2f3a0f393ac260493be3e0e92bdbb7f67ea569ae6e7c06746e DATA={"source": "EmotionModel_v1", "label": "Angry", "confidence": 0.81}
2026-05-17 21:47:06,377 | SENDER=gesture_node         TOPIC=/hri/gesture         SHA256=07f6a18ff66122470059036b3cc30429fda2758668b042c013231913c8770264 DATA={"source": "GestureModel_v1", "label": "Wave", "confidence": 0.96}
2026-05-17 21:47:07,691 | SENDER=context_node         TOPIC=/hri/context         SHA256=0328fe086d7abbbd5cc66066c96aec10db560086a0f840535d8d2da0875519d9 DATA={"source": "ContextModel_v1", "environment": "Retail_Aisle", "crowding": "Medium"}
2026-05-17 21:47:07,851 | SENDER=motion_node          TOPIC=/hri/motion          SHA256=515e5c1e86e4d0bbed32a0b4d415c8adc8bf3e01a43b15b6536b8997c40535a1 DATA={"source": "MotionModel_v1", "label": "Stationary", "speed_ms": 0.05}
2026-05-17 21:47:07,927 | SENDER=emotion_node         TOPIC=/hri/emotion         SHA256=797384a622bb5f4bbeb49a7bb2981f7ffe8eaa0945eccd1184e8443488d819b3 DATA={"source": "EmotionModel_v1", "label": "Happy", "confidence": 0.97}
2026-05-17 21:47:08,377 | SENDER=gesture_node         TOPIC=/hri/gesture         SHA256=58973deffa59167d658d90c2cc450855c6c6d02a30bf6c0386bf922b1cadcd2e DATA={"source": "GestureModel_v1", "label": "Stop", "confidence": 0.95}
2026-05-17 21:47:09,692 | SENDER=context_node         TOPIC=/hri/context         SHA256=a64fb3cfbf73edd634404a40b5c36a0c53b982ba75ff4431360d795192f7cd87 DATA={"source": "ContextModel_v1", "environment": "Hospital_Ward", "crowding": "Low"}
2026-05-17 21:47:09,848 | SENDER=motion_node          TOPIC=/hri/motion          SHA256=3fe43b964157fdbd24d0a87acc2042d03f2792a06402ed1d6f82b16eb5786f24 DATA={"source": "MotionModel_v1", "label": "Running", "speed_ms": 3.41}
2026-05-17 21:47:09,927 | SENDER=emotion_node         TOPIC=/hri/emotion         SHA256=6cbafa2e903d68b4918e491877a3142fb685274954d030c444f5d3136c2d2390 DATA={"source": "EmotionModel_v1", "label": "Confused", "confidence": 0.78}
2026-05-17 21:47:10,377 | SENDER=gesture_node         TOPIC=/hri/gesture         SHA256=85eaa2be1b394fcce896c2957809ef37b7f0a76b6dfae67bec49934bbb9fde66 DATA={"source": "GestureModel_v1", "label": "Point", "confidence": 0.94}
2026-05-17 21:47:11,691 | SENDER=context_node         TOPIC=/hri/context         SHA256=a64fb3cfbf73edd634404a40b5c36a0c53b982ba75ff4431360d795192f7cd87 DATA={"source": "ContextModel_v1", "environment": "Hospital_Ward", "crowding": "Low"}
2026-05-17 21:47:11,848 | SENDER=motion_node          TOPIC=/hri/motion          SHA256=5bc2d5d070e2233c27d0ada07bd690145a2a5ba2be08bbc2b866ff0889ab2cd0 DATA={"source": "MotionModel_v1", "label": "Wandering", "speed_ms": 0.68}
2026-05-17 21:47:11,932 | SENDER=emotion_node         TOPIC=/hri/emotion         SHA256=d555f029dd171e5f1742b8cfa03c38bf06ece8c19269a42a00afdd0aab6e05cb DATA={"source": "EmotionModel_v1", "label": "Sad", "confidence": 0.81}
2026-05-17 21:47:12,379 | SENDER=gesture_node         TOPIC=/hri/gesture         SHA256=f3a5e9fd5f47af06408d6a01da4f6c1cef0aabb11188d59709928a9a43a32fa8 DATA={"source": "GestureModel_v1", "label": "Wave", "confidence": 0.86}
2026-05-17 21:47:13,694 | SENDER=context_node         TOPIC=/hri/context         SHA256=4f7f3e509d2a45b70dab96481bdeba99e5dd5787b28f81fbd5e9933a5b67478b DATA={"source": "ContextModel_v1", "environment": "Hospital_Reception", "crowding": "Medium"}
2026-05-17 21:47:13,848 | SENDER=motion_node          TOPIC=/hri/motion          SHA256=63a4a181c597932c13bcad30a012ab04d76a4b7cbd098d7a9228aca46f3c2c29 DATA={"source": "MotionModel_v1", "label": "Wandering", "speed_ms": 0.63}
2026-05-17 21:47:13,926 | SENDER=emotion_node         TOPIC=/hri/emotion         SHA256=fb8e1603c1c878d9bde4256305bb541a522e9d71e8619861d7913c31ba0de47e DATA={"source": "EmotionModel_v1", "label": "Confused", "confidence": 0.81}
2026-05-17 21:47:14,377 | SENDER=gesture_node         TOPIC=/hri/gesture         SHA256=496c30aba574f6aef0224ec0ba0c88384a73aab8db8bf34baa5e9fda39080e3a DATA={"source": "GestureModel_v1", "label": "Cross_Arms", "confidence": 0.87}
2026-05-17 21:47:15,694 | SENDER=context_node         TOPIC=/hri/context         SHA256=f83540b369d62d3a3626f4487a33a8fb933121643231b1e0e5d4aeab15d1aac7 DATA={"source": "ContextModel_v1", "environment": "Museum_Gallery", "crowding": "Low"}
2026-05-17 21:47:15,848 | SENDER=motion_node          TOPIC=/hri/motion          SHA256=de35e8fc45278d0d1663fff6b3d6885c7acfd727af1aab9b7b04a97b170cfeef DATA={"source": "MotionModel_v1", "label": "Wandering", "speed_ms": 0.53}
2026-05-17 21:47:15,926 | SENDER=emotion_node         TOPIC=/hri/emotion         SHA256=aaf114afb03183f34f331041675d78ada5c375f64d858160873bcae1cbdf6edc DATA={"source": "EmotionModel_v1", "label": "Angry", "confidence": 0.91}
2026-05-17 21:47:16,377 | SENDER=gesture_node         TOPIC=/hri/gesture         SHA256=531aa4915ea5bd4a6acb19e1014364d88b05dc5d27c74024e3a94b63d1bfaac6 DATA={"source": "GestureModel_v1", "label": "Thumbs_Up", "confidence": 0.94}
2026-05-17 21:47:17,691 | SENDER=context_node         TOPIC=/hri/context         SHA256=f83540b369d62d3a3626f4487a33a8fb933121643231b1e0e5d4aeab15d1aac7 DATA={"source": "ContextModel_v1", "environment": "Museum_Gallery", "crowding": "Low"}
2026-05-17 21:47:17,848 | SENDER=motion_node          TOPIC=/hri/motion          SHA256=017613be798b6822813c8ee860a6cbfed11b6b95ac7e373819b2545292993274 DATA={"source": "MotionModel_v1", "label": "Running", "speed_ms": 2.34}
2026-05-17 21:47:17,926 | SENDER=emotion_node         TOPIC=/hri/emotion         SHA256=26b7a844daab074597993edadfe29fd5248840fc18fc84b6b513ea12bfd6011c DATA={"source": "EmotionModel_v1", "label": "Confused", "confidence": 0.88}
2026-05-17 21:47:18,378 | SENDER=gesture_node         TOPIC=/hri/gesture         SHA256=d08bf1d062c8563e27397a25cd35892bc811731dee80beff2ea030173d6c2d16 DATA={"source": "GestureModel_v1", "label": "Thumbs_Up", "confidence": 0.86}
2026-05-17 21:47:21,074 | SENDER=context_node         TOPIC=/hri/context         SHA256=a64fb3cfbf73edd634404a40b5c36a0c53b982ba75ff4431360d795192f7cd87 DATA={"source": "ContextModel_v1", "environment": "Hospital_Ward", "crowding": "Low"}
2026-05-17 21:47:21,230 | SENDER=motion_node          TOPIC=/hri/motion          SHA256=d726ab9b8743fe3edfd757dcbc7d59ab33b9ec241b95c8a1f951769f53bb233e DATA={"source": "MotionModel_v1", "label": "Approaching", "speed_ms": 0.53}
2026-05-17 21:47:21,308 | SENDER=emotion_node         TOPIC=/hri/emotion         SHA256=a566545654fcc155cea4db1532e34567402f70a77fb3ff3c4b0d6d4f83ccaf8e DATA={"source": "EmotionModel_v1", "label": "Angry", "confidence": 0.88}
2026-05-17 21:47:21,691 | SENDER=context_node         TOPIC=/hri/context         SHA256=4f7f3e509d2a45b70dab96481bdeba99e5dd5787b28f81fbd5e9933a5b67478b DATA={"source": "ContextModel_v1", "environment": "Hospital_Reception", "crowding": "Medium"}
2026-05-17 21:47:21,759 | SENDER=gesture_node         TOPIC=/hri/gesture         SHA256=fdea9da89496b551be658a7c3da499ee1a917f963e7fa137772c70fcb33de972 DATA={"source": "GestureModel_v1", "label": "Beckon", "confidence": 0.9}
2026-05-17 21:47:21,848 | SENDER=motion_node          TOPIC=/hri/motion          SHA256=9fcfeb644c50fd711ed22cf187aae935d881415851285ff138c507952b09ffd5 DATA={"source": "MotionModel_v1", "label": "Retreating", "speed_ms": 0.8}
2026-05-17 21:47:21,926 | SENDER=emotion_node         TOPIC=/hri/emotion         SHA256=e30599e6c0fab427ab771542e4b7bd161d6a35e6f7013faaccfba323cb1d8dee DATA={"source": "EmotionModel_v1", "label": "Sad", "confidence": 0.9}
2026-05-17 21:47:22,377 | SENDER=gesture_node         TOPIC=/hri/gesture         SHA256=f2a4182b8846cf6dce0c43725d11aedca3e19eb17a0c0f1c35fdf913c0165e4d DATA={"source": "GestureModel_v1", "label": "Beckon", "confidence": 0.83}
2026-05-17 21:47:23,694 | SENDER=context_node         TOPIC=/hri/context         SHA256=0328fe086d7abbbd5cc66066c96aec10db560086a0f840535d8d2da0875519d9 DATA={"source": "ContextModel_v1", "environment": "Retail_Aisle", "crowding": "Medium"}
2026-05-17 21:47:23,848 | SENDER=motion_node          TOPIC=/hri/motion          SHA256=d667a6b7ae61168e3c6be7e6ef2dfbb0194b233f67b08de95aab87e261481cb5 DATA={"source": "MotionModel_v1", "label": "Wandering", "speed_ms": 0.49}
2026-05-17 21:47:23,926 | SENDER=emotion_node         TOPIC=/hri/emotion         SHA256=4b2df71a6a968f38a303f5940882ea4a4c80c9e591ef307e98f96607abb289c0 DATA={"source": "EmotionModel_v1", "label": "Panicked", "confidence": 0.9}
2026-05-17 21:47:24,377 | SENDER=gesture_node         TOPIC=/hri/gesture         SHA256=e6d3acb2c298209dd58d23c111adf470153ad7621a89d99ebf96dfaf8a2cb665 DATA={"source": "GestureModel_v1", "label": "Beckon", "confidence": 0.82}
2026-05-17 21:47:25,696 | SENDER=context_node         TOPIC=/hri/context         SHA256=4f7f3e509d2a45b70dab96481bdeba99e5dd5787b28f81fbd5e9933a5b67478b DATA={"source": "ContextModel_v1", "environment": "Hospital_Reception", "crowding": "Medium"}
2026-05-17 21:47:25,848 | SENDER=motion_node          TOPIC=/hri/motion          SHA256=4bbe844bf9a06070cf4e80e5f12293ffa12fb3ea5e2fcb79dbdd8200ae1b35a5 DATA={"source": "MotionModel_v1", "label": "Retreating", "speed_ms": 0.61}
2026-05-17 21:47:25,926 | SENDER=emotion_node         TOPIC=/hri/emotion         SHA256=fc4472a0e3e6cb848add7903cad45c0af5aa0c4fbe4ebc622c1d63dace00a456 DATA={"source": "EmotionModel_v1", "label": "Happy", "confidence": 0.89}
2026-05-17 21:47:26,377 | SENDER=gesture_node         TOPIC=/hri/gesture         SHA256=f8c1e183c4fcefe7027020d7a9e91c173e5bc8d66e5ff5dd8a7fa1a395cc3836 DATA={"source": "GestureModel_v1", "label": "Wave", "confidence": 0.89}
2026-05-17 21:47:27,692 | SENDER=context_node         TOPIC=/hri/context         SHA256=a64fb3cfbf73edd634404a40b5c36a0c53b982ba75ff4431360d795192f7cd87 DATA={"source": "ContextModel_v1", "environment": "Hospital_Ward", "crowding": "Low"}
2026-05-17 21:47:27,850 | SENDER=motion_node          TOPIC=/hri/motion          SHA256=d715c4dfec4edf86e885173a3d6c95d2e035df0a0ad42728e70a6ceb0c3376df DATA={"source": "MotionModel_v1", "label": "Approaching", "speed_ms": 1.05}
2026-05-17 21:47:27,926 | SENDER=emotion_node         TOPIC=/hri/emotion         SHA256=3b0b48fb4ebc8c671cb5891f5b5b8e6b70ad75b2152235da41e3b65f9b324e7a DATA={"source": "EmotionModel_v1", "label": "Angry", "confidence": 0.84}
2026-05-17 21:47:28,378 | SENDER=gesture_node         TOPIC=/hri/gesture         SHA256=840bb44f9fb88f4805cc7472a662ab90e20618588a903cae2e350f546981f248 DATA={"source": "GestureModel_v1", "label": "Point", "confidence": 0.87}
2026-05-17 21:47:29,692 | SENDER=context_node         TOPIC=/hri/context         SHA256=f83540b369d62d3a3626f4487a33a8fb933121643231b1e0e5d4aeab15d1aac7 DATA={"source": "ContextModel_v1", "environment": "Museum_Gallery", "crowding": "Low"}
2026-05-17 21:47:29,848 | SENDER=motion_node          TOPIC=/hri/motion          SHA256=940b02f18ec622d88a0a309024dc28addcc5116b14c2dc566f7725b7cdcd4846 DATA={"source": "MotionModel_v1", "label": "Running", "speed_ms": 2.32}
2026-05-17 21:47:29,926 | SENDER=emotion_node         TOPIC=/hri/emotion         SHA256=106fd6dedd10a3a6624aac4bffac863c64467df79eb883bf7599f0bf3c63f2c2 DATA={"source": "EmotionModel_v1", "label": "Neutral", "confidence": 0.85}
2026-05-17 21:47:30,378 | SENDER=gesture_node         TOPIC=/hri/gesture         SHA256=41858cb651ab8d66a77131f1667e8d6152a1ef706585d2251aaddd3d2bb550ab DATA={"source": "GestureModel_v1", "label": "Stop", "confidence": 0.91}
2026-05-17 21:47:31,695 | SENDER=context_node         TOPIC=/hri/context         SHA256=b88b3385b15277f264a4977a18a860ce4df5fa37ec2862844eecd37fad4c7813 DATA={"source": "ContextModel_v1", "environment": "Hospital_Corridor", "crowding": "High"}
2026-05-17 21:47:31,849 | SENDER=motion_node          TOPIC=/hri/motion          SHA256=11a033ef338177e87f64af4089c323c08964b6d3ed58bce6301a49ea362252c5 DATA={"source": "MotionModel_v1", "label": "Running", "speed_ms": 3.1}
2026-05-17 21:47:31,926 | SENDER=emotion_node         TOPIC=/hri/emotion         SHA256=c9f62e048a71b2b7a2d2b3e01efa596035bef3940f5d6ee245990acc897438b2 DATA={"source": "EmotionModel_v1", "label": "Panicked", "confidence": 0.96}
2026-05-17 21:47:32,377 | SENDER=gesture_node         TOPIC=/hri/gesture         SHA256=524fc014844a08712c1cd4b202d4cbb4293a113c37f6949572e9d7b979b80d33 DATA={"source": "GestureModel_v1", "label": "Cross_Arms", "confidence": 0.79}
2026-05-17 21:47:33,692 | SENDER=context_node         TOPIC=/hri/context         SHA256=a64fb3cfbf73edd634404a40b5c36a0c53b982ba75ff4431360d795192f7cd87 DATA={"source": "ContextModel_v1", "environment": "Hospital_Ward", "crowding": "Low"}
2026-05-17 21:47:33,848 | SENDER=motion_node          TOPIC=/hri/motion          SHA256=6d10e48700806478a558281b554b29348154527f95cb2373f6093f3bb9af9b01 DATA={"source": "MotionModel_v1", "label": "Running", "speed_ms": 2.06}
2026-05-17 21:47:33,926 | SENDER=emotion_node         TOPIC=/hri/emotion         SHA256=f4c552f3ac53f1a66424151ab0b59a5d807cfabed51c03e0c2dbd11cdd879540 DATA={"source": "EmotionModel_v1", "label": "Panicked", "confidence": 0.91}
2026-05-17 21:47:34,379 | SENDER=gesture_node         TOPIC=/hri/gesture         SHA256=568ecd36f4f4603ad2d6e88961d9b734b5cf94576fa19fad4c496279ba28f9bd DATA={"source": "GestureModel_v1", "label": "Point", "confidence": 0.92}
2026-05-17 21:47:35,692 | SENDER=context_node         TOPIC=/hri/context         SHA256=b88b3385b15277f264a4977a18a860ce4df5fa37ec2862844eecd37fad4c7813 DATA={"source": "ContextModel_v1", "environment": "Hospital_Corridor", "crowding": "High"}
2026-05-17 21:47:35,848 | SENDER=motion_node          TOPIC=/hri/motion          SHA256=7f74904a5f7138f64bd619489e17b03f53d74c70b31689126a7526bc96075e25 DATA={"source": "MotionModel_v1", "label": "Running", "speed_ms": 2.11}
2026-05-17 21:47:35,926 | SENDER=emotion_node         TOPIC=/hri/emotion         SHA256=7f98eff31fa55888f474ad5245abe5d28f0c68cbc6bf5134d39a89c5dac69e36 DATA={"source": "EmotionModel_v1", "label": "Panicked", "confidence": 0.87}
2026-05-17 21:47:36,378 | SENDER=gesture_node         TOPIC=/hri/gesture         SHA256=58fc96a63f43bf5ce2f18d1ef46c6c39612305ca9fffd5d627feb24785ed2036 DATA={"source": "GestureModel_v1", "label": "Thumbs_Up", "confidence": 0.95}
2026-05-17 21:47:37,692 | SENDER=context_node         TOPIC=/hri/context         SHA256=f83540b369d62d3a3626f4487a33a8fb933121643231b1e0e5d4aeab15d1aac7 DATA={"source": "ContextModel_v1", "environment": "Museum_Gallery", "crowding": "Low"}
2026-05-17 21:47:37,849 | SENDER=motion_node          TOPIC=/hri/motion          SHA256=9de1b02bb7714309331b4f4bcc67ab5085917a4014678b0784cb5c5478d2a9f9 DATA={"source": "MotionModel_v1", "label": "Retreating", "speed_ms": 0.66}
2026-05-17 21:47:37,926 | SENDER=emotion_node         TOPIC=/hri/emotion         SHA256=8f503dbb8027f39ba6403de6fe2b4dc73543f7d0a9ebbdf00fbc6ef50c8d76ba DATA={"source": "EmotionModel_v1", "label": "Neutral", "confidence": 0.89}
2026-05-17 21:47:38,379 | SENDER=gesture_node         TOPIC=/hri/gesture         SHA256=be63e7660b916eb1e9541cc8d01b5d71cd4981159621a37da733f471ba243b94 DATA={"source": "GestureModel_v1", "label": "Point", "confidence": 0.85}
2026-05-17 21:47:39,691 | SENDER=context_node         TOPIC=/hri/context         SHA256=0328fe086d7abbbd5cc66066c96aec10db560086a0f840535d8d2da0875519d9 DATA={"source": "ContextModel_v1", "environment": "Retail_Aisle", "crowding": "Medium"}
2026-05-17 21:47:39,848 | SENDER=motion_node          TOPIC=/hri/motion          SHA256=961785fcc40bec16ddaad54a8455a3385b0db9a8de0afaafac25d770dc6ce2b7 DATA={"source": "MotionModel_v1", "label": "Stationary", "speed_ms": 0.09}
2026-05-17 21:47:39,926 | SENDER=emotion_node         TOPIC=/hri/emotion         SHA256=797384a622bb5f4bbeb49a7bb2981f7ffe8eaa0945eccd1184e8443488d819b3 DATA={"source": "EmotionModel_v1", "label": "Happy", "confidence": 0.97}
2026-05-17 21:47:40,378 | SENDER=gesture_node         TOPIC=/hri/gesture         SHA256=757678849b1b5e94f27cae2f19e40e63b8696e8864d759874ba58f978f25fc46 DATA={"source": "GestureModel_v1", "label": "Thumbs_Up", "confidence": 0.88}
2026-05-17 21:47:41,691 | SENDER=context_node         TOPIC=/hri/context         SHA256=f83540b369d62d3a3626f4487a33a8fb933121643231b1e0e5d4aeab15d1aac7 DATA={"source": "ContextModel_v1", "environment": "Museum_Gallery", "crowding": "Low"}
2026-05-17 21:47:41,848 | SENDER=motion_node          TOPIC=/hri/motion          SHA256=6deeaaa9432945dc0088af8707a6b506f8a81d8850c3ef8684bde25b790f5e66 DATA={"source": "MotionModel_v1", "label": "Wandering", "speed_ms": 0.51}
2026-05-17 21:47:41,926 | SENDER=emotion_node         TOPIC=/hri/emotion         SHA256=23f75cf2aa24df9c9db98112d1e711fb666ec845a4e79c5b61b52919f053e180 DATA={"source": "EmotionModel_v1", "label": "Happy", "confidence": 0.95}
2026-05-17 21:47:42,378 | SENDER=gesture_node         TOPIC=/hri/gesture         SHA256=4064b53ef72a7ef9a3f00fe9b94d1748c806e3637eb7961fd797c4b363031dfc DATA={"source": "GestureModel_v1", "label": "Beckon", "confidence": 0.85}
2026-05-17 21:47:43,691 | SENDER=context_node         TOPIC=/hri/context         SHA256=b88b3385b15277f264a4977a18a860ce4df5fa37ec2862844eecd37fad4c7813 DATA={"source": "ContextModel_v1", "environment": "Hospital_Corridor", "crowding": "High"}
2026-05-17 21:47:43,850 | SENDER=motion_node          TOPIC=/hri/motion          SHA256=b49c8116792eae336bdbf52c4ab625f038c9f26503393bf6dcad7275ef8a1632 DATA={"source": "MotionModel_v1", "label": "Wandering", "speed_ms": 0.33}
2026-05-17 21:47:43,926 | SENDER=emotion_node         TOPIC=/hri/emotion         SHA256=5998b24130ca777eab6cf54b7b3706489073d7a3a1212a611188a393ddc65b96 DATA={"source": "EmotionModel_v1", "label": "Neutral", "confidence": 0.83}
2026-05-17 21:47:44,382 | SENDER=gesture_node         TOPIC=/hri/gesture         SHA256=203b2d0a5edc0f8e97c13de91d282f857606abf810e68b3ce8dba1fa1abc4fe1 DATA={"source": "GestureModel_v1", "label": "Wave", "confidence": 0.94}
2026-05-17 21:47:45,691 | SENDER=context_node         TOPIC=/hri/context         SHA256=a64fb3cfbf73edd634404a40b5c36a0c53b982ba75ff4431360d795192f7cd87 DATA={"source": "ContextModel_v1", "environment": "Hospital_Ward", "crowding": "Low"}
2026-05-17 21:47:45,849 | SENDER=motion_node          TOPIC=/hri/motion          SHA256=7477f53f99c298fb2459f7fe2a4699268993dcf4cf51e613dc819f7e0e84eef4 DATA={"source": "MotionModel_v1", "label": "Approaching", "speed_ms": 0.97}
2026-05-17 21:47:45,926 | SENDER=emotion_node         TOPIC=/hri/emotion         SHA256=5f56a2e6ea91db0269fb4bf51ad86c0ba9ce4b3e5985ae2e37c950e0f900a6e0 DATA={"source": "EmotionModel_v1", "label": "Neutral", "confidence": 0.92}
2026-05-17 21:47:46,378 | SENDER=gesture_node         TOPIC=/hri/gesture         SHA256=9c23e07af1c553433345d5ea1db582b01f88aaa69cfaff89eaecaa4d16ef97ce DATA={"source": "GestureModel_v1", "label": "Beckon", "confidence": 0.86}
2026-05-17 21:47:47,692 | SENDER=context_node         TOPIC=/hri/context         SHA256=f83540b369d62d3a3626f4487a33a8fb933121643231b1e0e5d4aeab15d1aac7 DATA={"source": "ContextModel_v1", "environment": "Museum_Gallery", "crowding": "Low"}
2026-05-17 21:47:47,848 | SENDER=motion_node          TOPIC=/hri/motion          SHA256=b249b21abc810dee8c211681892ac443482c4b811143fed0db14e874e307ad18 DATA={"source": "MotionModel_v1", "label": "Stationary", "speed_ms": 0.1}
2026-05-17 21:47:47,927 | SENDER=emotion_node         TOPIC=/hri/emotion         SHA256=8ff5f9c21910132b4ba60fb0fbc153cd9bfe6294e71b6f983095acf055823c35 DATA={"source": "EmotionModel_v1", "label": "Angry", "confidence": 0.8}
2026-05-17 21:47:48,377 | SENDER=gesture_node         TOPIC=/hri/gesture         SHA256=302e92bcdb3441312eeb6ef6f6bc6a6b48a089fae183ee89ca4e4abc52cda74b DATA={"source": "GestureModel_v1", "label": "Point", "confidence": 0.81}
2026-05-17 21:47:49,691 | SENDER=context_node         TOPIC=/hri/context         SHA256=0328fe086d7abbbd5cc66066c96aec10db560086a0f840535d8d2da0875519d9 DATA={"source": "ContextModel_v1", "environment": "Retail_Aisle", "crowding": "Medium"}
2026-05-17 21:47:49,848 | SENDER=motion_node          TOPIC=/hri/motion          SHA256=9fcfeb644c50fd711ed22cf187aae935d881415851285ff138c507952b09ffd5 DATA={"source": "MotionModel_v1", "label": "Retreating", "speed_ms": 0.8}
2026-05-17 21:47:49,926 | SENDER=emotion_node         TOPIC=/hri/emotion         SHA256=f690fd6b73297fb6b4bec0ac3bbe0b4989569ba692e87df3bb86f80ef6b6028f DATA={"source": "EmotionModel_v1", "label": "Sad", "confidence": 0.8}
2026-05-17 21:47:50,377 | SENDER=gesture_node         TOPIC=/hri/gesture         SHA256=9cef38e1acce95f0a1a6d96909f129fc840f11c10b317618806b9c900bcd3a47 DATA={"source": "GestureModel_v1", "label": "Stop", "confidence": 0.88}
2026-05-17 21:47:51,692 | SENDER=context_node         TOPIC=/hri/context         SHA256=a64fb3cfbf73edd634404a40b5c36a0c53b982ba75ff4431360d795192f7cd87 DATA={"source": "ContextModel_v1", "environment": "Hospital_Ward", "crowding": "Low"}
2026-05-17 21:47:51,848 | SENDER=motion_node          TOPIC=/hri/motion          SHA256=515e5c1e86e4d0bbed32a0b4d415c8adc8bf3e01a43b15b6536b8997c40535a1 DATA={"source": "MotionModel_v1", "label": "Stationary", "speed_ms": 0.05}
2026-05-17 21:47:51,927 | SENDER=emotion_node         TOPIC=/hri/emotion         SHA256=def82fa5f6e5b9496b7405bb5a8c75e40de3b320de1185bbb8b26788cd65e167 DATA={"source": "EmotionModel_v1", "label": "Happy", "confidence": 0.88}
2026-05-17 21:47:52,378 | SENDER=gesture_node         TOPIC=/hri/gesture         SHA256=4064b53ef72a7ef9a3f00fe9b94d1748c806e3637eb7961fd797c4b363031dfc DATA={"source": "GestureModel_v1", "label": "Beckon", "confidence": 0.85}
2026-05-17 21:47:54,682 | SENDER=context_node         TOPIC=/hri/context         SHA256=b88b3385b15277f264a4977a18a860ce4df5fa37ec2862844eecd37fad4c7813 DATA={"source": "ContextModel_v1", "environment": "Hospital_Corridor", "crowding": "High"}
2026-05-17 21:47:54,839 | SENDER=motion_node          TOPIC=/hri/motion          SHA256=7b597c1ca55c03e02b859e4b12873d7ae89bb4033245337d537ac8b5f21ae7a6 DATA={"source": "MotionModel_v1", "label": "Wandering", "speed_ms": 0.34}
2026-05-17 21:47:54,917 | SENDER=emotion_node         TOPIC=/hri/emotion         SHA256=ffef0e61838b4d3847a5d28f0d483cc64f698ed94db5218284fa7abcf27ce101 DATA={"source": "EmotionModel_v1", "label": "Neutral", "confidence": 0.8}
2026-05-17 21:47:55,368 | SENDER=gesture_node         TOPIC=/hri/gesture         SHA256=c16ad41177289a7aadc458401d2c728ab3052043b041cd26005ccbb1aff9192c DATA={"source": "GestureModel_v1", "label": "Stop", "confidence": 0.97}
2026-05-17 21:47:55,692 | SENDER=context_node         TOPIC=/hri/context         SHA256=0328fe086d7abbbd5cc66066c96aec10db560086a0f840535d8d2da0875519d9 DATA={"source": "ContextModel_v1", "environment": "Retail_Aisle", "crowding": "Medium"}
2026-05-17 21:47:55,848 | SENDER=motion_node          TOPIC=/hri/motion          SHA256=885c1d3b05b57794bd4553ada0358b04c5ba1b343bace41b3ceec742f66465c7 DATA={"source": "MotionModel_v1", "label": "Stationary", "speed_ms": 0.02}
2026-05-17 21:47:55,926 | SENDER=emotion_node         TOPIC=/hri/emotion         SHA256=106fd6dedd10a3a6624aac4bffac863c64467df79eb883bf7599f0bf3c63f2c2 DATA={"source": "EmotionModel_v1", "label": "Neutral", "confidence": 0.85}
2026-05-17 21:47:56,377 | SENDER=gesture_node         TOPIC=/hri/gesture         SHA256=f35c0c663016184390bf9610b8640506db34cf9c64b2d7768d7484190ec03aaf DATA={"source": "GestureModel_v1", "label": "Thumbs_Up", "confidence": 0.93}
2026-05-17 21:47:57,695 | SENDER=context_node         TOPIC=/hri/context         SHA256=a64fb3cfbf73edd634404a40b5c36a0c53b982ba75ff4431360d795192f7cd87 DATA={"source": "ContextModel_v1", "environment": "Hospital_Ward", "crowding": "Low"}
2026-05-17 21:47:57,848 | SENDER=motion_node          TOPIC=/hri/motion          SHA256=b249b21abc810dee8c211681892ac443482c4b811143fed0db14e874e307ad18 DATA={"source": "MotionModel_v1", "label": "Stationary", "speed_ms": 0.1}
2026-05-17 21:47:57,926 | SENDER=emotion_node         TOPIC=/hri/emotion         SHA256=e30599e6c0fab427ab771542e4b7bd161d6a35e6f7013faaccfba323cb1d8dee DATA={"source": "EmotionModel_v1", "label": "Sad", "confidence": 0.9}
2026-05-17 21:47:58,378 | SENDER=gesture_node         TOPIC=/hri/gesture         SHA256=cc89d3ef7d81d2faae7a1b2fb58c914a09205ed61388339e1234c0def6653cf2 DATA={"source": "GestureModel_v1", "label": "Cross_Arms", "confidence": 0.85}
2026-05-17 21:47:59,692 | SENDER=context_node         TOPIC=/hri/context         SHA256=b88b3385b15277f264a4977a18a860ce4df5fa37ec2862844eecd37fad4c7813 DATA={"source": "ContextModel_v1", "environment": "Hospital_Corridor", "crowding": "High"}
2026-05-17 21:47:59,848 | SENDER=motion_node          TOPIC=/hri/motion          SHA256=0a22a9e8ed96ea7a3b8c99534fa58e6447c6ca6502190ef909f33291fa511f7f DATA={"source": "MotionModel_v1", "label": "Stationary", "speed_ms": 0.03}
2026-05-17 21:47:59,926 | SENDER=emotion_node         TOPIC=/hri/emotion         SHA256=b8012b46ee585333e5073979e18a89cc65619ec7851c1d916ecb1d34f0db83d3 DATA={"source": "EmotionModel_v1", "label": "Confused", "confidence": 0.85}
2026-05-17 21:48:00,377 | SENDER=gesture_node         TOPIC=/hri/gesture         SHA256=cc89d3ef7d81d2faae7a1b2fb58c914a09205ed61388339e1234c0def6653cf2 DATA={"source": "GestureModel_v1", "label": "Cross_Arms", "confidence": 0.85}
2026-05-17 21:48:01,695 | SENDER=context_node         TOPIC=/hri/context         SHA256=0328fe086d7abbbd5cc66066c96aec10db560086a0f840535d8d2da0875519d9 DATA={"source": "ContextModel_v1", "environment": "Retail_Aisle", "crowding": "Medium"}
2026-05-17 21:48:01,850 | SENDER=motion_node          TOPIC=/hri/motion          SHA256=850a17e65c832dbef908b219561169da5f19ad9907dc7db16c1670e3b37227ae DATA={"source": "MotionModel_v1", "label": "Running", "speed_ms": 2.27}
2026-05-17 21:48:01,927 | SENDER=emotion_node         TOPIC=/hri/emotion         SHA256=f2e2284b448df588085b93775de04d8df75669b0ad8cbf575bd3bd6687926aa1 DATA={"source": "EmotionModel_v1", "label": "Sad", "confidence": 0.91}
2026-05-17 21:48:02,377 | SENDER=gesture_node         TOPIC=/hri/gesture         SHA256=a38e66de273fdf9c4bcf47f30e6a136157b9efeb105beda4246cf2cce8c37314 DATA={"source": "GestureModel_v1", "label": "Beckon", "confidence": 0.81}
2026-05-17 21:48:03,693 | SENDER=context_node         TOPIC=/hri/context         SHA256=0328fe086d7abbbd5cc66066c96aec10db560086a0f840535d8d2da0875519d9 DATA={"source": "ContextModel_v1", "environment": "Retail_Aisle", "crowding": "Medium"}
2026-05-17 21:48:03,848 | SENDER=motion_node          TOPIC=/hri/motion          SHA256=b15988864fa89f3946870829f63841c5949c2ff71ef91b1de533e6c642642b6c DATA={"source": "MotionModel_v1", "label": "Wandering", "speed_ms": 0.29}
2026-05-17 21:48:03,926 | SENDER=emotion_node         TOPIC=/hri/emotion         SHA256=c4373afd645a7006318f98e2df204e1da4ae18e2a3431ccf16cca3b9332ebafa DATA={"source": "EmotionModel_v1", "label": "Sad", "confidence": 0.77}
2026-05-17 21:48:04,377 | SENDER=gesture_node         TOPIC=/hri/gesture         SHA256=524ac5ae77246be80b1cc3514691376f3090b4e0d863b2cfb2819871a4f1bd76 DATA={"source": "GestureModel_v1", "label": "Wave", "confidence": 0.88}
2026-05-17 21:48:05,696 | SENDER=context_node         TOPIC=/hri/context         SHA256=0328fe086d7abbbd5cc66066c96aec10db560086a0f840535d8d2da0875519d9 DATA={"source": "ContextModel_v1", "environment": "Retail_Aisle", "crowding": "Medium"}
2026-05-17 21:48:05,848 | SENDER=motion_node          TOPIC=/hri/motion          SHA256=5f2c3faf92a12e17034e127d9034773933af26aa1e6da8788b91bafc6144b8cd DATA={"source": "MotionModel_v1", "label": "Approaching", "speed_ms": 1.09}
2026-05-17 21:48:05,926 | SENDER=emotion_node         TOPIC=/hri/emotion         SHA256=68d9a54c36e749733e6d72908a91e4bc96e43c189d1488e01d780c25678f9ff1 DATA={"source": "EmotionModel_v1", "label": "Sad", "confidence": 0.89}
2026-05-17 21:48:06,377 | SENDER=gesture_node         TOPIC=/hri/gesture         SHA256=f3a5e9fd5f47af06408d6a01da4f6c1cef0aabb11188d59709928a9a43a32fa8 DATA={"source": "GestureModel_v1", "label": "Wave", "confidence": 0.86}
2026-05-17 21:48:07,693 | SENDER=context_node         TOPIC=/hri/context         SHA256=a64fb3cfbf73edd634404a40b5c36a0c53b982ba75ff4431360d795192f7cd87 DATA={"source": "ContextModel_v1", "environment": "Hospital_Ward", "crowding": "Low"}
2026-05-17 21:48:07,848 | SENDER=motion_node          TOPIC=/hri/motion          SHA256=d280fa0ca7c6b19ee9ce62df418978d0055e358612ac176bc185d24a21ba61fb DATA={"source": "MotionModel_v1", "label": "Wandering", "speed_ms": 0.37}
2026-05-17 21:48:07,926 | SENDER=emotion_node         TOPIC=/hri/emotion         SHA256=2f82ecce2e3618087f7024ad42d3e0b6360e608be5d9efbca7fdef5171a408c2 DATA={"source": "EmotionModel_v1", "label": "Happy", "confidence": 0.93}
2026-05-17 21:48:08,378 | SENDER=gesture_node         TOPIC=/hri/gesture         SHA256=eeea3df0df901eb95e968cc45374dc95367eadfbdfc477222b3575958842b3f1 DATA={"source": "GestureModel_v1", "label": "Wave", "confidence": 0.91}
2026-05-17 21:48:09,691 | SENDER=context_node         TOPIC=/hri/context         SHA256=0328fe086d7abbbd5cc66066c96aec10db560086a0f840535d8d2da0875519d9 DATA={"source": "ContextModel_v1", "environment": "Retail_Aisle", "crowding": "Medium"}
2026-05-17 21:48:09,848 | SENDER=motion_node          TOPIC=/hri/motion          SHA256=03fed77cbc8167c37a5f460e25994d9f9a96c19cfc96a098296e040c04acbbce DATA={"source": "MotionModel_v1", "label": "Stationary", "speed_ms": 0.0}
2026-05-17 21:48:09,926 | SENDER=emotion_node         TOPIC=/hri/emotion         SHA256=542cb0a557d680d2be3b4f1acda147bc296a1cc1f892f397b93700b4f170d620 DATA={"source": "EmotionModel_v1", "label": "Panicked", "confidence": 0.86}
2026-05-17 21:48:10,380 | SENDER=gesture_node         TOPIC=/hri/gesture         SHA256=3ecfd8986e395125c84f18e5ae99ca501d0aeb626128e03435d34223d907b0dd DATA={"source": "GestureModel_v1", "label": "Point", "confidence": 0.91}
2026-05-17 21:48:11,691 | SENDER=context_node         TOPIC=/hri/context         SHA256=b88b3385b15277f264a4977a18a860ce4df5fa37ec2862844eecd37fad4c7813 DATA={"source": "ContextModel_v1", "environment": "Hospital_Corridor", "crowding": "High"}
2026-05-17 21:48:11,848 | SENDER=motion_node          TOPIC=/hri/motion          SHA256=80e8d3a3b553da1bbd7bb4ab0f01d5209124531e6a7fdfc7984c7dbe5eeaee53 DATA={"source": "MotionModel_v1", "label": "Retreating", "speed_ms": 0.62}
2026-05-17 21:48:11,926 | SENDER=emotion_node         TOPIC=/hri/emotion         SHA256=206f8eab2f2e7a704153e9142dbeaf03e7c21bd53326c7ea8b3f723a04077be1 DATA={"source": "EmotionModel_v1", "label": "Happy", "confidence": 0.92}
2026-05-17 21:48:12,378 | SENDER=gesture_node         TOPIC=/hri/gesture         SHA256=fe1ac882e5c284ef3f3faba2d64e2bacdf8c088b3b07eef400dfd00c66b4d12f DATA={"source": "GestureModel_v1", "label": "Thumbs_Up", "confidence": 0.83}
2026-05-17 21:48:13,691 | SENDER=context_node         TOPIC=/hri/context         SHA256=0328fe086d7abbbd5cc66066c96aec10db560086a0f840535d8d2da0875519d9 DATA={"source": "ContextModel_v1", "environment": "Retail_Aisle", "crowding": "Medium"}
2026-05-17 21:48:13,848 | SENDER=motion_node          TOPIC=/hri/motion          SHA256=0185f071c52b5e53f656a1996fda5247eb2c2d84cd003793484415addd0d654a DATA={"source": "MotionModel_v1", "label": "Stationary", "speed_ms": 0.06}
2026-05-17 21:48:13,926 | SENDER=emotion_node         TOPIC=/hri/emotion         SHA256=b7ef50907269775339990ba759422603a4410e00b2d9c828a1c34afac74406a3 DATA={"source": "EmotionModel_v1", "label": "Angry", "confidence": 0.9}
2026-05-17 21:48:14,377 | SENDER=gesture_node         TOPIC=/hri/gesture         SHA256=8d55041af963c9010b206607d7a97f99f31d424413a435267b1fe4365ad44698 DATA={"source": "GestureModel_v1", "label": "Point", "confidence": 0.89}
2026-05-17 21:48:15,691 | SENDER=context_node         TOPIC=/hri/context         SHA256=f83540b369d62d3a3626f4487a33a8fb933121643231b1e0e5d4aeab15d1aac7 DATA={"source": "ContextModel_v1", "environment": "Museum_Gallery", "crowding": "Low"}
2026-05-17 21:48:15,848 | SENDER=motion_node          TOPIC=/hri/motion          SHA256=78646fb722c65ea9dcd4e2f4da3824002563cab47c2bcf7119fae7b90d9488d8 DATA={"source": "MotionModel_v1", "label": "Approaching", "speed_ms": 0.62}
2026-05-17 21:48:15,927 | SENDER=emotion_node         TOPIC=/hri/emotion         SHA256=3b0b48fb4ebc8c671cb5891f5b5b8e6b70ad75b2152235da41e3b65f9b324e7a DATA={"source": "EmotionModel_v1", "label": "Angry", "confidence": 0.84}
2026-05-17 21:48:16,377 | SENDER=gesture_node         TOPIC=/hri/gesture         SHA256=4205621ed303fae6f5e5da63ada00cf83e4bf6ef8b07632c5feb2d0d235b3d30 DATA={"source": "GestureModel_v1", "label": "Point", "confidence": 0.88}
2026-05-17 21:48:17,691 | SENDER=context_node         TOPIC=/hri/context         SHA256=f83540b369d62d3a3626f4487a33a8fb933121643231b1e0e5d4aeab15d1aac7 DATA={"source": "ContextModel_v1", "environment": "Museum_Gallery", "crowding": "Low"}
2026-05-17 21:48:17,848 | SENDER=motion_node          TOPIC=/hri/motion          SHA256=a988176b4c627e216019e62d58771a9f25567205b553b7263e7e5d1e4595688c DATA={"source": "MotionModel_v1", "label": "Wandering", "speed_ms": 0.45}
2026-05-17 21:48:17,926 | SENDER=emotion_node         TOPIC=/hri/emotion         SHA256=542cb0a557d680d2be3b4f1acda147bc296a1cc1f892f397b93700b4f170d620 DATA={"source": "EmotionModel_v1", "label": "Panicked", "confidence": 0.86}
2026-05-17 21:48:18,377 | SENDER=gesture_node         TOPIC=/hri/gesture         SHA256=07f6a18ff66122470059036b3cc30429fda2758668b042c013231913c8770264 DATA={"source": "GestureModel_v1", "label": "Wave", "confidence": 0.96}
2026-05-17 21:48:19,691 | SENDER=context_node         TOPIC=/hri/context         SHA256=f83540b369d62d3a3626f4487a33a8fb933121643231b1e0e5d4aeab15d1aac7 DATA={"source": "ContextModel_v1", "environment": "Museum_Gallery", "crowding": "Low"}
2026-05-17 21:48:19,850 | SENDER=motion_node          TOPIC=/hri/motion          SHA256=ac53f72af672d73f1a9a7161acb010a851aa6524739c12b7635fb77c8fa24016 DATA={"source": "MotionModel_v1", "label": "Running", "speed_ms": 2.55}
2026-05-17 21:48:19,927 | SENDER=emotion_node         TOPIC=/hri/emotion         SHA256=9c3a6d92f4d460c51551e184fafb9f9f41552534d0d7adf16bddfea14a771c37 DATA={"source": "EmotionModel_v1", "label": "Sad", "confidence": 0.86}
2026-05-17 21:48:20,377 | SENDER=gesture_node         TOPIC=/hri/gesture         SHA256=07f6a18ff66122470059036b3cc30429fda2758668b042c013231913c8770264 DATA={"source": "GestureModel_v1", "label": "Wave", "confidence": 0.96}
2026-05-17 21:48:21,691 | SENDER=context_node         TOPIC=/hri/context         SHA256=4f7f3e509d2a45b70dab96481bdeba99e5dd5787b28f81fbd5e9933a5b67478b DATA={"source": "ContextModel_v1", "environment": "Hospital_Reception", "crowding": "Medium"}
2026-05-17 21:48:21,850 | SENDER=motion_node          TOPIC=/hri/motion          SHA256=a359a737c4a8f83de8a70af073b343f97c0726f835bbb4dbf1d97bf7ee31880f DATA={"source": "MotionModel_v1", "label": "Stationary", "speed_ms": 0.07}
2026-05-17 21:48:21,926 | SENDER=emotion_node         TOPIC=/hri/emotion         SHA256=4637c439325137063921fdb8b3b51f8cc7160eeb5ab0029d5632d992dfb55ca7 DATA={"source": "EmotionModel_v1", "label": "Confused", "confidence": 0.82}
2026-05-17 21:48:22,378 | SENDER=gesture_node         TOPIC=/hri/gesture         SHA256=fe1ac882e5c284ef3f3faba2d64e2bacdf8c088b3b07eef400dfd00c66b4d12f DATA={"source": "GestureModel_v1", "label": "Thumbs_Up", "confidence": 0.83}
2026-05-17 21:48:23,694 | SENDER=context_node         TOPIC=/hri/context         SHA256=f83540b369d62d3a3626f4487a33a8fb933121643231b1e0e5d4aeab15d1aac7 DATA={"source": "ContextModel_v1", "environment": "Museum_Gallery", "crowding": "Low"}
2026-05-17 21:48:23,848 | SENDER=motion_node          TOPIC=/hri/motion          SHA256=5bc2d5d070e2233c27d0ada07bd690145a2a5ba2be08bbc2b866ff0889ab2cd0 DATA={"source": "MotionModel_v1", "label": "Wandering", "speed_ms": 0.68}
2026-05-17 21:48:23,927 | SENDER=emotion_node         TOPIC=/hri/emotion         SHA256=5f56a2e6ea91db0269fb4bf51ad86c0ba9ce4b3e5985ae2e37c950e0f900a6e0 DATA={"source": "EmotionModel_v1", "label": "Neutral", "confidence": 0.92}
2026-05-17 21:48:24,378 | SENDER=gesture_node         TOPIC=/hri/gesture         SHA256=f30987f1cee32204cad751d24bfc2b1e7dc87af4b2ffeb8fc604cb011bad0815 DATA={"source": "GestureModel_v1", "label": "Thumbs_Up", "confidence": 0.89}
2026-05-17 21:48:25,692 | SENDER=context_node         TOPIC=/hri/context         SHA256=0328fe086d7abbbd5cc66066c96aec10db560086a0f840535d8d2da0875519d9 DATA={"source": "ContextModel_v1", "environment": "Retail_Aisle", "crowding": "Medium"}
2026-05-17 21:48:25,848 | SENDER=motion_node          TOPIC=/hri/motion          SHA256=f75cf3480a94e56d0c68055a03909f2e6ac3f4f28cfe7c65c0fbeca38ce6ae72 DATA={"source": "MotionModel_v1", "label": "Approaching", "speed_ms": 0.45}
2026-05-17 21:48:25,926 | SENDER=emotion_node         TOPIC=/hri/emotion         SHA256=cde2f37f342c665de86357068364314c9948bbfa70c1390226eacc6c9333742c DATA={"source": "EmotionModel_v1", "label": "Confused", "confidence": 0.92}
2026-05-17 21:48:26,377 | SENDER=gesture_node         TOPIC=/hri/gesture         SHA256=f30987f1cee32204cad751d24bfc2b1e7dc87af4b2ffeb8fc604cb011bad0815 DATA={"source": "GestureModel_v1", "label": "Thumbs_Up", "confidence": 0.89}
2026-05-17 21:48:28,939 | SENDER=context_node         TOPIC=/hri/context         SHA256=b88b3385b15277f264a4977a18a860ce4df5fa37ec2862844eecd37fad4c7813 DATA={"source": "ContextModel_v1", "environment": "Hospital_Corridor", "crowding": "High"}
2026-05-17 21:48:29,094 | SENDER=motion_node          TOPIC=/hri/motion          SHA256=a80a2e0226e1fef86cf70b63e8bccbfd143ff67832653fef49ab14c8551433b9 DATA={"source": "MotionModel_v1", "label": "Wandering", "speed_ms": 0.44}
2026-05-17 21:48:29,172 | SENDER=emotion_node         TOPIC=/hri/emotion         SHA256=d22ed276a5200c14818ffa6b93799ed65bf4bb241614118f704e38749bfd3e20 DATA={"source": "EmotionModel_v1", "label": "Confused", "confidence": 0.91}
2026-05-17 21:48:29,623 | SENDER=gesture_node         TOPIC=/hri/gesture         SHA256=e8359e0ba7fccbb3f51c88c863ceb2d581caa47f5f71b2a1aa902cf2b1a7d2f3 DATA={"source": "GestureModel_v1", "label": "Cross_Arms", "confidence": 0.81}
2026-05-17 21:48:29,691 | SENDER=context_node         TOPIC=/hri/context         SHA256=b88b3385b15277f264a4977a18a860ce4df5fa37ec2862844eecd37fad4c7813 DATA={"source": "ContextModel_v1", "environment": "Hospital_Corridor", "crowding": "High"}
2026-05-17 21:48:29,850 | SENDER=motion_node          TOPIC=/hri/motion          SHA256=a866f9d5de47505c06320df20dba7720af7e93cd9eca6936057848ea9ffb73a2 DATA={"source": "MotionModel_v1", "label": "Approaching", "speed_ms": 0.64}
2026-05-17 21:48:29,926 | SENDER=emotion_node         TOPIC=/hri/emotion         SHA256=1234be84924a9049244e5859fe0ba0054d1aa37b42680b45029c8cd0ad934b91 DATA={"source": "EmotionModel_v1", "label": "Panicked", "confidence": 0.98}
2026-05-17 21:48:30,377 | SENDER=gesture_node         TOPIC=/hri/gesture         SHA256=af86edf6ee4495d7dc4fdbaeb3805b2c35947be88da925ea476e0d15668fe167 DATA={"source": "GestureModel_v1", "label": "Cross_Arms", "confidence": 0.89}
2026-05-17 21:48:31,691 | SENDER=context_node         TOPIC=/hri/context         SHA256=b88b3385b15277f264a4977a18a860ce4df5fa37ec2862844eecd37fad4c7813 DATA={"source": "ContextModel_v1", "environment": "Hospital_Corridor", "crowding": "High"}
2026-05-17 21:48:31,849 | SENDER=motion_node          TOPIC=/hri/motion          SHA256=98a5e26cbd151261334700d1f9d30975e62ad196f05f0a0189d25fe6db9f1d1a DATA={"source": "MotionModel_v1", "label": "Running", "speed_ms": 2.25}
2026-05-17 21:48:31,926 | SENDER=emotion_node         TOPIC=/hri/emotion         SHA256=ef8388a1c703316d6759d42afc8840c8134c7ac51660cbd318c7c2f89ecfe58a DATA={"source": "EmotionModel_v1", "label": "Happy", "confidence": 0.9}
2026-05-17 21:48:32,377 | SENDER=gesture_node         TOPIC=/hri/gesture         SHA256=11e6fd7a0fe2b7cc02b1d5535340bfbce29e7a58080c7c95ca0cc6b929b3c01c DATA={"source": "GestureModel_v1", "label": "Cross_Arms", "confidence": 0.84}
2026-05-17 21:48:33,694 | SENDER=context_node         TOPIC=/hri/context         SHA256=4f7f3e509d2a45b70dab96481bdeba99e5dd5787b28f81fbd5e9933a5b67478b DATA={"source": "ContextModel_v1", "environment": "Hospital_Reception", "crowding": "Medium"}
2026-05-17 21:48:33,848 | SENDER=motion_node          TOPIC=/hri/motion          SHA256=b249b21abc810dee8c211681892ac443482c4b811143fed0db14e874e307ad18 DATA={"source": "MotionModel_v1", "label": "Stationary", "speed_ms": 0.1}
2026-05-17 21:48:33,926 | SENDER=emotion_node         TOPIC=/hri/emotion         SHA256=e30599e6c0fab427ab771542e4b7bd161d6a35e6f7013faaccfba323cb1d8dee DATA={"source": "EmotionModel_v1", "label": "Sad", "confidence": 0.9}
2026-05-17 21:48:34,377 | SENDER=gesture_node         TOPIC=/hri/gesture         SHA256=ab0c738f88aa89f042fa5de523b57602eb39ca46f6a33a9c066709723504c33b DATA={"source": "GestureModel_v1", "label": "Wave", "confidence": 0.87}
2026-05-17 21:48:35,694 | SENDER=context_node         TOPIC=/hri/context         SHA256=0328fe086d7abbbd5cc66066c96aec10db560086a0f840535d8d2da0875519d9 DATA={"source": "ContextModel_v1", "environment": "Retail_Aisle", "crowding": "Medium"}
2026-05-17 21:48:35,848 | SENDER=motion_node          TOPIC=/hri/motion          SHA256=45a309283fcf9d3796eee5e1e8bf68232cb442f18595f43f2c6bac979e8da810 DATA={"source": "MotionModel_v1", "label": "Approaching", "speed_ms": 0.46}
2026-05-17 21:48:35,926 | SENDER=emotion_node         TOPIC=/hri/emotion         SHA256=bd7df66e589fc65612ba80c9511f32ca0bd95b51c08bff4643c46f4c26640c83 DATA={"source": "EmotionModel_v1", "label": "Panicked", "confidence": 0.94}
2026-05-17 21:48:36,379 | SENDER=gesture_node         TOPIC=/hri/gesture         SHA256=9c23e07af1c553433345d5ea1db582b01f88aaa69cfaff89eaecaa4d16ef97ce DATA={"source": "GestureModel_v1", "label": "Beckon", "confidence": 0.86}
2026-05-17 21:48:37,691 | SENDER=context_node         TOPIC=/hri/context         SHA256=0328fe086d7abbbd5cc66066c96aec10db560086a0f840535d8d2da0875519d9 DATA={"source": "ContextModel_v1", "environment": "Retail_Aisle", "crowding": "Medium"}
2026-05-17 21:48:37,848 | SENDER=motion_node          TOPIC=/hri/motion          SHA256=bc50ef541a79e35af286cab455de18e8a5a2110c81b58c598a346fde8e180c9c DATA={"source": "MotionModel_v1", "label": "Running", "speed_ms": 1.99}
2026-05-17 21:48:37,926 | SENDER=emotion_node         TOPIC=/hri/emotion         SHA256=1dce560609a9d2f4938db0d258e18578b7f2146af2e9808cea373f78f52767e7 DATA={"source": "EmotionModel_v1", "label": "Angry", "confidence": 0.79}
2026-05-17 21:48:38,378 | SENDER=gesture_node         TOPIC=/hri/gesture         SHA256=35912617a819bc270057bac9ae7346d7fb8cae37d746b08ff5974cd835925696 DATA={"source": "GestureModel_v1", "label": "Point", "confidence": 0.86}
2026-05-17 21:48:39,691 | SENDER=context_node         TOPIC=/hri/context         SHA256=f83540b369d62d3a3626f4487a33a8fb933121643231b1e0e5d4aeab15d1aac7 DATA={"source": "ContextModel_v1", "environment": "Museum_Gallery", "crowding": "Low"}
2026-05-17 21:48:39,848 | SENDER=motion_node          TOPIC=/hri/motion          SHA256=885c1d3b05b57794bd4553ada0358b04c5ba1b343bace41b3ceec742f66465c7 DATA={"source": "MotionModel_v1", "label": "Stationary", "speed_ms": 0.02}
2026-05-17 21:48:39,926 | SENDER=emotion_node         TOPIC=/hri/emotion         SHA256=1234be84924a9049244e5859fe0ba0054d1aa37b42680b45029c8cd0ad934b91 DATA={"source": "EmotionModel_v1", "label": "Panicked", "confidence": 0.98}
2026-05-17 21:48:40,377 | SENDER=gesture_node         TOPIC=/hri/gesture         SHA256=be63e7660b916eb1e9541cc8d01b5d71cd4981159621a37da733f471ba243b94 DATA={"source": "GestureModel_v1", "label": "Point", "confidence": 0.85}
2026-05-17 21:48:41,692 | SENDER=context_node         TOPIC=/hri/context         SHA256=a64fb3cfbf73edd634404a40b5c36a0c53b982ba75ff4431360d795192f7cd87 DATA={"source": "ContextModel_v1", "environment": "Hospital_Ward", "crowding": "Low"}
2026-05-17 21:48:41,848 | SENDER=motion_node          TOPIC=/hri/motion          SHA256=a359a737c4a8f83de8a70af073b343f97c0726f835bbb4dbf1d97bf7ee31880f DATA={"source": "MotionModel_v1", "label": "Stationary", "speed_ms": 0.07}
2026-05-17 21:48:41,929 | SENDER=emotion_node         TOPIC=/hri/emotion         SHA256=3b0b48fb4ebc8c671cb5891f5b5b8e6b70ad75b2152235da41e3b65f9b324e7a DATA={"source": "EmotionModel_v1", "label": "Angry", "confidence": 0.84}
2026-05-17 21:48:42,378 | SENDER=gesture_node         TOPIC=/hri/gesture         SHA256=e6d3acb2c298209dd58d23c111adf470153ad7621a89d99ebf96dfaf8a2cb665 DATA={"source": "GestureModel_v1", "label": "Beckon", "confidence": 0.82}
2026-05-17 21:48:43,691 | SENDER=context_node         TOPIC=/hri/context         SHA256=f83540b369d62d3a3626f4487a33a8fb933121643231b1e0e5d4aeab15d1aac7 DATA={"source": "ContextModel_v1", "environment": "Museum_Gallery", "crowding": "Low"}
2026-05-17 21:48:43,849 | SENDER=motion_node          TOPIC=/hri/motion          SHA256=c108693a89ee8636e5a6bbf2760f0e396e93d6720fa42e8f6f49cf83a620ffc4 DATA={"source": "MotionModel_v1", "label": "Wandering", "speed_ms": 0.25}
2026-05-17 21:48:43,926 | SENDER=emotion_node         TOPIC=/hri/emotion         SHA256=5fd491b63c5e8c32a95f9626beba45596d13dba494ef814bb8a83401b8dae7b2 DATA={"source": "EmotionModel_v1", "label": "Angry", "confidence": 0.89}
2026-05-17 21:48:44,381 | SENDER=gesture_node         TOPIC=/hri/gesture         SHA256=35912617a819bc270057bac9ae7346d7fb8cae37d746b08ff5974cd835925696 DATA={"source": "GestureModel_v1", "label": "Point", "confidence": 0.86}
2026-05-17 21:48:45,691 | SENDER=context_node         TOPIC=/hri/context         SHA256=f83540b369d62d3a3626f4487a33a8fb933121643231b1e0e5d4aeab15d1aac7 DATA={"source": "ContextModel_v1", "environment": "Museum_Gallery", "crowding": "Low"}
2026-05-17 21:48:45,848 | SENDER=motion_node          TOPIC=/hri/motion          SHA256=a8068d689543b73dab661ae3592634bdb8d0d7b6ae1d202363bb6c2cd56a7298 DATA={"source": "MotionModel_v1", "label": "Approaching", "speed_ms": 0.89}
2026-05-17 21:48:45,926 | SENDER=emotion_node         TOPIC=/hri/emotion         SHA256=338e8a50a73c00172ac7f7628c783deca1c08a88523031c202a56f6b05ae0782 DATA={"source": "EmotionModel_v1", "label": "Confused", "confidence": 0.79}
2026-05-17 21:48:46,379 | SENDER=gesture_node         TOPIC=/hri/gesture         SHA256=11e6fd7a0fe2b7cc02b1d5535340bfbce29e7a58080c7c95ca0cc6b929b3c01c DATA={"source": "GestureModel_v1", "label": "Cross_Arms", "confidence": 0.84}
2026-05-17 21:48:47,691 | SENDER=context_node         TOPIC=/hri/context         SHA256=f83540b369d62d3a3626f4487a33a8fb933121643231b1e0e5d4aeab15d1aac7 DATA={"source": "ContextModel_v1", "environment": "Museum_Gallery", "crowding": "Low"}
2026-05-17 21:48:47,852 | SENDER=motion_node          TOPIC=/hri/motion          SHA256=93a766434d14af6ff52aa0d1a325682a8e7bb31fb36cc5ae5d017b85468b4556 DATA={"source": "MotionModel_v1", "label": "Retreating", "speed_ms": 0.35}
2026-05-17 21:48:47,926 | SENDER=emotion_node         TOPIC=/hri/emotion         SHA256=d4074f4824daacea312d44fe003b97ab003d1c7b4d7434f63558e3c245317f0c DATA={"source": "EmotionModel_v1", "label": "Confused", "confidence": 0.86}
2026-05-17 21:48:48,382 | SENDER=gesture_node         TOPIC=/hri/gesture         SHA256=f30987f1cee32204cad751d24bfc2b1e7dc87af4b2ffeb8fc604cb011bad0815 DATA={"source": "GestureModel_v1", "label": "Thumbs_Up", "confidence": 0.89}
2026-05-17 21:48:49,697 | SENDER=context_node         TOPIC=/hri/context         SHA256=b88b3385b15277f264a4977a18a860ce4df5fa37ec2862844eecd37fad4c7813 DATA={"source": "ContextModel_v1", "environment": "Hospital_Corridor", "crowding": "High"}
2026-05-17 21:48:49,848 | SENDER=motion_node          TOPIC=/hri/motion          SHA256=a8d1605c665da0d90c5926d0781f9a93520e3cae71baa0121d9435c357915c70 DATA={"source": "MotionModel_v1", "label": "Running", "speed_ms": 2.41}
2026-05-17 21:48:49,926 | SENDER=emotion_node         TOPIC=/hri/emotion         SHA256=a44bc912b5604b2f3a0f393ac260493be3e0e92bdbb7f67ea569ae6e7c06746e DATA={"source": "EmotionModel_v1", "label": "Angry", "confidence": 0.81}
2026-05-17 21:48:50,377 | SENDER=gesture_node         TOPIC=/hri/gesture         SHA256=757678849b1b5e94f27cae2f19e40e63b8696e8864d759874ba58f978f25fc46 DATA={"source": "GestureModel_v1", "label": "Thumbs_Up", "confidence": 0.88}
2026-05-17 21:48:51,693 | SENDER=context_node         TOPIC=/hri/context         SHA256=4f7f3e509d2a45b70dab96481bdeba99e5dd5787b28f81fbd5e9933a5b67478b DATA={"source": "ContextModel_v1", "environment": "Hospital_Reception", "crowding": "Medium"}
2026-05-17 21:48:51,851 | SENDER=motion_node          TOPIC=/hri/motion          SHA256=1475ebb6b8917ec88f4cbc11934bda041670c12013663d8207139383d227d310 DATA={"source": "MotionModel_v1", "label": "Wandering", "speed_ms": 0.46}
2026-05-17 21:48:51,926 | SENDER=emotion_node         TOPIC=/hri/emotion         SHA256=797384a622bb5f4bbeb49a7bb2981f7ffe8eaa0945eccd1184e8443488d819b3 DATA={"source": "EmotionModel_v1", "label": "Happy", "confidence": 0.97}
2026-05-17 21:48:52,381 | SENDER=gesture_node         TOPIC=/hri/gesture         SHA256=4811bf4d8ef8729831d87bd1c5fdac446b9be8533584c275d6c2378e09e8cffe DATA={"source": "GestureModel_v1", "label": "Cross_Arms", "confidence": 0.88}
2026-05-17 21:48:53,695 | SENDER=context_node         TOPIC=/hri/context         SHA256=a64fb3cfbf73edd634404a40b5c36a0c53b982ba75ff4431360d795192f7cd87 DATA={"source": "ContextModel_v1", "environment": "Hospital_Ward", "crowding": "Low"}
2026-05-17 21:48:53,848 | SENDER=motion_node          TOPIC=/hri/motion          SHA256=96a3ebc3b3cfb948cdd0dfc502343054a617d374415a95f764e97ddc04029648 DATA={"source": "MotionModel_v1", "label": "Retreating", "speed_ms": 0.49}
2026-05-17 21:48:53,928 | SENDER=emotion_node         TOPIC=/hri/emotion         SHA256=1234be84924a9049244e5859fe0ba0054d1aa37b42680b45029c8cd0ad934b91 DATA={"source": "EmotionModel_v1", "label": "Panicked", "confidence": 0.98}
2026-05-17 21:48:54,380 | SENDER=gesture_node         TOPIC=/hri/gesture         SHA256=ab0c738f88aa89f042fa5de523b57602eb39ca46f6a33a9c066709723504c33b DATA={"source": "GestureModel_v1", "label": "Wave", "confidence": 0.87}
2026-05-17 21:48:55,694 | SENDER=context_node         TOPIC=/hri/context         SHA256=0328fe086d7abbbd5cc66066c96aec10db560086a0f840535d8d2da0875519d9 DATA={"source": "ContextModel_v1", "environment": "Retail_Aisle", "crowding": "Medium"}
2026-05-17 21:48:55,849 | SENDER=motion_node          TOPIC=/hri/motion          SHA256=62c8edaa7d9b39abc9cb1cfbde3ba1c40308ad40a68534655e937866dfcf2593 DATA={"source": "MotionModel_v1", "label": "Retreating", "speed_ms": 0.65}
2026-05-17 21:48:55,926 | SENDER=emotion_node         TOPIC=/hri/emotion         SHA256=f2084d172f0a61d589af23a490cc7f24a8e4c61bdadda5d13175df941e1c60e2 DATA={"source": "EmotionModel_v1", "label": "Neutral", "confidence": 0.91}
2026-05-17 21:48:56,381 | SENDER=gesture_node         TOPIC=/hri/gesture         SHA256=e60eaeb1fec23e63aa0078e10ac88c33178f8ee33395fe631388fa2198ba878e DATA={"source": "GestureModel_v1", "label": "Cross_Arms", "confidence": 0.83}
2026-05-17 21:48:57,691 | SENDER=context_node         TOPIC=/hri/context         SHA256=0328fe086d7abbbd5cc66066c96aec10db560086a0f840535d8d2da0875519d9 DATA={"source": "ContextModel_v1", "environment": "Retail_Aisle", "crowding": "Medium"}
2026-05-17 21:48:57,850 | SENDER=motion_node          TOPIC=/hri/motion          SHA256=cd75153566d422e17d8d18429df97d0f3c5f972d9c6dca29accb0d4137f18239 DATA={"source": "MotionModel_v1", "label": "Stationary", "speed_ms": 0.01}
2026-05-17 21:48:57,926 | SENDER=emotion_node         TOPIC=/hri/emotion         SHA256=2a015f6639b60b948d636ecafda16b2a6c68bdd68bd8f48c96f231733e44a09f DATA={"source": "EmotionModel_v1", "label": "Neutral", "confidence": 0.88}
2026-05-17 21:48:58,381 | SENDER=gesture_node         TOPIC=/hri/gesture         SHA256=524ac5ae77246be80b1cc3514691376f3090b4e0d863b2cfb2819871a4f1bd76 DATA={"source": "GestureModel_v1", "label": "Wave", "confidence": 0.88}
2026-05-17 21:48:59,691 | SENDER=context_node         TOPIC=/hri/context         SHA256=0328fe086d7abbbd5cc66066c96aec10db560086a0f840535d8d2da0875519d9 DATA={"source": "ContextModel_v1", "environment": "Retail_Aisle", "crowding": "Medium"}
2026-05-17 21:48:59,848 | SENDER=motion_node          TOPIC=/hri/motion          SHA256=b249b21abc810dee8c211681892ac443482c4b811143fed0db14e874e307ad18 DATA={"source": "MotionModel_v1", "label": "Stationary", "speed_ms": 0.1}
2026-05-17 21:48:59,927 | SENDER=emotion_node         TOPIC=/hri/emotion         SHA256=21b8d3facfd69e37dd7c79e05619c7e3cab414c0b9e7dd6bf6f2f8eaba7eed36 DATA={"source": "EmotionModel_v1", "label": "Happy", "confidence": 0.91}
2026-05-17 21:49:01,573 | SENDER=gesture_node         TOPIC=/hri/gesture         SHA256=641c3dda621dae518afaa84bb122e0fd38aaa475d79f4f2f95a3237156141a42 DATA={"source": "GestureModel_v1", "label": "Cross_Arms", "confidence": 0.82}
2026-05-17 21:49:02,379 | SENDER=gesture_node         TOPIC=/hri/gesture         SHA256=0d4b16c73e3ed1114603730b82027a1fcd65990f149401bbf927fd2589b1ca25 DATA={"source": "GestureModel_v1", "label": "Thumbs_Up", "confidence": 0.85}
2026-05-17 21:49:02,884 | SENDER=context_node         TOPIC=/hri/context         SHA256=f83540b369d62d3a3626f4487a33a8fb933121643231b1e0e5d4aeab15d1aac7 DATA={"source": "ContextModel_v1", "environment": "Museum_Gallery", "crowding": "Low"}
2026-05-17 21:49:03,040 | SENDER=motion_node          TOPIC=/hri/motion          SHA256=d377b6ee95a0cb866267fa02bdfcd725203e824f23bf7515b29612fdc7a6bfff DATA={"source": "MotionModel_v1", "label": "Approaching", "speed_ms": 0.68}
2026-05-17 21:49:03,118 | SENDER=emotion_node         TOPIC=/hri/emotion         SHA256=00859525ba0aa4fdb878ae87e001ac6dfb6c25c36af6d042ac530c69cb99ef29 DATA={"source": "EmotionModel_v1", "label": "Sad", "confidence": 0.88}
2026-05-17 21:49:03,691 | SENDER=context_node         TOPIC=/hri/context         SHA256=f83540b369d62d3a3626f4487a33a8fb933121643231b1e0e5d4aeab15d1aac7 DATA={"source": "ContextModel_v1", "environment": "Museum_Gallery", "crowding": "Low"}
2026-05-17 21:49:03,851 | SENDER=motion_node          TOPIC=/hri/motion          SHA256=db0b06a27c98129441f620ca6f0027d750e04f02df0f955d887f110fae0e24dc DATA={"source": "MotionModel_v1", "label": "Wandering", "speed_ms": 0.66}
2026-05-17 21:49:03,926 | SENDER=emotion_node         TOPIC=/hri/emotion         SHA256=29d84c84411ab175865edb4e0e16a4a4e6ee6eedd5cbec349b55dd55428e4b47 DATA={"source": "EmotionModel_v1", "label": "Confused", "confidence": 0.8}
2026-05-17 21:49:04,381 | SENDER=gesture_node         TOPIC=/hri/gesture         SHA256=85eaa2be1b394fcce896c2957809ef37b7f0a76b6dfae67bec49934bbb9fde66 DATA={"source": "GestureModel_v1", "label": "Point", "confidence": 0.94}
2026-05-17 21:49:05,694 | SENDER=context_node         TOPIC=/hri/context         SHA256=0328fe086d7abbbd5cc66066c96aec10db560086a0f840535d8d2da0875519d9 DATA={"source": "ContextModel_v1", "environment": "Retail_Aisle", "crowding": "Medium"}
2026-05-17 21:49:05,848 | SENDER=motion_node          TOPIC=/hri/motion          SHA256=d9c8c91ef0369a3a74878f5bedc3cfd165a8178997ba7a74e32eb328a11d38a6 DATA={"source": "MotionModel_v1", "label": "Running", "speed_ms": 3.22}
2026-05-17 21:49:05,926 | SENDER=emotion_node         TOPIC=/hri/emotion         SHA256=def82fa5f6e5b9496b7405bb5a8c75e40de3b320de1185bbb8b26788cd65e167 DATA={"source": "EmotionModel_v1", "label": "Happy", "confidence": 0.88}
2026-05-17 21:49:06,379 | SENDER=gesture_node         TOPIC=/hri/gesture         SHA256=58973deffa59167d658d90c2cc450855c6c6d02a30bf6c0386bf922b1cadcd2e DATA={"source": "GestureModel_v1", "label": "Stop", "confidence": 0.95}
2026-05-17 21:49:07,693 | SENDER=context_node         TOPIC=/hri/context         SHA256=0328fe086d7abbbd5cc66066c96aec10db560086a0f840535d8d2da0875519d9 DATA={"source": "ContextModel_v1", "environment": "Retail_Aisle", "crowding": "Medium"}
2026-05-17 21:49:07,848 | SENDER=motion_node          TOPIC=/hri/motion          SHA256=daf017d39eab5eeeba168071168e0498376fe9fe8183efcba993e1761ca3bd76 DATA={"source": "MotionModel_v1", "label": "Retreating", "speed_ms": 0.53}
2026-05-17 21:49:07,926 | SENDER=emotion_node         TOPIC=/hri/emotion         SHA256=29d84c84411ab175865edb4e0e16a4a4e6ee6eedd5cbec349b55dd55428e4b47 DATA={"source": "EmotionModel_v1", "label": "Confused", "confidence": 0.8}
2026-05-17 21:49:08,380 | SENDER=gesture_node         TOPIC=/hri/gesture         SHA256=65c18f592191716bd4713ca0311a437ad474800ebd3506cfd207376f6807f6ba DATA={"source": "GestureModel_v1", "label": "Thumbs_Up", "confidence": 0.87}
2026-05-17 21:49:09,692 | SENDER=context_node         TOPIC=/hri/context         SHA256=b88b3385b15277f264a4977a18a860ce4df5fa37ec2862844eecd37fad4c7813 DATA={"source": "ContextModel_v1", "environment": "Hospital_Corridor", "crowding": "High"}
2026-05-17 21:49:09,848 | SENDER=motion_node          TOPIC=/hri/motion          SHA256=cd75153566d422e17d8d18429df97d0f3c5f972d9c6dca29accb0d4137f18239 DATA={"source": "MotionModel_v1", "label": "Stationary", "speed_ms": 0.01}
2026-05-17 21:49:09,926 | SENDER=emotion_node         TOPIC=/hri/emotion         SHA256=f2084d172f0a61d589af23a490cc7f24a8e4c61bdadda5d13175df941e1c60e2 DATA={"source": "EmotionModel_v1", "label": "Neutral", "confidence": 0.91}
2026-05-17 21:49:10,381 | SENDER=gesture_node         TOPIC=/hri/gesture         SHA256=11e6fd7a0fe2b7cc02b1d5535340bfbce29e7a58080c7c95ca0cc6b929b3c01c DATA={"source": "GestureModel_v1", "label": "Cross_Arms", "confidence": 0.84}
2026-05-17 21:49:11,694 | SENDER=context_node         TOPIC=/hri/context         SHA256=b88b3385b15277f264a4977a18a860ce4df5fa37ec2862844eecd37fad4c7813 DATA={"source": "ContextModel_v1", "environment": "Hospital_Corridor", "crowding": "High"}
2026-05-17 21:49:11,855 | SENDER=motion_node          TOPIC=/hri/motion          SHA256=d020d77cb93545edce991b64cfd0059ff68b8d2258f1d3b7f88c882de24443c6 DATA={"source": "MotionModel_v1", "label": "Approaching", "speed_ms": 0.47}
2026-05-17 21:49:11,931 | SENDER=emotion_node         TOPIC=/hri/emotion         SHA256=01697a80c45797717cd5f5e2d430ab119f847c2f85367f5bd9efbdd1017835e4 DATA={"source": "EmotionModel_v1", "label": "Angry", "confidence": 0.86}
2026-05-17 21:49:12,382 | SENDER=gesture_node         TOPIC=/hri/gesture         SHA256=4205621ed303fae6f5e5da63ada00cf83e4bf6ef8b07632c5feb2d0d235b3d30 DATA={"source": "GestureModel_v1", "label": "Point", "confidence": 0.88}
2026-05-17 21:49:13,696 | SENDER=context_node         TOPIC=/hri/context         SHA256=4f7f3e509d2a45b70dab96481bdeba99e5dd5787b28f81fbd5e9933a5b67478b DATA={"source": "ContextModel_v1", "environment": "Hospital_Reception", "crowding": "Medium"}
2026-05-17 21:49:13,848 | SENDER=motion_node          TOPIC=/hri/motion          SHA256=cdd7222c3d59bb4c582d47a56b83596a62f587f6522eeaa528eae81fa670c292 DATA={"source": "MotionModel_v1", "label": "Approaching", "speed_ms": 0.96}
2026-05-17 21:49:13,926 | SENDER=emotion_node         TOPIC=/hri/emotion         SHA256=cde2f37f342c665de86357068364314c9948bbfa70c1390226eacc6c9333742c DATA={"source": "EmotionModel_v1", "label": "Confused", "confidence": 0.92}
2026-05-17 21:49:14,380 | SENDER=gesture_node         TOPIC=/hri/gesture         SHA256=1bada581df882fed06f7aeae1b239a39313c8b114cc4a7970007d0c88593a117 DATA={"source": "GestureModel_v1", "label": "Stop", "confidence": 0.89}
2026-05-17 21:49:15,695 | SENDER=context_node         TOPIC=/hri/context         SHA256=4f7f3e509d2a45b70dab96481bdeba99e5dd5787b28f81fbd5e9933a5b67478b DATA={"source": "ContextModel_v1", "environment": "Hospital_Reception", "crowding": "Medium"}
2026-05-17 21:49:15,848 | SENDER=motion_node          TOPIC=/hri/motion          SHA256=f5fefb65c76d3b8a4837166c6ad5cb7cd013c3aeb52d0bce46e18f72f3872fff DATA={"source": "MotionModel_v1", "label": "Running", "speed_ms": 2.59}
2026-05-17 21:49:15,927 | SENDER=emotion_node         TOPIC=/hri/emotion         SHA256=e30599e6c0fab427ab771542e4b7bd161d6a35e6f7013faaccfba323cb1d8dee DATA={"source": "EmotionModel_v1", "label": "Sad", "confidence": 0.9}
2026-05-17 21:49:16,378 | SENDER=gesture_node         TOPIC=/hri/gesture         SHA256=1c26f0b6d9044fdafa1762a023dd598d667da44f5a8a353920b5a5dd5ffb649e DATA={"source": "GestureModel_v1", "label": "Beckon", "confidence": 0.89}
2026-05-17 21:49:17,691 | SENDER=context_node         TOPIC=/hri/context         SHA256=b88b3385b15277f264a4977a18a860ce4df5fa37ec2862844eecd37fad4c7813 DATA={"source": "ContextModel_v1", "environment": "Hospital_Corridor", "crowding": "High"}
2026-05-17 21:49:17,849 | SENDER=motion_node          TOPIC=/hri/motion          SHA256=0ce1bac412be1ad42c08591cd9791b1e20648cf0f93d315dc5fc1d17a2951407 DATA={"source": "MotionModel_v1", "label": "Wandering", "speed_ms": 0.52}
2026-05-17 21:49:17,926 | SENDER=emotion_node         TOPIC=/hri/emotion         SHA256=797384a622bb5f4bbeb49a7bb2981f7ffe8eaa0945eccd1184e8443488d819b3 DATA={"source": "EmotionModel_v1", "label": "Happy", "confidence": 0.97}
2026-05-17 21:49:18,380 | SENDER=gesture_node         TOPIC=/hri/gesture         SHA256=65c18f592191716bd4713ca0311a437ad474800ebd3506cfd207376f6807f6ba DATA={"source": "GestureModel_v1", "label": "Thumbs_Up", "confidence": 0.87}
2026-05-17 21:49:19,694 | SENDER=context_node         TOPIC=/hri/context         SHA256=4f7f3e509d2a45b70dab96481bdeba99e5dd5787b28f81fbd5e9933a5b67478b DATA={"source": "ContextModel_v1", "environment": "Hospital_Reception", "crowding": "Medium"}
2026-05-17 21:49:19,848 | SENDER=motion_node          TOPIC=/hri/motion          SHA256=c8cf24993f4a98a7db0c7e951e795af5a136b42758620fdf37374a275407715c DATA={"source": "MotionModel_v1", "label": "Approaching", "speed_ms": 0.54}
2026-05-17 21:49:19,926 | SENDER=emotion_node         TOPIC=/hri/emotion         SHA256=d4074f4824daacea312d44fe003b97ab003d1c7b4d7434f63558e3c245317f0c DATA={"source": "EmotionModel_v1", "label": "Confused", "confidence": 0.86}
2026-05-17 21:49:20,380 | SENDER=gesture_node         TOPIC=/hri/gesture         SHA256=58fc96a63f43bf5ce2f18d1ef46c6c39612305ca9fffd5d627feb24785ed2036 DATA={"source": "GestureModel_v1", "label": "Thumbs_Up", "confidence": 0.95}
2026-05-17 21:49:21,691 | SENDER=context_node         TOPIC=/hri/context         SHA256=f83540b369d62d3a3626f4487a33a8fb933121643231b1e0e5d4aeab15d1aac7 DATA={"source": "ContextModel_v1", "environment": "Museum_Gallery", "crowding": "Low"}
2026-05-17 21:49:21,849 | SENDER=motion_node          TOPIC=/hri/motion          SHA256=ce95a571f07e8d71dd543db9e40e06e8ec61c51b4a970593c98dea09674b270d DATA={"source": "MotionModel_v1", "label": "Approaching", "speed_ms": 0.65}
2026-05-17 21:49:21,926 | SENDER=emotion_node         TOPIC=/hri/emotion         SHA256=1234be84924a9049244e5859fe0ba0054d1aa37b42680b45029c8cd0ad934b91 DATA={"source": "EmotionModel_v1", "label": "Panicked", "confidence": 0.98}
2026-05-17 21:49:22,381 | SENDER=gesture_node         TOPIC=/hri/gesture         SHA256=11e6fd7a0fe2b7cc02b1d5535340bfbce29e7a58080c7c95ca0cc6b929b3c01c DATA={"source": "GestureModel_v1", "label": "Cross_Arms", "confidence": 0.84}
2026-05-17 21:49:23,694 | SENDER=context_node         TOPIC=/hri/context         SHA256=0328fe086d7abbbd5cc66066c96aec10db560086a0f840535d8d2da0875519d9 DATA={"source": "ContextModel_v1", "environment": "Retail_Aisle", "crowding": "Medium"}
2026-05-17 21:49:23,848 | SENDER=motion_node          TOPIC=/hri/motion          SHA256=a0cc56fc6f1946fc468104a45a04fcdb630c7cc55e786ec28e365ba88e428bd0 DATA={"source": "MotionModel_v1", "label": "Running", "speed_ms": 3.28}
2026-05-17 21:49:23,926 | SENDER=emotion_node         TOPIC=/hri/emotion         SHA256=7411f2bf2664640c499aa8f823ef5d77c4d8d0b64db1abf118cde27ec93bd07e DATA={"source": "EmotionModel_v1", "label": "Angry", "confidence": 0.82}
2026-05-17 21:49:24,380 | SENDER=gesture_node         TOPIC=/hri/gesture         SHA256=1c26f0b6d9044fdafa1762a023dd598d667da44f5a8a353920b5a5dd5ffb649e DATA={"source": "GestureModel_v1", "label": "Beckon", "confidence": 0.89}
2026-05-17 21:49:25,691 | SENDER=context_node         TOPIC=/hri/context         SHA256=0328fe086d7abbbd5cc66066c96aec10db560086a0f840535d8d2da0875519d9 DATA={"source": "ContextModel_v1", "environment": "Retail_Aisle", "crowding": "Medium"}
2026-05-17 21:49:25,850 | SENDER=motion_node          TOPIC=/hri/motion          SHA256=921a393ee81d155a079b4293a8d8d8752b2fe78814ac886c848870a8381cdba4 DATA={"source": "MotionModel_v1", "label": "Approaching", "speed_ms": 0.76}
2026-05-17 21:49:25,926 | SENDER=emotion_node         TOPIC=/hri/emotion         SHA256=b1b6ae86a9609b1d32e1fc2ad5ce71c410e80d992a52d3150327ed2c5a13d5d0 DATA={"source": "EmotionModel_v1", "label": "Happy", "confidence": 0.96}
2026-05-17 21:49:26,378 | SENDER=gesture_node         TOPIC=/hri/gesture         SHA256=1bada581df882fed06f7aeae1b239a39313c8b114cc4a7970007d0c88593a117 DATA={"source": "GestureModel_v1", "label": "Stop", "confidence": 0.89}
2026-05-17 21:49:27,694 | SENDER=context_node         TOPIC=/hri/context         SHA256=0328fe086d7abbbd5cc66066c96aec10db560086a0f840535d8d2da0875519d9 DATA={"source": "ContextModel_v1", "environment": "Retail_Aisle", "crowding": "Medium"}
2026-05-17 21:49:27,848 | SENDER=motion_node          TOPIC=/hri/motion          SHA256=de35e8fc45278d0d1663fff6b3d6885c7acfd727af1aab9b7b04a97b170cfeef DATA={"source": "MotionModel_v1", "label": "Wandering", "speed_ms": 0.53}
2026-05-17 21:49:27,926 | SENDER=emotion_node         TOPIC=/hri/emotion         SHA256=58f2a9c7827b5c84aab43cc7d2ed27bba5eac2d03fb0f135bf0f54e21702bf89 DATA={"source": "EmotionModel_v1", "label": "Angry", "confidence": 0.92}
2026-05-17 21:49:28,378 | SENDER=gesture_node         TOPIC=/hri/gesture         SHA256=eea59434a52107b7a82b1ad0c516a773c44b3917b2c46bbfdcb491c4f7882295 DATA={"source": "GestureModel_v1", "label": "Stop", "confidence": 0.98}
2026-05-17 21:49:29,694 | SENDER=context_node         TOPIC=/hri/context         SHA256=f83540b369d62d3a3626f4487a33a8fb933121643231b1e0e5d4aeab15d1aac7 DATA={"source": "ContextModel_v1", "environment": "Museum_Gallery", "crowding": "Low"}
2026-05-17 21:49:29,848 | SENDER=motion_node          TOPIC=/hri/motion          SHA256=a367a901eea94efe4488dd81d4103762b49b3314da80c9bad5c70f490cc5af80 DATA={"source": "MotionModel_v1", "label": "Wandering", "speed_ms": 0.69}
2026-05-17 21:49:29,926 | SENDER=emotion_node         TOPIC=/hri/emotion         SHA256=8f503dbb8027f39ba6403de6fe2b4dc73543f7d0a9ebbdf00fbc6ef50c8d76ba DATA={"source": "EmotionModel_v1", "label": "Neutral", "confidence": 0.89}
2026-05-17 21:49:30,381 | SENDER=gesture_node         TOPIC=/hri/gesture         SHA256=9c23e07af1c553433345d5ea1db582b01f88aaa69cfaff89eaecaa4d16ef97ce DATA={"source": "GestureModel_v1", "label": "Beckon", "confidence": 0.86}
2026-05-17 21:49:31,694 | SENDER=context_node         TOPIC=/hri/context         SHA256=0328fe086d7abbbd5cc66066c96aec10db560086a0f840535d8d2da0875519d9 DATA={"source": "ContextModel_v1", "environment": "Retail_Aisle", "crowding": "Medium"}
2026-05-17 21:49:31,848 | SENDER=motion_node          TOPIC=/hri/motion          SHA256=e6345ff6c2a32b16ed01c825d0288734bb1c52f47720ac95d189816bf8ca376c DATA={"source": "MotionModel_v1", "label": "Wandering", "speed_ms": 0.21}
2026-05-17 21:49:31,927 | SENDER=emotion_node         TOPIC=/hri/emotion         SHA256=c97beabb29a7d067f58838c84617319171a090079c72d75459bf3126e73a0b29 DATA={"source": "EmotionModel_v1", "label": "Panicked", "confidence": 0.92}
2026-05-17 21:49:32,378 | SENDER=gesture_node         TOPIC=/hri/gesture         SHA256=5b48d474e5c719d0060512121537934ef68d74571173327fae0285e65aba623b DATA={"source": "GestureModel_v1", "label": "Beckon", "confidence": 0.88}
2026-05-17 21:49:34,904 | SENDER=context_node         TOPIC=/hri/context         SHA256=0328fe086d7abbbd5cc66066c96aec10db560086a0f840535d8d2da0875519d9 DATA={"source": "ContextModel_v1", "environment": "Retail_Aisle", "crowding": "Medium"}
2026-05-17 21:49:35,058 | SENDER=motion_node          TOPIC=/hri/motion          SHA256=885c1d3b05b57794bd4553ada0358b04c5ba1b343bace41b3ceec742f66465c7 DATA={"source": "MotionModel_v1", "label": "Stationary", "speed_ms": 0.02}
2026-05-17 21:49:35,136 | SENDER=emotion_node         TOPIC=/hri/emotion         SHA256=fadaa5f34aa75e68c53a9c4886c1b7c4ea635e21a6aecdbd53099b9c8f9a2646 DATA={"source": "EmotionModel_v1", "label": "Sad", "confidence": 0.84}
2026-05-17 21:49:35,590 | SENDER=gesture_node         TOPIC=/hri/gesture         SHA256=65c18f592191716bd4713ca0311a437ad474800ebd3506cfd207376f6807f6ba DATA={"source": "GestureModel_v1", "label": "Thumbs_Up", "confidence": 0.87}
2026-05-17 21:49:35,691 | SENDER=context_node         TOPIC=/hri/context         SHA256=b88b3385b15277f264a4977a18a860ce4df5fa37ec2862844eecd37fad4c7813 DATA={"source": "ContextModel_v1", "environment": "Hospital_Corridor", "crowding": "High"}
2026-05-17 21:49:35,851 | SENDER=motion_node          TOPIC=/hri/motion          SHA256=6e490c6a16d3f1d99de7d856da3ee6b61c6eda182db7e2f71275051cb75eeb5d DATA={"source": "MotionModel_v1", "label": "Running", "speed_ms": 3.24}
2026-05-17 21:49:35,927 | SENDER=emotion_node         TOPIC=/hri/emotion         SHA256=23f75cf2aa24df9c9db98112d1e711fb666ec845a4e79c5b61b52919f053e180 DATA={"source": "EmotionModel_v1", "label": "Happy", "confidence": 0.95}
2026-05-17 21:49:36,381 | SENDER=gesture_node         TOPIC=/hri/gesture         SHA256=302e92bcdb3441312eeb6ef6f6bc6a6b48a089fae183ee89ca4e4abc52cda74b DATA={"source": "GestureModel_v1", "label": "Point", "confidence": 0.81}
2026-05-17 21:49:37,693 | SENDER=context_node         TOPIC=/hri/context         SHA256=f83540b369d62d3a3626f4487a33a8fb933121643231b1e0e5d4aeab15d1aac7 DATA={"source": "ContextModel_v1", "environment": "Museum_Gallery", "crowding": "Low"}
2026-05-17 21:49:37,848 | SENDER=motion_node          TOPIC=/hri/motion          SHA256=97170d109232a88a30de1d2ab3fa70e8672d6776f69657c41107c2fa1e4f534a DATA={"source": "MotionModel_v1", "label": "Approaching", "speed_ms": 1.16}
2026-05-17 21:49:37,926 | SENDER=emotion_node         TOPIC=/hri/emotion         SHA256=c4373afd645a7006318f98e2df204e1da4ae18e2a3431ccf16cca3b9332ebafa DATA={"source": "EmotionModel_v1", "label": "Sad", "confidence": 0.77}
2026-05-17 21:49:38,378 | SENDER=gesture_node         TOPIC=/hri/gesture         SHA256=ab0c738f88aa89f042fa5de523b57602eb39ca46f6a33a9c066709723504c33b DATA={"source": "GestureModel_v1", "label": "Wave", "confidence": 0.87}
2026-05-17 21:49:39,694 | SENDER=context_node         TOPIC=/hri/context         SHA256=f83540b369d62d3a3626f4487a33a8fb933121643231b1e0e5d4aeab15d1aac7 DATA={"source": "ContextModel_v1", "environment": "Museum_Gallery", "crowding": "Low"}
2026-05-17 21:49:39,848 | SENDER=motion_node          TOPIC=/hri/motion          SHA256=2f86b70f9115f538e632ef47af54b54ab21cce9401fac62bb4b60727eda1bb5c DATA={"source": "MotionModel_v1", "label": "Stationary", "speed_ms": 0.04}
2026-05-17 21:49:39,926 | SENDER=emotion_node         TOPIC=/hri/emotion         SHA256=01697a80c45797717cd5f5e2d430ab119f847c2f85367f5bd9efbdd1017835e4 DATA={"source": "EmotionModel_v1", "label": "Angry", "confidence": 0.86}
2026-05-17 21:49:40,381 | SENDER=gesture_node         TOPIC=/hri/gesture         SHA256=83fc75fa76f2cce7dc0b791ca84959c902921d73bbc09d8951797b122897cec6 DATA={"source": "GestureModel_v1", "label": "Cross_Arms", "confidence": 0.8}
2026-05-17 21:49:41,691 | SENDER=context_node         TOPIC=/hri/context         SHA256=4f7f3e509d2a45b70dab96481bdeba99e5dd5787b28f81fbd5e9933a5b67478b DATA={"source": "ContextModel_v1", "environment": "Hospital_Reception", "crowding": "Medium"}
2026-05-17 21:49:41,852 | SENDER=motion_node          TOPIC=/hri/motion          SHA256=885c1d3b05b57794bd4553ada0358b04c5ba1b343bace41b3ceec742f66465c7 DATA={"source": "MotionModel_v1", "label": "Stationary", "speed_ms": 0.02}
2026-05-17 21:49:41,927 | SENDER=emotion_node         TOPIC=/hri/emotion         SHA256=c4373afd645a7006318f98e2df204e1da4ae18e2a3431ccf16cca3b9332ebafa DATA={"source": "EmotionModel_v1", "label": "Sad", "confidence": 0.77}
2026-05-17 21:49:42,382 | SENDER=gesture_node         TOPIC=/hri/gesture         SHA256=65c18f592191716bd4713ca0311a437ad474800ebd3506cfd207376f6807f6ba DATA={"source": "GestureModel_v1", "label": "Thumbs_Up", "confidence": 0.87}
2026-05-17 21:49:43,694 | SENDER=context_node         TOPIC=/hri/context         SHA256=f83540b369d62d3a3626f4487a33a8fb933121643231b1e0e5d4aeab15d1aac7 DATA={"source": "ContextModel_v1", "environment": "Museum_Gallery", "crowding": "Low"}
2026-05-17 21:49:43,848 | SENDER=motion_node          TOPIC=/hri/motion          SHA256=1ecb173ba0e067e96549f5acfb86d9810d38e45404603dad22c04f9f518932c8 DATA={"source": "MotionModel_v1", "label": "Wandering", "speed_ms": 0.48}
2026-05-17 21:49:43,926 | SENDER=emotion_node         TOPIC=/hri/emotion         SHA256=f4c552f3ac53f1a66424151ab0b59a5d807cfabed51c03e0c2dbd11cdd879540 DATA={"source": "EmotionModel_v1", "label": "Panicked", "confidence": 0.91}
2026-05-17 21:49:44,380 | SENDER=gesture_node         TOPIC=/hri/gesture         SHA256=11e6fd7a0fe2b7cc02b1d5535340bfbce29e7a58080c7c95ca0cc6b929b3c01c DATA={"source": "GestureModel_v1", "label": "Cross_Arms", "confidence": 0.84}
2026-05-17 21:49:45,695 | SENDER=context_node         TOPIC=/hri/context         SHA256=0328fe086d7abbbd5cc66066c96aec10db560086a0f840535d8d2da0875519d9 DATA={"source": "ContextModel_v1", "environment": "Retail_Aisle", "crowding": "Medium"}
2026-05-17 21:49:45,848 | SENDER=motion_node          TOPIC=/hri/motion          SHA256=0a22a9e8ed96ea7a3b8c99534fa58e6447c6ca6502190ef909f33291fa511f7f DATA={"source": "MotionModel_v1", "label": "Stationary", "speed_ms": 0.03}
2026-05-17 21:49:45,926 | SENDER=emotion_node         TOPIC=/hri/emotion         SHA256=e5cbca8c59c069739e9cdc18ad3ffc7e3ef023c941433dc28c7a7f42eb3facd0 DATA={"source": "EmotionModel_v1", "label": "Confused", "confidence": 0.83}
2026-05-17 21:49:46,381 | SENDER=gesture_node         TOPIC=/hri/gesture         SHA256=58fc96a63f43bf5ce2f18d1ef46c6c39612305ca9fffd5d627feb24785ed2036 DATA={"source": "GestureModel_v1", "label": "Thumbs_Up", "confidence": 0.95}
2026-05-17 21:49:47,696 | SENDER=context_node         TOPIC=/hri/context         SHA256=a64fb3cfbf73edd634404a40b5c36a0c53b982ba75ff4431360d795192f7cd87 DATA={"source": "ContextModel_v1", "environment": "Hospital_Ward", "crowding": "Low"}
2026-05-17 21:49:47,849 | SENDER=motion_node          TOPIC=/hri/motion          SHA256=12c59bad63a9e0a237d8cd5b0c4d63b06ccf55062d92339d6ba4381723e5162b DATA={"source": "MotionModel_v1", "label": "Retreating", "speed_ms": 0.38}
2026-05-17 21:49:47,927 | SENDER=emotion_node         TOPIC=/hri/emotion         SHA256=542cb0a557d680d2be3b4f1acda147bc296a1cc1f892f397b93700b4f170d620 DATA={"source": "EmotionModel_v1", "label": "Panicked", "confidence": 0.86}
2026-05-17 21:49:48,381 | SENDER=gesture_node         TOPIC=/hri/gesture         SHA256=a38e66de273fdf9c4bcf47f30e6a136157b9efeb105beda4246cf2cce8c37314 DATA={"source": "GestureModel_v1", "label": "Beckon", "confidence": 0.81}
2026-05-17 21:49:49,694 | SENDER=context_node         TOPIC=/hri/context         SHA256=a64fb3cfbf73edd634404a40b5c36a0c53b982ba75ff4431360d795192f7cd87 DATA={"source": "ContextModel_v1", "environment": "Hospital_Ward", "crowding": "Low"}
2026-05-17 21:49:49,848 | SENDER=motion_node          TOPIC=/hri/motion          SHA256=0ce1bac412be1ad42c08591cd9791b1e20648cf0f93d315dc5fc1d17a2951407 DATA={"source": "MotionModel_v1", "label": "Wandering", "speed_ms": 0.52}
2026-05-17 21:49:49,928 | SENDER=emotion_node         TOPIC=/hri/emotion         SHA256=ef8388a1c703316d6759d42afc8840c8134c7ac51660cbd318c7c2f89ecfe58a DATA={"source": "EmotionModel_v1", "label": "Happy", "confidence": 0.9}
2026-05-17 21:49:50,377 | SENDER=gesture_node         TOPIC=/hri/gesture         SHA256=302e92bcdb3441312eeb6ef6f6bc6a6b48a089fae183ee89ca4e4abc52cda74b DATA={"source": "GestureModel_v1", "label": "Point", "confidence": 0.81}
2026-05-17 21:49:51,695 | SENDER=context_node         TOPIC=/hri/context         SHA256=b88b3385b15277f264a4977a18a860ce4df5fa37ec2862844eecd37fad4c7813 DATA={"source": "ContextModel_v1", "environment": "Hospital_Corridor", "crowding": "High"}
2026-05-17 21:49:51,849 | SENDER=motion_node          TOPIC=/hri/motion          SHA256=0a22a9e8ed96ea7a3b8c99534fa58e6447c6ca6502190ef909f33291fa511f7f DATA={"source": "MotionModel_v1", "label": "Stationary", "speed_ms": 0.03}
2026-05-17 21:49:51,926 | SENDER=emotion_node         TOPIC=/hri/emotion         SHA256=4da8c0dec0a1bf7dc8dae38061acb68cf8c0d5a67c4026578b158d0aacbd4633 DATA={"source": "EmotionModel_v1", "label": "Panicked", "confidence": 0.95}
2026-05-17 21:49:52,380 | SENDER=gesture_node         TOPIC=/hri/gesture         SHA256=fdea9da89496b551be658a7c3da499ee1a917f963e7fa137772c70fcb33de972 DATA={"source": "GestureModel_v1", "label": "Beckon", "confidence": 0.9}
2026-05-17 21:49:53,695 | SENDER=context_node         TOPIC=/hri/context         SHA256=f83540b369d62d3a3626f4487a33a8fb933121643231b1e0e5d4aeab15d1aac7 DATA={"source": "ContextModel_v1", "environment": "Museum_Gallery", "crowding": "Low"}
2026-05-17 21:49:53,848 | SENDER=motion_node          TOPIC=/hri/motion          SHA256=7477f53f99c298fb2459f7fe2a4699268993dcf4cf51e613dc819f7e0e84eef4 DATA={"source": "MotionModel_v1", "label": "Approaching", "speed_ms": 0.97}
2026-05-17 21:49:53,926 | SENDER=emotion_node         TOPIC=/hri/emotion         SHA256=cf406c65b3f5c61b3fdc0ac4367fb476c9abce8be1e6af674dcea56d4c0abd65 DATA={"source": "EmotionModel_v1", "label": "Angry", "confidence": 0.87}
2026-05-17 21:49:54,378 | SENDER=gesture_node         TOPIC=/hri/gesture         SHA256=af86edf6ee4495d7dc4fdbaeb3805b2c35947be88da925ea476e0d15668fe167 DATA={"source": "GestureModel_v1", "label": "Cross_Arms", "confidence": 0.89}
2026-05-17 21:49:55,694 | SENDER=context_node         TOPIC=/hri/context         SHA256=0328fe086d7abbbd5cc66066c96aec10db560086a0f840535d8d2da0875519d9 DATA={"source": "ContextModel_v1", "environment": "Retail_Aisle", "crowding": "Medium"}
2026-05-17 21:49:55,848 | SENDER=motion_node          TOPIC=/hri/motion          SHA256=cac57f9c0fa8ff0bf9326b557c11d72b9ff8aac8544d954f9cc0cc44e60dbcc9 DATA={"source": "MotionModel_v1", "label": "Retreating", "speed_ms": 0.88}
2026-05-17 21:49:55,926 | SENDER=emotion_node         TOPIC=/hri/emotion         SHA256=65b09baf4db0c95e4c04018bd50ef430060708af28f1d51d9c65003c22a24e2e DATA={"source": "EmotionModel_v1", "label": "Neutral", "confidence": 0.95}
2026-05-17 21:49:56,382 | SENDER=gesture_node         TOPIC=/hri/gesture         SHA256=f3a5e9fd5f47af06408d6a01da4f6c1cef0aabb11188d59709928a9a43a32fa8 DATA={"source": "GestureModel_v1", "label": "Wave", "confidence": 0.86}
2026-05-17 21:49:57,694 | SENDER=context_node         TOPIC=/hri/context         SHA256=4f7f3e509d2a45b70dab96481bdeba99e5dd5787b28f81fbd5e9933a5b67478b DATA={"source": "ContextModel_v1", "environment": "Hospital_Reception", "crowding": "Medium"}
2026-05-17 21:49:57,848 | SENDER=motion_node          TOPIC=/hri/motion          SHA256=1475ebb6b8917ec88f4cbc11934bda041670c12013663d8207139383d227d310 DATA={"source": "MotionModel_v1", "label": "Wandering", "speed_ms": 0.46}
2026-05-17 21:49:57,926 | SENDER=emotion_node         TOPIC=/hri/emotion         SHA256=dbbe40ed334054aee5be8141a38c431d9bbc4100f1e6718d9fd0c1ad36e3c66c DATA={"source": "EmotionModel_v1", "label": "Panicked", "confidence": 0.93}
2026-05-17 21:49:58,381 | SENDER=gesture_node         TOPIC=/hri/gesture         SHA256=f30987f1cee32204cad751d24bfc2b1e7dc87af4b2ffeb8fc604cb011bad0815 DATA={"source": "GestureModel_v1", "label": "Thumbs_Up", "confidence": 0.89}
2026-05-17 21:49:59,694 | SENDER=context_node         TOPIC=/hri/context         SHA256=f83540b369d62d3a3626f4487a33a8fb933121643231b1e0e5d4aeab15d1aac7 DATA={"source": "ContextModel_v1", "environment": "Museum_Gallery", "crowding": "Low"}
2026-05-17 21:49:59,848 | SENDER=motion_node          TOPIC=/hri/motion          SHA256=047521ade1bac4e5235b2fb2eec002ebe33f8f21aee41941ad591b12cdf7f294 DATA={"source": "MotionModel_v1", "label": "Wandering", "speed_ms": 0.43}
2026-05-17 21:49:59,926 | SENDER=emotion_node         TOPIC=/hri/emotion         SHA256=23f75cf2aa24df9c9db98112d1e711fb666ec845a4e79c5b61b52919f053e180 DATA={"source": "EmotionModel_v1", "label": "Happy", "confidence": 0.95}
2026-05-17 21:50:00,378 | SENDER=gesture_node         TOPIC=/hri/gesture         SHA256=eea59434a52107b7a82b1ad0c516a773c44b3917b2c46bbfdcb491c4f7882295 DATA={"source": "GestureModel_v1", "label": "Stop", "confidence": 0.98}
2026-05-17 21:50:01,695 | SENDER=context_node         TOPIC=/hri/context         SHA256=4f7f3e509d2a45b70dab96481bdeba99e5dd5787b28f81fbd5e9933a5b67478b DATA={"source": "ContextModel_v1", "environment": "Hospital_Reception", "crowding": "Medium"}
2026-05-17 21:50:01,848 | SENDER=motion_node          TOPIC=/hri/motion          SHA256=879f95b56d79b2b1c4901042eec5e4906062c2e86907dbb627987d93b8d7c1fa DATA={"source": "MotionModel_v1", "label": "Retreating", "speed_ms": 0.5}
2026-05-17 21:50:01,927 | SENDER=emotion_node         TOPIC=/hri/emotion         SHA256=8ff5f9c21910132b4ba60fb0fbc153cd9bfe6294e71b6f983095acf055823c35 DATA={"source": "EmotionModel_v1", "label": "Angry", "confidence": 0.8}
2026-05-17 21:50:02,382 | SENDER=gesture_node         TOPIC=/hri/gesture         SHA256=840bb44f9fb88f4805cc7472a662ab90e20618588a903cae2e350f546981f248 DATA={"source": "GestureModel_v1", "label": "Point", "confidence": 0.87}
2026-05-17 21:50:03,694 | SENDER=context_node         TOPIC=/hri/context         SHA256=f83540b369d62d3a3626f4487a33a8fb933121643231b1e0e5d4aeab15d1aac7 DATA={"source": "ContextModel_v1", "environment": "Museum_Gallery", "crowding": "Low"}
2026-05-17 21:50:03,849 | SENDER=motion_node          TOPIC=/hri/motion          SHA256=80ba05135d93e771669ca4c540c90651064ce69983ece23d80bab42d10faf8eb DATA={"source": "MotionModel_v1", "label": "Approaching", "speed_ms": 0.57}
2026-05-17 21:50:03,926 | SENDER=emotion_node         TOPIC=/hri/emotion         SHA256=fadaa5f34aa75e68c53a9c4886c1b7c4ea635e21a6aecdbd53099b9c8f9a2646 DATA={"source": "EmotionModel_v1", "label": "Sad", "confidence": 0.84}
2026-05-17 21:50:04,380 | SENDER=gesture_node         TOPIC=/hri/gesture         SHA256=85eaa2be1b394fcce896c2957809ef37b7f0a76b6dfae67bec49934bbb9fde66 DATA={"source": "GestureModel_v1", "label": "Point", "confidence": 0.94}
2026-05-17 21:50:05,691 | SENDER=context_node         TOPIC=/hri/context         SHA256=f83540b369d62d3a3626f4487a33a8fb933121643231b1e0e5d4aeab15d1aac7 DATA={"source": "ContextModel_v1", "environment": "Museum_Gallery", "crowding": "Low"}
2026-05-17 21:50:05,851 | SENDER=motion_node          TOPIC=/hri/motion          SHA256=0d2472ea1d3358707964b544af8d652cd450dabeadf753002c6cde6429fec257 DATA={"source": "MotionModel_v1", "label": "Approaching", "speed_ms": 0.82}
2026-05-17 21:50:05,926 | SENDER=emotion_node         TOPIC=/hri/emotion         SHA256=2a015f6639b60b948d636ecafda16b2a6c68bdd68bd8f48c96f231733e44a09f DATA={"source": "EmotionModel_v1", "label": "Neutral", "confidence": 0.88}
2026-05-17 21:50:06,381 | SENDER=gesture_node         TOPIC=/hri/gesture         SHA256=5862b1f8195402779034656183e5f4eb7de2b9175ecb1090388123ef5d4d60a4 DATA={"source": "GestureModel_v1", "label": "Cross_Arms", "confidence": 0.9}
2026-05-17 21:50:08,912 | SENDER=context_node         TOPIC=/hri/context         SHA256=b88b3385b15277f264a4977a18a860ce4df5fa37ec2862844eecd37fad4c7813 DATA={"source": "ContextModel_v1", "environment": "Hospital_Corridor", "crowding": "High"}
2026-05-17 21:50:09,068 | SENDER=motion_node          TOPIC=/hri/motion          SHA256=0185f071c52b5e53f656a1996fda5247eb2c2d84cd003793484415addd0d654a DATA={"source": "MotionModel_v1", "label": "Stationary", "speed_ms": 0.06}
2026-05-17 21:50:09,145 | SENDER=emotion_node         TOPIC=/hri/emotion         SHA256=7411f2bf2664640c499aa8f823ef5d77c4d8d0b64db1abf118cde27ec93bd07e DATA={"source": "EmotionModel_v1", "label": "Angry", "confidence": 0.82}
2026-05-17 21:50:09,599 | SENDER=gesture_node         TOPIC=/hri/gesture         SHA256=0af1ed4d53f9ad3ab12d0f8ba5c5ded386c66457545958e23cac05adbfcade55 DATA={"source": "GestureModel_v1", "label": "Stop", "confidence": 0.93}
2026-05-17 21:50:09,691 | SENDER=context_node         TOPIC=/hri/context         SHA256=b88b3385b15277f264a4977a18a860ce4df5fa37ec2862844eecd37fad4c7813 DATA={"source": "ContextModel_v1", "environment": "Hospital_Corridor", "crowding": "High"}
2026-05-17 21:50:09,850 | SENDER=motion_node          TOPIC=/hri/motion          SHA256=97170d109232a88a30de1d2ab3fa70e8672d6776f69657c41107c2fa1e4f534a DATA={"source": "MotionModel_v1", "label": "Approaching", "speed_ms": 1.16}
2026-05-17 21:50:09,926 | SENDER=emotion_node         TOPIC=/hri/emotion         SHA256=206f8eab2f2e7a704153e9142dbeaf03e7c21bd53326c7ea8b3f723a04077be1 DATA={"source": "EmotionModel_v1", "label": "Happy", "confidence": 0.92}
2026-05-17 21:50:10,382 | SENDER=gesture_node         TOPIC=/hri/gesture         SHA256=af86edf6ee4495d7dc4fdbaeb3805b2c35947be88da925ea476e0d15668fe167 DATA={"source": "GestureModel_v1", "label": "Cross_Arms", "confidence": 0.89}
2026-05-17 21:50:11,694 | SENDER=context_node         TOPIC=/hri/context         SHA256=b88b3385b15277f264a4977a18a860ce4df5fa37ec2862844eecd37fad4c7813 DATA={"source": "ContextModel_v1", "environment": "Hospital_Corridor", "crowding": "High"}
2026-05-17 21:50:11,850 | SENDER=motion_node          TOPIC=/hri/motion          SHA256=83d163c40f7c2cf799931384d887cd17a696f42b2e70b7eab020d03cf99503e5 DATA={"source": "MotionModel_v1", "label": "Wandering", "speed_ms": 0.55}
2026-05-17 21:50:11,926 | SENDER=emotion_node         TOPIC=/hri/emotion         SHA256=c97beabb29a7d067f58838c84617319171a090079c72d75459bf3126e73a0b29 DATA={"source": "EmotionModel_v1", "label": "Panicked", "confidence": 0.92}
2026-05-17 21:50:12,381 | SENDER=gesture_node         TOPIC=/hri/gesture         SHA256=531aa4915ea5bd4a6acb19e1014364d88b05dc5d27c74024e3a94b63d1bfaac6 DATA={"source": "GestureModel_v1", "label": "Thumbs_Up", "confidence": 0.94}
2026-05-17 21:50:13,695 | SENDER=context_node         TOPIC=/hri/context         SHA256=a64fb3cfbf73edd634404a40b5c36a0c53b982ba75ff4431360d795192f7cd87 DATA={"source": "ContextModel_v1", "environment": "Hospital_Ward", "crowding": "Low"}
2026-05-17 21:50:13,848 | SENDER=motion_node          TOPIC=/hri/motion          SHA256=a7bbe66ac23d3c63a779a4484a827a1d71ef87e0cedd04671389450184bd91ed DATA={"source": "MotionModel_v1", "label": "Retreating", "speed_ms": 0.47}
2026-05-17 21:50:13,928 | SENDER=emotion_node         TOPIC=/hri/emotion         SHA256=fc4472a0e3e6cb848add7903cad45c0af5aa0c4fbe4ebc622c1d63dace00a456 DATA={"source": "EmotionModel_v1", "label": "Happy", "confidence": 0.89}
2026-05-17 21:50:14,381 | SENDER=gesture_node         TOPIC=/hri/gesture         SHA256=35912617a819bc270057bac9ae7346d7fb8cae37d746b08ff5974cd835925696 DATA={"source": "GestureModel_v1", "label": "Point", "confidence": 0.86}
2026-05-17 21:50:15,696 | SENDER=context_node         TOPIC=/hri/context         SHA256=f83540b369d62d3a3626f4487a33a8fb933121643231b1e0e5d4aeab15d1aac7 DATA={"source": "ContextModel_v1", "environment": "Museum_Gallery", "crowding": "Low"}
2026-05-17 21:50:15,848 | SENDER=motion_node          TOPIC=/hri/motion          SHA256=0c98d6d80fec36c6ea27cbec1f5869fd49932551ba915339e855d547eeae31d7 DATA={"source": "MotionModel_v1", "label": "Running", "speed_ms": 2.14}
2026-05-17 21:50:15,927 | SENDER=emotion_node         TOPIC=/hri/emotion         SHA256=3a98de9da719fee6ab907bdae0a4b63a5338cd5475d0e485f5b84c94f98260cf DATA={"source": "EmotionModel_v1", "label": "Neutral", "confidence": 0.9}
2026-05-17 21:50:16,379 | SENDER=gesture_node         TOPIC=/hri/gesture         SHA256=f30987f1cee32204cad751d24bfc2b1e7dc87af4b2ffeb8fc604cb011bad0815 DATA={"source": "GestureModel_v1", "label": "Thumbs_Up", "confidence": 0.89}
2026-05-17 21:50:17,694 | SENDER=context_node         TOPIC=/hri/context         SHA256=a64fb3cfbf73edd634404a40b5c36a0c53b982ba75ff4431360d795192f7cd87 DATA={"source": "ContextModel_v1", "environment": "Hospital_Ward", "crowding": "Low"}
2026-05-17 21:50:17,848 | SENDER=motion_node          TOPIC=/hri/motion          SHA256=cd75153566d422e17d8d18429df97d0f3c5f972d9c6dca29accb0d4137f18239 DATA={"source": "MotionModel_v1", "label": "Stationary", "speed_ms": 0.01}
2026-05-17 21:50:17,926 | SENDER=emotion_node         TOPIC=/hri/emotion         SHA256=26b7a844daab074597993edadfe29fd5248840fc18fc84b6b513ea12bfd6011c DATA={"source": "EmotionModel_v1", "label": "Confused", "confidence": 0.88}
2026-05-17 21:50:18,381 | SENDER=gesture_node         TOPIC=/hri/gesture         SHA256=302e92bcdb3441312eeb6ef6f6bc6a6b48a089fae183ee89ca4e4abc52cda74b DATA={"source": "GestureModel_v1", "label": "Point", "confidence": 0.81}
2026-05-17 21:50:19,695 | SENDER=context_node         TOPIC=/hri/context         SHA256=b88b3385b15277f264a4977a18a860ce4df5fa37ec2862844eecd37fad4c7813 DATA={"source": "ContextModel_v1", "environment": "Hospital_Corridor", "crowding": "High"}
2026-05-17 21:50:19,851 | SENDER=motion_node          TOPIC=/hri/motion          SHA256=874039d5726adc76bba3dc73301d84cb514b488f991644e1418092d6cf963ca8 DATA={"source": "MotionModel_v1", "label": "Wandering", "speed_ms": 0.24}
2026-05-17 21:50:19,927 | SENDER=emotion_node         TOPIC=/hri/emotion         SHA256=542cb0a557d680d2be3b4f1acda147bc296a1cc1f892f397b93700b4f170d620 DATA={"source": "EmotionModel_v1", "label": "Panicked", "confidence": 0.86}
2026-05-17 21:50:20,381 | SENDER=gesture_node         TOPIC=/hri/gesture         SHA256=5862b1f8195402779034656183e5f4eb7de2b9175ecb1090388123ef5d4d60a4 DATA={"source": "GestureModel_v1", "label": "Cross_Arms", "confidence": 0.9}
2026-05-17 21:50:21,694 | SENDER=context_node         TOPIC=/hri/context         SHA256=4f7f3e509d2a45b70dab96481bdeba99e5dd5787b28f81fbd5e9933a5b67478b DATA={"source": "ContextModel_v1", "environment": "Hospital_Reception", "crowding": "Medium"}
2026-05-17 21:50:21,848 | SENDER=motion_node          TOPIC=/hri/motion          SHA256=0d61f213b6f40f2828d8f86e25ddbf3684fb49d23aa3c12573eebd6aea2f3865 DATA={"source": "MotionModel_v1", "label": "Retreating", "speed_ms": 0.36}
2026-05-17 21:50:21,926 | SENDER=emotion_node         TOPIC=/hri/emotion         SHA256=cde2f37f342c665de86357068364314c9948bbfa70c1390226eacc6c9333742c DATA={"source": "EmotionModel_v1", "label": "Confused", "confidence": 0.92}
2026-05-17 21:50:22,381 | SENDER=gesture_node         TOPIC=/hri/gesture         SHA256=e8359e0ba7fccbb3f51c88c863ceb2d581caa47f5f71b2a1aa902cf2b1a7d2f3 DATA={"source": "GestureModel_v1", "label": "Cross_Arms", "confidence": 0.81}
2026-05-17 21:50:23,694 | SENDER=context_node         TOPIC=/hri/context         SHA256=f83540b369d62d3a3626f4487a33a8fb933121643231b1e0e5d4aeab15d1aac7 DATA={"source": "ContextModel_v1", "environment": "Museum_Gallery", "crowding": "Low"}
2026-05-17 21:50:23,848 | SENDER=motion_node          TOPIC=/hri/motion          SHA256=0a22a9e8ed96ea7a3b8c99534fa58e6447c6ca6502190ef909f33291fa511f7f DATA={"source": "MotionModel_v1", "label": "Stationary", "speed_ms": 0.03}
2026-05-17 21:50:23,927 | SENDER=emotion_node         TOPIC=/hri/emotion         SHA256=e5cbca8c59c069739e9cdc18ad3ffc7e3ef023c941433dc28c7a7f42eb3facd0 DATA={"source": "EmotionModel_v1", "label": "Confused", "confidence": 0.83}
2026-05-17 21:50:24,377 | SENDER=gesture_node         TOPIC=/hri/gesture         SHA256=3ecfd8986e395125c84f18e5ae99ca501d0aeb626128e03435d34223d907b0dd DATA={"source": "GestureModel_v1", "label": "Point", "confidence": 0.91}
2026-05-17 21:50:25,691 | SENDER=context_node         TOPIC=/hri/context         SHA256=b88b3385b15277f264a4977a18a860ce4df5fa37ec2862844eecd37fad4c7813 DATA={"source": "ContextModel_v1", "environment": "Hospital_Corridor", "crowding": "High"}
2026-05-17 21:50:25,848 | SENDER=motion_node          TOPIC=/hri/motion          SHA256=4b46d6d0660837aacddafdece0e331c4ad471fee314957000c2cd1c5d175df43 DATA={"source": "MotionModel_v1", "label": "Running", "speed_ms": 3.03}
2026-05-17 21:50:25,926 | SENDER=emotion_node         TOPIC=/hri/emotion         SHA256=003585fd167f61cac7b5f185b4559b1326f928d6d22ff3679164d2ae0adacf95 DATA={"source": "EmotionModel_v1", "label": "Happy", "confidence": 0.94}
2026-05-17 21:50:26,380 | SENDER=gesture_node         TOPIC=/hri/gesture         SHA256=4205621ed303fae6f5e5da63ada00cf83e4bf6ef8b07632c5feb2d0d235b3d30 DATA={"source": "GestureModel_v1", "label": "Point", "confidence": 0.88}
2026-05-17 21:50:27,692 | SENDER=context_node         TOPIC=/hri/context         SHA256=4f7f3e509d2a45b70dab96481bdeba99e5dd5787b28f81fbd5e9933a5b67478b DATA={"source": "ContextModel_v1", "environment": "Hospital_Reception", "crowding": "Medium"}
2026-05-17 21:50:27,848 | SENDER=motion_node          TOPIC=/hri/motion          SHA256=23b9af4074ee74e7a10940a4641acb9a06b911922da4102d623a79a3f10620b1 DATA={"source": "MotionModel_v1", "label": "Approaching", "speed_ms": 1.06}
2026-05-17 21:50:27,927 | SENDER=emotion_node         TOPIC=/hri/emotion         SHA256=aaf114afb03183f34f331041675d78ada5c375f64d858160873bcae1cbdf6edc DATA={"source": "EmotionModel_v1", "label": "Angry", "confidence": 0.91}
2026-05-17 21:50:28,380 | SENDER=gesture_node         TOPIC=/hri/gesture         SHA256=f8c1e183c4fcefe7027020d7a9e91c173e5bc8d66e5ff5dd8a7fa1a395cc3836 DATA={"source": "GestureModel_v1", "label": "Wave", "confidence": 0.89}
2026-05-17 21:50:29,694 | SENDER=context_node         TOPIC=/hri/context         SHA256=b88b3385b15277f264a4977a18a860ce4df5fa37ec2862844eecd37fad4c7813 DATA={"source": "ContextModel_v1", "environment": "Hospital_Corridor", "crowding": "High"}
2026-05-17 21:50:29,848 | SENDER=motion_node          TOPIC=/hri/motion          SHA256=2c912062a5cbc42985289a069abcbeb2df8370030e8e4f1a11edc83c9da60370 DATA={"source": "MotionModel_v1", "label": "Approaching", "speed_ms": 0.91}
2026-05-17 21:50:29,926 | SENDER=emotion_node         TOPIC=/hri/emotion         SHA256=ef8388a1c703316d6759d42afc8840c8134c7ac51660cbd318c7c2f89ecfe58a DATA={"source": "EmotionModel_v1", "label": "Happy", "confidence": 0.9}
2026-05-17 21:50:30,380 | SENDER=gesture_node         TOPIC=/hri/gesture         SHA256=4064b53ef72a7ef9a3f00fe9b94d1748c806e3637eb7961fd797c4b363031dfc DATA={"source": "GestureModel_v1", "label": "Beckon", "confidence": 0.85}
2026-05-17 21:50:31,694 | SENDER=context_node         TOPIC=/hri/context         SHA256=a64fb3cfbf73edd634404a40b5c36a0c53b982ba75ff4431360d795192f7cd87 DATA={"source": "ContextModel_v1", "environment": "Hospital_Ward", "crowding": "Low"}
2026-05-17 21:50:31,849 | SENDER=motion_node          TOPIC=/hri/motion          SHA256=0a22a9e8ed96ea7a3b8c99534fa58e6447c6ca6502190ef909f33291fa511f7f DATA={"source": "MotionModel_v1", "label": "Stationary", "speed_ms": 0.03}
2026-05-17 21:50:31,927 | SENDER=emotion_node         TOPIC=/hri/emotion         SHA256=d555f029dd171e5f1742b8cfa03c38bf06ece8c19269a42a00afdd0aab6e05cb DATA={"source": "EmotionModel_v1", "label": "Sad", "confidence": 0.81}
2026-05-17 21:50:32,380 | SENDER=gesture_node         TOPIC=/hri/gesture         SHA256=c2ca7ec6a2b868fc6f0b63c137325a34ca152502dcf8c4f14d4fc7668d81b609 DATA={"source": "GestureModel_v1", "label": "Beckon", "confidence": 0.8}
2026-05-17 21:50:33,694 | SENDER=context_node         TOPIC=/hri/context         SHA256=a64fb3cfbf73edd634404a40b5c36a0c53b982ba75ff4431360d795192f7cd87 DATA={"source": "ContextModel_v1", "environment": "Hospital_Ward", "crowding": "Low"}
2026-05-17 21:50:33,851 | SENDER=motion_node          TOPIC=/hri/motion          SHA256=55c51a621f21088af5bf12485691c7d2ebd3fa47df2000ed0501071c08be741b DATA={"source": "MotionModel_v1", "label": "Running", "speed_ms": 3.3}
2026-05-17 21:50:33,926 | SENDER=emotion_node         TOPIC=/hri/emotion         SHA256=f4c552f3ac53f1a66424151ab0b59a5d807cfabed51c03e0c2dbd11cdd879540 DATA={"source": "EmotionModel_v1", "label": "Panicked", "confidence": 0.91}
2026-05-17 21:50:34,381 | SENDER=gesture_node         TOPIC=/hri/gesture         SHA256=757678849b1b5e94f27cae2f19e40e63b8696e8864d759874ba58f978f25fc46 DATA={"source": "GestureModel_v1", "label": "Thumbs_Up", "confidence": 0.88}
2026-05-17 21:50:35,694 | SENDER=context_node         TOPIC=/hri/context         SHA256=b88b3385b15277f264a4977a18a860ce4df5fa37ec2862844eecd37fad4c7813 DATA={"source": "ContextModel_v1", "environment": "Hospital_Corridor", "crowding": "High"}
2026-05-17 21:50:35,849 | SENDER=motion_node          TOPIC=/hri/motion          SHA256=f75cf3480a94e56d0c68055a03909f2e6ac3f4f28cfe7c65c0fbeca38ce6ae72 DATA={"source": "MotionModel_v1", "label": "Approaching", "speed_ms": 0.45}
2026-05-17 21:50:35,926 | SENDER=emotion_node         TOPIC=/hri/emotion         SHA256=338e8a50a73c00172ac7f7628c783deca1c08a88523031c202a56f6b05ae0782 DATA={"source": "EmotionModel_v1", "label": "Confused", "confidence": 0.79}
2026-05-17 21:50:36,381 | SENDER=gesture_node         TOPIC=/hri/gesture         SHA256=531aa4915ea5bd4a6acb19e1014364d88b05dc5d27c74024e3a94b63d1bfaac6 DATA={"source": "GestureModel_v1", "label": "Thumbs_Up", "confidence": 0.94}
2026-05-17 21:50:37,694 | SENDER=context_node         TOPIC=/hri/context         SHA256=f83540b369d62d3a3626f4487a33a8fb933121643231b1e0e5d4aeab15d1aac7 DATA={"source": "ContextModel_v1", "environment": "Museum_Gallery", "crowding": "Low"}
2026-05-17 21:50:37,848 | SENDER=motion_node          TOPIC=/hri/motion          SHA256=b12b2f82d197df6c41d159ef36c83f672109cf11d449a3752214aabafccd4136 DATA={"source": "MotionModel_v1", "label": "Retreating", "speed_ms": 0.68}
2026-05-17 21:50:37,926 | SENDER=emotion_node         TOPIC=/hri/emotion         SHA256=9f4fe36c3dbb6f7f4d021d28f1a295f67466675c1893f867480a382a8f8a6e1c DATA={"source": "EmotionModel_v1", "label": "Confused", "confidence": 0.9}
2026-05-17 21:50:38,380 | SENDER=gesture_node         TOPIC=/hri/gesture         SHA256=1c4bf8cfbf6ec011b354970c1b5129a92da93c01e886f096868f44f668b5cc3f DATA={"source": "GestureModel_v1", "label": "Stop", "confidence": 0.96}
2026-05-17 21:50:39,691 | SENDER=context_node         TOPIC=/hri/context         SHA256=b88b3385b15277f264a4977a18a860ce4df5fa37ec2862844eecd37fad4c7813 DATA={"source": "ContextModel_v1", "environment": "Hospital_Corridor", "crowding": "High"}
2026-05-17 21:50:39,851 | SENDER=motion_node          TOPIC=/hri/motion          SHA256=b50a1667a1efadf78b882dc529c5dcd83bb8cbbe741cc1e34c677b50b2ef15c9 DATA={"source": "MotionModel_v1", "label": "Running", "speed_ms": 3.42}
2026-05-17 21:50:39,926 | SENDER=emotion_node         TOPIC=/hri/emotion         SHA256=5998b24130ca777eab6cf54b7b3706489073d7a3a1212a611188a393ddc65b96 DATA={"source": "EmotionModel_v1", "label": "Neutral", "confidence": 0.83}
2026-05-17 21:50:41,608 | SENDER=gesture_node         TOPIC=/hri/gesture         SHA256=7aaa1e3abbb327109af14e098990942b4716eb543d9cace7adbc352844a7b116 DATA={"source": "GestureModel_v1", "label": "Wave", "confidence": 0.95}
2026-05-17 21:50:42,381 | SENDER=gesture_node         TOPIC=/hri/gesture         SHA256=a3e7e2cbad1a013fe4afeb2b49a4084ba7a389be5aa136a97f339829cb995bcf DATA={"source": "GestureModel_v1", "label": "Wave", "confidence": 0.92}
2026-05-17 21:50:42,924 | SENDER=context_node         TOPIC=/hri/context         SHA256=f83540b369d62d3a3626f4487a33a8fb933121643231b1e0e5d4aeab15d1aac7 DATA={"source": "ContextModel_v1", "environment": "Museum_Gallery", "crowding": "Low"}
2026-05-17 21:50:43,078 | SENDER=motion_node          TOPIC=/hri/motion          SHA256=bec3312f37d3b0ddde7436604cfe641b89b7a864729ebb7900cdb1f1144f60e2 DATA={"source": "MotionModel_v1", "label": "Running", "speed_ms": 3.04}
2026-05-17 21:50:43,156 | SENDER=emotion_node         TOPIC=/hri/emotion         SHA256=938d6edfbd07d1573b515bde9a93cbfbfcbbbd4f3096e3e016e5fda18998b7e4 DATA={"source": "EmotionModel_v1", "label": "Neutral", "confidence": 0.94}
2026-05-17 21:50:43,695 | SENDER=context_node         TOPIC=/hri/context         SHA256=b88b3385b15277f264a4977a18a860ce4df5fa37ec2862844eecd37fad4c7813 DATA={"source": "ContextModel_v1", "environment": "Hospital_Corridor", "crowding": "High"}
2026-05-17 21:50:43,848 | SENDER=motion_node          TOPIC=/hri/motion          SHA256=80e8d3a3b553da1bbd7bb4ab0f01d5209124531e6a7fdfc7984c7dbe5eeaee53 DATA={"source": "MotionModel_v1", "label": "Retreating", "speed_ms": 0.62}
2026-05-17 21:50:43,927 | SENDER=emotion_node         TOPIC=/hri/emotion         SHA256=fc4472a0e3e6cb848add7903cad45c0af5aa0c4fbe4ebc622c1d63dace00a456 DATA={"source": "EmotionModel_v1", "label": "Happy", "confidence": 0.89}
2026-05-17 21:50:44,378 | SENDER=gesture_node         TOPIC=/hri/gesture         SHA256=496c30aba574f6aef0224ec0ba0c88384a73aab8db8bf34baa5e9fda39080e3a DATA={"source": "GestureModel_v1", "label": "Cross_Arms", "confidence": 0.87}
2026-05-17 21:50:45,695 | SENDER=context_node         TOPIC=/hri/context         SHA256=a64fb3cfbf73edd634404a40b5c36a0c53b982ba75ff4431360d795192f7cd87 DATA={"source": "ContextModel_v1", "environment": "Hospital_Ward", "crowding": "Low"}
2026-05-17 21:50:45,849 | SENDER=motion_node          TOPIC=/hri/motion          SHA256=885c1d3b05b57794bd4553ada0358b04c5ba1b343bace41b3ceec742f66465c7 DATA={"source": "MotionModel_v1", "label": "Stationary", "speed_ms": 0.02}
2026-05-17 21:50:45,926 | SENDER=emotion_node         TOPIC=/hri/emotion         SHA256=1234be84924a9049244e5859fe0ba0054d1aa37b42680b45029c8cd0ad934b91 DATA={"source": "EmotionModel_v1", "label": "Panicked", "confidence": 0.98}
2026-05-17 21:50:46,381 | SENDER=gesture_node         TOPIC=/hri/gesture         SHA256=568ecd36f4f4603ad2d6e88961d9b734b5cf94576fa19fad4c496279ba28f9bd DATA={"source": "GestureModel_v1", "label": "Point", "confidence": 0.92}
2026-05-17 21:50:47,691 | SENDER=context_node         TOPIC=/hri/context         SHA256=b88b3385b15277f264a4977a18a860ce4df5fa37ec2862844eecd37fad4c7813 DATA={"source": "ContextModel_v1", "environment": "Hospital_Corridor", "crowding": "High"}
2026-05-17 21:50:47,851 | SENDER=motion_node          TOPIC=/hri/motion          SHA256=c48e10d0795c22fdb836950b210f6e7e00563818e1c60d84e30a49d6456bda59 DATA={"source": "MotionModel_v1", "label": "Running", "speed_ms": 3.39}
2026-05-17 21:50:47,927 | SENDER=emotion_node         TOPIC=/hri/emotion         SHA256=fadaa5f34aa75e68c53a9c4886c1b7c4ea635e21a6aecdbd53099b9c8f9a2646 DATA={"source": "EmotionModel_v1", "label": "Sad", "confidence": 0.84}
2026-05-17 21:50:48,378 | SENDER=gesture_node         TOPIC=/hri/gesture         SHA256=cc89d3ef7d81d2faae7a1b2fb58c914a09205ed61388339e1234c0def6653cf2 DATA={"source": "GestureModel_v1", "label": "Cross_Arms", "confidence": 0.85}
2026-05-17 21:50:49,692 | SENDER=context_node         TOPIC=/hri/context         SHA256=4f7f3e509d2a45b70dab96481bdeba99e5dd5787b28f81fbd5e9933a5b67478b DATA={"source": "ContextModel_v1", "environment": "Hospital_Reception", "crowding": "Medium"}
2026-05-17 21:50:49,848 | SENDER=motion_node          TOPIC=/hri/motion          SHA256=a46f597bf2b84b09ff5dc257e3f5db73d1205f3a587a124948adc36deadfd77a DATA={"source": "MotionModel_v1", "label": "Retreating", "speed_ms": 0.34}
2026-05-17 21:50:49,926 | SENDER=emotion_node         TOPIC=/hri/emotion         SHA256=cde2f37f342c665de86357068364314c9948bbfa70c1390226eacc6c9333742c DATA={"source": "EmotionModel_v1", "label": "Confused", "confidence": 0.92}
2026-05-17 21:50:50,382 | SENDER=gesture_node         TOPIC=/hri/gesture         SHA256=83fc75fa76f2cce7dc0b791ca84959c902921d73bbc09d8951797b122897cec6 DATA={"source": "GestureModel_v1", "label": "Cross_Arms", "confidence": 0.8}
2026-05-17 21:50:51,693 | SENDER=context_node         TOPIC=/hri/context         SHA256=0328fe086d7abbbd5cc66066c96aec10db560086a0f840535d8d2da0875519d9 DATA={"source": "ContextModel_v1", "environment": "Retail_Aisle", "crowding": "Medium"}
2026-05-17 21:50:51,851 | SENDER=motion_node          TOPIC=/hri/motion          SHA256=754f18379b379a5ef0af6bd1bde3e479c819e18a1e9ed34c62d0b83c2d37517b DATA={"source": "MotionModel_v1", "label": "Approaching", "speed_ms": 0.42}
2026-05-17 21:50:51,926 | SENDER=emotion_node         TOPIC=/hri/emotion         SHA256=ea6772e9fef11308c2984fd41b43641a361cff8a01ec39266385419dad9ae817 DATA={"source": "EmotionModel_v1", "label": "Neutral", "confidence": 0.81}
2026-05-17 21:50:52,381 | SENDER=gesture_node         TOPIC=/hri/gesture         SHA256=f35c0c663016184390bf9610b8640506db34cf9c64b2d7768d7484190ec03aaf DATA={"source": "GestureModel_v1", "label": "Thumbs_Up", "confidence": 0.93}
2026-05-17 21:50:53,695 | SENDER=context_node         TOPIC=/hri/context         SHA256=4f7f3e509d2a45b70dab96481bdeba99e5dd5787b28f81fbd5e9933a5b67478b DATA={"source": "ContextModel_v1", "environment": "Hospital_Reception", "crowding": "Medium"}
2026-05-17 21:50:53,848 | SENDER=motion_node          TOPIC=/hri/motion          SHA256=1557f4b7f3e3df1ed3c107c0acda50313ad8f48d2f45d565dfc6ea30c5be8554 DATA={"source": "MotionModel_v1", "label": "Retreating", "speed_ms": 0.82}
2026-05-17 21:50:53,926 | SENDER=emotion_node         TOPIC=/hri/emotion         SHA256=7411f2bf2664640c499aa8f823ef5d77c4d8d0b64db1abf118cde27ec93bd07e DATA={"source": "EmotionModel_v1", "label": "Angry", "confidence": 0.82}
2026-05-17 21:50:54,377 | SENDER=gesture_node         TOPIC=/hri/gesture         SHA256=c16ad41177289a7aadc458401d2c728ab3052043b041cd26005ccbb1aff9192c DATA={"source": "GestureModel_v1", "label": "Stop", "confidence": 0.97}
2026-05-17 21:50:55,695 | SENDER=context_node         TOPIC=/hri/context         SHA256=0328fe086d7abbbd5cc66066c96aec10db560086a0f840535d8d2da0875519d9 DATA={"source": "ContextModel_v1", "environment": "Retail_Aisle", "crowding": "Medium"}
2026-05-17 21:50:55,850 | SENDER=motion_node          TOPIC=/hri/motion          SHA256=9fd4211a067216ce3a42f89b22530b613539e4f67093feff2f1e992c8592001c DATA={"source": "MotionModel_v1", "label": "Retreating", "speed_ms": 0.63}
2026-05-17 21:50:55,927 | SENDER=emotion_node         TOPIC=/hri/emotion         SHA256=f4c552f3ac53f1a66424151ab0b59a5d807cfabed51c03e0c2dbd11cdd879540 DATA={"source": "EmotionModel_v1", "label": "Panicked", "confidence": 0.91}
2026-05-17 21:50:56,380 | SENDER=gesture_node         TOPIC=/hri/gesture         SHA256=11e6fd7a0fe2b7cc02b1d5535340bfbce29e7a58080c7c95ca0cc6b929b3c01c DATA={"source": "GestureModel_v1", "label": "Cross_Arms", "confidence": 0.84}
2026-05-17 21:50:57,695 | SENDER=context_node         TOPIC=/hri/context         SHA256=0328fe086d7abbbd5cc66066c96aec10db560086a0f840535d8d2da0875519d9 DATA={"source": "ContextModel_v1", "environment": "Retail_Aisle", "crowding": "Medium"}
2026-05-17 21:50:57,852 | SENDER=motion_node          TOPIC=/hri/motion          SHA256=4f4e84d2d29b3fde2ec604e193de92707bcda35b38ccf9de5027e7d586a106de DATA={"source": "MotionModel_v1", "label": "Retreating", "speed_ms": 0.87}
2026-05-17 21:50:57,926 | SENDER=emotion_node         TOPIC=/hri/emotion         SHA256=003585fd167f61cac7b5f185b4559b1326f928d6d22ff3679164d2ae0adacf95 DATA={"source": "EmotionModel_v1", "label": "Happy", "confidence": 0.94}
2026-05-17 21:50:58,379 | SENDER=gesture_node         TOPIC=/hri/gesture         SHA256=721bd19713e8d22af1a91566b14fbf22e8c148699b69ae10ba23de17f887208b DATA={"source": "GestureModel_v1", "label": "Stop", "confidence": 0.92}
2026-05-17 21:50:59,694 | SENDER=context_node         TOPIC=/hri/context         SHA256=f83540b369d62d3a3626f4487a33a8fb933121643231b1e0e5d4aeab15d1aac7 DATA={"source": "ContextModel_v1", "environment": "Museum_Gallery", "crowding": "Low"}
2026-05-17 21:50:59,848 | SENDER=motion_node          TOPIC=/hri/motion          SHA256=a7bbe66ac23d3c63a779a4484a827a1d71ef87e0cedd04671389450184bd91ed DATA={"source": "MotionModel_v1", "label": "Retreating", "speed_ms": 0.47}
2026-05-17 21:50:59,927 | SENDER=emotion_node         TOPIC=/hri/emotion         SHA256=75564a1282a304f3258327c33131cd0bdc88e76a79bf7b8a4bc6a7b658f10348 DATA={"source": "EmotionModel_v1", "label": "Panicked", "confidence": 0.88}
2026-05-17 21:51:00,381 | SENDER=gesture_node         TOPIC=/hri/gesture         SHA256=f8c1e183c4fcefe7027020d7a9e91c173e5bc8d66e5ff5dd8a7fa1a395cc3836 DATA={"source": "GestureModel_v1", "label": "Wave", "confidence": 0.89}
2026-05-17 21:51:01,695 | SENDER=context_node         TOPIC=/hri/context         SHA256=f83540b369d62d3a3626f4487a33a8fb933121643231b1e0e5d4aeab15d1aac7 DATA={"source": "ContextModel_v1", "environment": "Museum_Gallery", "crowding": "Low"}
2026-05-17 21:51:01,851 | SENDER=motion_node          TOPIC=/hri/motion          SHA256=2c77eff5802d6a5b3f82ab74b69e15b2ca0e9283b483f73855c02a648484906a DATA={"source": "MotionModel_v1", "label": "Approaching", "speed_ms": 0.87}
2026-05-17 21:51:01,926 | SENDER=emotion_node         TOPIC=/hri/emotion         SHA256=938d6edfbd07d1573b515bde9a93cbfbfcbbbd4f3096e3e016e5fda18998b7e4 DATA={"source": "EmotionModel_v1", "label": "Neutral", "confidence": 0.94}
2026-05-17 21:51:02,380 | SENDER=gesture_node         TOPIC=/hri/gesture         SHA256=fdea9da89496b551be658a7c3da499ee1a917f963e7fa137772c70fcb33de972 DATA={"source": "GestureModel_v1", "label": "Beckon", "confidence": 0.9}
2026-05-17 21:51:03,695 | SENDER=context_node         TOPIC=/hri/context         SHA256=b88b3385b15277f264a4977a18a860ce4df5fa37ec2862844eecd37fad4c7813 DATA={"source": "ContextModel_v1", "environment": "Hospital_Corridor", "crowding": "High"}
2026-05-17 21:51:03,848 | SENDER=motion_node          TOPIC=/hri/motion          SHA256=2c77eff5802d6a5b3f82ab74b69e15b2ca0e9283b483f73855c02a648484906a DATA={"source": "MotionModel_v1", "label": "Approaching", "speed_ms": 0.87}
2026-05-17 21:51:03,928 | SENDER=emotion_node         TOPIC=/hri/emotion         SHA256=2f82ecce2e3618087f7024ad42d3e0b6360e608be5d9efbca7fdef5171a408c2 DATA={"source": "EmotionModel_v1", "label": "Happy", "confidence": 0.93}
2026-05-17 21:51:04,381 | SENDER=gesture_node         TOPIC=/hri/gesture         SHA256=be63e7660b916eb1e9541cc8d01b5d71cd4981159621a37da733f471ba243b94 DATA={"source": "GestureModel_v1", "label": "Point", "confidence": 0.85}
2026-05-17 21:51:05,694 | SENDER=context_node         TOPIC=/hri/context         SHA256=a64fb3cfbf73edd634404a40b5c36a0c53b982ba75ff4431360d795192f7cd87 DATA={"source": "ContextModel_v1", "environment": "Hospital_Ward", "crowding": "Low"}
2026-05-17 21:51:05,850 | SENDER=motion_node          TOPIC=/hri/motion          SHA256=905ea61aa1fd33bb941ec8e66f9b20a03f8e27f2645c65f104b97fafc2291bdb DATA={"source": "MotionModel_v1", "label": "Approaching", "speed_ms": 1.01}
2026-05-17 21:51:05,926 | SENDER=emotion_node         TOPIC=/hri/emotion         SHA256=7411f2bf2664640c499aa8f823ef5d77c4d8d0b64db1abf118cde27ec93bd07e DATA={"source": "EmotionModel_v1", "label": "Angry", "confidence": 0.82}
2026-05-17 21:51:06,381 | SENDER=gesture_node         TOPIC=/hri/gesture         SHA256=38c1a32a546f9b7d0dc9fbb5f049ef020c76fb3bcaddc253d8273051dd25311f DATA={"source": "GestureModel_v1", "label": "Point", "confidence": 0.9}
2026-05-17 21:51:07,695 | SENDER=context_node         TOPIC=/hri/context         SHA256=b88b3385b15277f264a4977a18a860ce4df5fa37ec2862844eecd37fad4c7813 DATA={"source": "ContextModel_v1", "environment": "Hospital_Corridor", "crowding": "High"}
2026-05-17 21:51:07,848 | SENDER=motion_node          TOPIC=/hri/motion          SHA256=d377b6ee95a0cb866267fa02bdfcd725203e824f23bf7515b29612fdc7a6bfff DATA={"source": "MotionModel_v1", "label": "Approaching", "speed_ms": 0.68}
2026-05-17 21:51:07,926 | SENDER=emotion_node         TOPIC=/hri/emotion         SHA256=dbbe40ed334054aee5be8141a38c431d9bbc4100f1e6718d9fd0c1ad36e3c66c DATA={"source": "EmotionModel_v1", "label": "Panicked", "confidence": 0.93}
2026-05-17 21:51:08,378 | SENDER=gesture_node         TOPIC=/hri/gesture         SHA256=2f3b8570b684d4fa74465f1a58ba3a522605219d3622d152b92fb24550ea7a14 DATA={"source": "GestureModel_v1", "label": "Wave", "confidence": 0.9}
2026-05-17 21:51:09,692 | SENDER=context_node         TOPIC=/hri/context         SHA256=f83540b369d62d3a3626f4487a33a8fb933121643231b1e0e5d4aeab15d1aac7 DATA={"source": "ContextModel_v1", "environment": "Museum_Gallery", "crowding": "Low"}
2026-05-17 21:51:09,848 | SENDER=motion_node          TOPIC=/hri/motion          SHA256=e11b7cd5c27f55986bd88915c50afd2f7163b42205ef7f4960fb1df9462c8b30 DATA={"source": "MotionModel_v1", "label": "Wandering", "speed_ms": 0.47}
2026-05-17 21:51:09,927 | SENDER=emotion_node         TOPIC=/hri/emotion         SHA256=4b2df71a6a968f38a303f5940882ea4a4c80c9e591ef307e98f96607abb289c0 DATA={"source": "EmotionModel_v1", "label": "Panicked", "confidence": 0.9}
2026-05-17 21:51:10,381 | SENDER=gesture_node         TOPIC=/hri/gesture         SHA256=941d56202c5c870f0bcb091d9049b5eb7ea772b168c06eedda1469a5b1089d80 DATA={"source": "GestureModel_v1", "label": "Point", "confidence": 0.83}
2026-05-17 21:51:11,692 | SENDER=context_node         TOPIC=/hri/context         SHA256=b88b3385b15277f264a4977a18a860ce4df5fa37ec2862844eecd37fad4c7813 DATA={"source": "ContextModel_v1", "environment": "Hospital_Corridor", "crowding": "High"}
2026-05-17 21:51:11,851 | SENDER=motion_node          TOPIC=/hri/motion          SHA256=51e72eef58acca1751706769919f1380debfc4d53bee8ae8f0bd221a38eccc42 DATA={"source": "MotionModel_v1", "label": "Retreating", "speed_ms": 0.74}
2026-05-17 21:51:11,926 | SENDER=emotion_node         TOPIC=/hri/emotion         SHA256=fab0c9aa72f380b6e21edd55d828dcc18eca3f4e4437d94c8b5bbe7a296df64c DATA={"source": "EmotionModel_v1", "label": "Neutral", "confidence": 0.84}
2026-05-17 21:51:12,381 | SENDER=gesture_node         TOPIC=/hri/gesture         SHA256=e8359e0ba7fccbb3f51c88c863ceb2d581caa47f5f71b2a1aa902cf2b1a7d2f3 DATA={"source": "GestureModel_v1", "label": "Cross_Arms", "confidence": 0.81}
2026-05-17 21:51:13,694 | SENDER=context_node         TOPIC=/hri/context         SHA256=b88b3385b15277f264a4977a18a860ce4df5fa37ec2862844eecd37fad4c7813 DATA={"source": "ContextModel_v1", "environment": "Hospital_Corridor", "crowding": "High"}
2026-05-17 21:51:15,070 | SENDER=motion_node          TOPIC=/hri/motion          SHA256=e8bf62683a5f483a067e90abacc6c67e672c2621617209b280c1f005297fa51b DATA={"source": "MotionModel_v1", "label": "Approaching", "speed_ms": 1.08}
2026-05-17 21:51:15,148 | SENDER=emotion_node         TOPIC=/hri/emotion         SHA256=d555f029dd171e5f1742b8cfa03c38bf06ece8c19269a42a00afdd0aab6e05cb DATA={"source": "EmotionModel_v1", "label": "Sad", "confidence": 0.81}
2026-05-17 21:51:15,601 | SENDER=gesture_node         TOPIC=/hri/gesture         SHA256=5fed337a0a41811d63db9d6e9998b6775db60af51dbcca4d2364cde34df5fac4 DATA={"source": "GestureModel_v1", "label": "Stop", "confidence": 0.9}
2026-05-17 21:51:15,851 | SENDER=motion_node          TOPIC=/hri/motion          SHA256=ccf8e84ea69616f8e08655a401a72ad3f3db3312e574737fc72b17e0c4e97c66 DATA={"source": "MotionModel_v1", "label": "Retreating", "speed_ms": 0.79}
2026-05-17 21:51:15,926 | SENDER=emotion_node         TOPIC=/hri/emotion         SHA256=106fd6dedd10a3a6624aac4bffac863c64467df79eb883bf7599f0bf3c63f2c2 DATA={"source": "EmotionModel_v1", "label": "Neutral", "confidence": 0.85}
2026-05-17 21:51:16,381 | SENDER=gesture_node         TOPIC=/hri/gesture         SHA256=524ac5ae77246be80b1cc3514691376f3090b4e0d863b2cfb2819871a4f1bd76 DATA={"source": "GestureModel_v1", "label": "Wave", "confidence": 0.88}
2026-05-17 21:51:16,916 | SENDER=context_node         TOPIC=/hri/context         SHA256=a64fb3cfbf73edd634404a40b5c36a0c53b982ba75ff4431360d795192f7cd87 DATA={"source": "ContextModel_v1", "environment": "Hospital_Ward", "crowding": "Low"}
2026-05-17 21:51:17,695 | SENDER=context_node         TOPIC=/hri/context         SHA256=b88b3385b15277f264a4977a18a860ce4df5fa37ec2862844eecd37fad4c7813 DATA={"source": "ContextModel_v1", "environment": "Hospital_Corridor", "crowding": "High"}
2026-05-17 21:51:17,848 | SENDER=motion_node          TOPIC=/hri/motion          SHA256=515e5c1e86e4d0bbed32a0b4d415c8adc8bf3e01a43b15b6536b8997c40535a1 DATA={"source": "MotionModel_v1", "label": "Stationary", "speed_ms": 0.05}
2026-05-17 21:51:17,926 | SENDER=emotion_node         TOPIC=/hri/emotion         SHA256=233bd8bb3234061a59ca442d23f43007648a3368103e5675644a5429d0b285b5 DATA={"source": "EmotionModel_v1", "label": "Neutral", "confidence": 0.82}
2026-05-17 21:51:18,378 | SENDER=gesture_node         TOPIC=/hri/gesture         SHA256=f3a5e9fd5f47af06408d6a01da4f6c1cef0aabb11188d59709928a9a43a32fa8 DATA={"source": "GestureModel_v1", "label": "Wave", "confidence": 0.86}
2026-05-17 21:51:19,695 | SENDER=context_node         TOPIC=/hri/context         SHA256=b88b3385b15277f264a4977a18a860ce4df5fa37ec2862844eecd37fad4c7813 DATA={"source": "ContextModel_v1", "environment": "Hospital_Corridor", "crowding": "High"}
2026-05-17 21:51:19,849 | SENDER=motion_node          TOPIC=/hri/motion          SHA256=2f86b70f9115f538e632ef47af54b54ab21cce9401fac62bb4b60727eda1bb5c DATA={"source": "MotionModel_v1", "label": "Stationary", "speed_ms": 0.04}
2026-05-17 21:51:19,927 | SENDER=emotion_node         TOPIC=/hri/emotion         SHA256=2cb80fc8bc87bf2d63a696531984a40c307d9d25b5780498c5441fce9b076511 DATA={"source": "EmotionModel_v1", "label": "Confused", "confidence": 0.93}
2026-05-17 21:51:20,381 | SENDER=gesture_node         TOPIC=/hri/gesture         SHA256=9c2d7d6267bc0073a7fc20ca7d5ec2c462d7d77f9ce3d11432f9db4950060e26 DATA={"source": "GestureModel_v1", "label": "Wave", "confidence": 0.85}
2026-05-17 21:51:21,692 | SENDER=context_node         TOPIC=/hri/context         SHA256=a64fb3cfbf73edd634404a40b5c36a0c53b982ba75ff4431360d795192f7cd87 DATA={"source": "ContextModel_v1", "environment": "Hospital_Ward", "crowding": "Low"}
2026-05-17 21:51:21,852 | SENDER=motion_node          TOPIC=/hri/motion          SHA256=b2ebcde0d272c12f8edeb7ff292725b6f9cb7b57e1c991c4fe7fd388a4f47c97 DATA={"source": "MotionModel_v1", "label": "Running", "speed_ms": 2.33}
2026-05-17 21:51:21,926 | SENDER=emotion_node         TOPIC=/hri/emotion         SHA256=d22ed276a5200c14818ffa6b93799ed65bf4bb241614118f704e38749bfd3e20 DATA={"source": "EmotionModel_v1", "label": "Confused", "confidence": 0.91}
2026-05-17 21:51:22,381 | SENDER=gesture_node         TOPIC=/hri/gesture         SHA256=1c26f0b6d9044fdafa1762a023dd598d667da44f5a8a353920b5a5dd5ffb649e DATA={"source": "GestureModel_v1", "label": "Beckon", "confidence": 0.89}
2026-05-17 21:51:23,695 | SENDER=context_node         TOPIC=/hri/context         SHA256=b88b3385b15277f264a4977a18a860ce4df5fa37ec2862844eecd37fad4c7813 DATA={"source": "ContextModel_v1", "environment": "Hospital_Corridor", "crowding": "High"}
2026-05-17 21:51:23,848 | SENDER=motion_node          TOPIC=/hri/motion          SHA256=e9e72f3216bab8d211a7c31ca4e5f8789e65e366b5af64640c006f1b08db5710 DATA={"source": "MotionModel_v1", "label": "Stationary", "speed_ms": 0.08}
2026-05-17 21:51:23,926 | SENDER=emotion_node         TOPIC=/hri/emotion         SHA256=143556710f410dfdc1912099ef3595f2144e2758cd3e29e73b3e82ec9d12f19a DATA={"source": "EmotionModel_v1", "label": "Panicked", "confidence": 0.99}
2026-05-17 21:51:24,381 | SENDER=gesture_node         TOPIC=/hri/gesture         SHA256=af86edf6ee4495d7dc4fdbaeb3805b2c35947be88da925ea476e0d15668fe167 DATA={"source": "GestureModel_v1", "label": "Cross_Arms", "confidence": 0.89}
2026-05-17 21:51:25,692 | SENDER=context_node         TOPIC=/hri/context         SHA256=b88b3385b15277f264a4977a18a860ce4df5fa37ec2862844eecd37fad4c7813 DATA={"source": "ContextModel_v1", "environment": "Hospital_Corridor", "crowding": "High"}
2026-05-17 21:51:25,848 | SENDER=motion_node          TOPIC=/hri/motion          SHA256=6bd8d22471a97942a2f1be7f3deee538d215a58d1ebb4f96ace3c1d12f14933d DATA={"source": "MotionModel_v1", "label": "Running", "speed_ms": 1.92}
2026-05-17 21:51:25,929 | SENDER=emotion_node         TOPIC=/hri/emotion         SHA256=a44bc912b5604b2f3a0f393ac260493be3e0e92bdbb7f67ea569ae6e7c06746e DATA={"source": "EmotionModel_v1", "label": "Angry", "confidence": 0.81}
2026-05-17 21:51:26,379 | SENDER=gesture_node         TOPIC=/hri/gesture         SHA256=af86edf6ee4495d7dc4fdbaeb3805b2c35947be88da925ea476e0d15668fe167 DATA={"source": "GestureModel_v1", "label": "Cross_Arms", "confidence": 0.89}
2026-05-17 21:51:27,693 | SENDER=context_node         TOPIC=/hri/context         SHA256=4f7f3e509d2a45b70dab96481bdeba99e5dd5787b28f81fbd5e9933a5b67478b DATA={"source": "ContextModel_v1", "environment": "Hospital_Reception", "crowding": "Medium"}
2026-05-17 21:51:27,849 | SENDER=motion_node          TOPIC=/hri/motion          SHA256=961785fcc40bec16ddaad54a8455a3385b0db9a8de0afaafac25d770dc6ce2b7 DATA={"source": "MotionModel_v1", "label": "Stationary", "speed_ms": 0.09}
2026-05-17 21:51:27,926 | SENDER=emotion_node         TOPIC=/hri/emotion         SHA256=2f82ecce2e3618087f7024ad42d3e0b6360e608be5d9efbca7fdef5171a408c2 DATA={"source": "EmotionModel_v1", "label": "Happy", "confidence": 0.93}
2026-05-17 21:51:28,379 | SENDER=gesture_node         TOPIC=/hri/gesture         SHA256=531aa4915ea5bd4a6acb19e1014364d88b05dc5d27c74024e3a94b63d1bfaac6 DATA={"source": "GestureModel_v1", "label": "Thumbs_Up", "confidence": 0.94}
2026-05-17 21:51:29,694 | SENDER=context_node         TOPIC=/hri/context         SHA256=f83540b369d62d3a3626f4487a33a8fb933121643231b1e0e5d4aeab15d1aac7 DATA={"source": "ContextModel_v1", "environment": "Museum_Gallery", "crowding": "Low"}
2026-05-17 21:51:29,848 | SENDER=motion_node          TOPIC=/hri/motion          SHA256=b50a1667a1efadf78b882dc529c5dcd83bb8cbbe741cc1e34c677b50b2ef15c9 DATA={"source": "MotionModel_v1", "label": "Running", "speed_ms": 3.42}
2026-05-17 21:51:29,926 | SENDER=emotion_node         TOPIC=/hri/emotion         SHA256=c5793a326aaafa2680ba4284459d95ab792410348373037a6131eebc1451b6b6 DATA={"source": "EmotionModel_v1", "label": "Angry", "confidence": 0.83}
2026-05-17 21:51:30,377 | SENDER=gesture_node         TOPIC=/hri/gesture         SHA256=c207a55977ac3af6d49b846463e0b831a7927f035f6f7bd91f1b793eeaec6caa DATA={"source": "GestureModel_v1", "label": "Cross_Arms", "confidence": 0.91}
2026-05-17 21:51:31,691 | SENDER=context_node         TOPIC=/hri/context         SHA256=4f7f3e509d2a45b70dab96481bdeba99e5dd5787b28f81fbd5e9933a5b67478b DATA={"source": "ContextModel_v1", "environment": "Hospital_Reception", "crowding": "Medium"}
2026-05-17 21:51:31,850 | SENDER=motion_node          TOPIC=/hri/motion          SHA256=2f86b70f9115f538e632ef47af54b54ab21cce9401fac62bb4b60727eda1bb5c DATA={"source": "MotionModel_v1", "label": "Stationary", "speed_ms": 0.04}
2026-05-17 21:51:31,926 | SENDER=emotion_node         TOPIC=/hri/emotion         SHA256=233bd8bb3234061a59ca442d23f43007648a3368103e5675644a5429d0b285b5 DATA={"source": "EmotionModel_v1", "label": "Neutral", "confidence": 0.82}
2026-05-17 21:51:32,381 | SENDER=gesture_node         TOPIC=/hri/gesture         SHA256=f8c1e183c4fcefe7027020d7a9e91c173e5bc8d66e5ff5dd8a7fa1a395cc3836 DATA={"source": "GestureModel_v1", "label": "Wave", "confidence": 0.89}
2026-05-17 21:51:33,693 | SENDER=context_node         TOPIC=/hri/context         SHA256=4f7f3e509d2a45b70dab96481bdeba99e5dd5787b28f81fbd5e9933a5b67478b DATA={"source": "ContextModel_v1", "environment": "Hospital_Reception", "crowding": "Medium"}
2026-05-17 21:51:33,848 | SENDER=motion_node          TOPIC=/hri/motion          SHA256=0dfa62edfc3fb6d71744bfa2a0f2e246d00dc328283cf582065aa1cfdd093c50 DATA={"source": "MotionModel_v1", "label": "Running", "speed_ms": 1.89}
2026-05-17 21:51:33,926 | SENDER=emotion_node         TOPIC=/hri/emotion         SHA256=ea6772e9fef11308c2984fd41b43641a361cff8a01ec39266385419dad9ae817 DATA={"source": "EmotionModel_v1", "label": "Neutral", "confidence": 0.81}
2026-05-17 21:51:34,381 | SENDER=gesture_node         TOPIC=/hri/gesture         SHA256=f3a5e9fd5f47af06408d6a01da4f6c1cef0aabb11188d59709928a9a43a32fa8 DATA={"source": "GestureModel_v1", "label": "Wave", "confidence": 0.86}
2026-05-17 21:51:35,695 | SENDER=context_node         TOPIC=/hri/context         SHA256=f83540b369d62d3a3626f4487a33a8fb933121643231b1e0e5d4aeab15d1aac7 DATA={"source": "ContextModel_v1", "environment": "Museum_Gallery", "crowding": "Low"}
2026-05-17 21:51:35,852 | SENDER=motion_node          TOPIC=/hri/motion          SHA256=355fa5198003fca17ac10e06ed94d6babe3e6f46c4060dc1c122d7e582031685 DATA={"source": "MotionModel_v1", "label": "Approaching", "speed_ms": 0.81}
2026-05-17 21:51:35,926 | SENDER=emotion_node         TOPIC=/hri/emotion         SHA256=f2084d172f0a61d589af23a490cc7f24a8e4c61bdadda5d13175df941e1c60e2 DATA={"source": "EmotionModel_v1", "label": "Neutral", "confidence": 0.91}
2026-05-17 21:51:36,378 | SENDER=gesture_node         TOPIC=/hri/gesture         SHA256=1bada581df882fed06f7aeae1b239a39313c8b114cc4a7970007d0c88593a117 DATA={"source": "GestureModel_v1", "label": "Stop", "confidence": 0.89}
2026-05-17 21:51:37,695 | SENDER=context_node         TOPIC=/hri/context         SHA256=0328fe086d7abbbd5cc66066c96aec10db560086a0f840535d8d2da0875519d9 DATA={"source": "ContextModel_v1", "environment": "Retail_Aisle", "crowding": "Medium"}
2026-05-17 21:51:37,849 | SENDER=motion_node          TOPIC=/hri/motion          SHA256=bc7ef510a860b3fa76471b63ae3a8ea3ec8403d9e2d76a8f0b342d9ac602547f DATA={"source": "MotionModel_v1", "label": "Approaching", "speed_ms": 0.58}
2026-05-17 21:51:37,927 | SENDER=emotion_node         TOPIC=/hri/emotion         SHA256=c97beabb29a7d067f58838c84617319171a090079c72d75459bf3126e73a0b29 DATA={"source": "EmotionModel_v1", "label": "Panicked", "confidence": 0.92}
2026-05-17 21:51:38,378 | SENDER=gesture_node         TOPIC=/hri/gesture         SHA256=567557a1528428c8fb1157a3a0fb4c1690c8c96455870d51ba01fa111151f296 DATA={"source": "GestureModel_v1", "label": "Cross_Arms", "confidence": 0.86}
2026-05-17 21:51:39,695 | SENDER=context_node         TOPIC=/hri/context         SHA256=0328fe086d7abbbd5cc66066c96aec10db560086a0f840535d8d2da0875519d9 DATA={"source": "ContextModel_v1", "environment": "Retail_Aisle", "crowding": "Medium"}
2026-05-17 21:51:39,848 | SENDER=motion_node          TOPIC=/hri/motion          SHA256=a359a737c4a8f83de8a70af073b343f97c0726f835bbb4dbf1d97bf7ee31880f DATA={"source": "MotionModel_v1", "label": "Stationary", "speed_ms": 0.07}
2026-05-17 21:51:39,926 | SENDER=emotion_node         TOPIC=/hri/emotion         SHA256=def82fa5f6e5b9496b7405bb5a8c75e40de3b320de1185bbb8b26788cd65e167 DATA={"source": "EmotionModel_v1", "label": "Happy", "confidence": 0.88}
2026-05-17 21:51:40,381 | SENDER=gesture_node         TOPIC=/hri/gesture         SHA256=4811bf4d8ef8729831d87bd1c5fdac446b9be8533584c275d6c2378e09e8cffe DATA={"source": "GestureModel_v1", "label": "Cross_Arms", "confidence": 0.88}
2026-05-17 21:51:41,693 | SENDER=context_node         TOPIC=/hri/context         SHA256=f83540b369d62d3a3626f4487a33a8fb933121643231b1e0e5d4aeab15d1aac7 DATA={"source": "ContextModel_v1", "environment": "Museum_Gallery", "crowding": "Low"}
2026-05-17 21:51:41,851 | SENDER=motion_node          TOPIC=/hri/motion          SHA256=b077429cd749ec5763116ba2393e73e9148ba9066e06efe18d002e3b104433fa DATA={"source": "MotionModel_v1", "label": "Approaching", "speed_ms": 0.41}
2026-05-17 21:51:41,926 | SENDER=emotion_node         TOPIC=/hri/emotion         SHA256=c4373afd645a7006318f98e2df204e1da4ae18e2a3431ccf16cca3b9332ebafa DATA={"source": "EmotionModel_v1", "label": "Sad", "confidence": 0.77}
2026-05-17 21:51:42,378 | SENDER=gesture_node         TOPIC=/hri/gesture         SHA256=41858cb651ab8d66a77131f1667e8d6152a1ef706585d2251aaddd3d2bb550ab DATA={"source": "GestureModel_v1", "label": "Stop", "confidence": 0.91}
2026-05-17 21:51:43,694 | SENDER=context_node         TOPIC=/hri/context         SHA256=b88b3385b15277f264a4977a18a860ce4df5fa37ec2862844eecd37fad4c7813 DATA={"source": "ContextModel_v1", "environment": "Hospital_Corridor", "crowding": "High"}
2026-05-17 21:51:43,850 | SENDER=motion_node          TOPIC=/hri/motion          SHA256=8ab679d78e6bd7d6e649ce03315c0ad0efa5ff4722472c239b41706c15835630 DATA={"source": "MotionModel_v1", "label": "Retreating", "speed_ms": 0.77}
2026-05-17 21:51:43,926 | SENDER=emotion_node         TOPIC=/hri/emotion         SHA256=9beddab6b207fd0240159a70ae954ac7e1a4f55bfaa7771671c43bf498cc8ec8 DATA={"source": "EmotionModel_v1", "label": "Angry", "confidence": 0.78}
2026-05-17 21:51:44,381 | SENDER=gesture_node         TOPIC=/hri/gesture         SHA256=f8c1e183c4fcefe7027020d7a9e91c173e5bc8d66e5ff5dd8a7fa1a395cc3836 DATA={"source": "GestureModel_v1", "label": "Wave", "confidence": 0.89}
2026-05-17 21:51:45,694 | SENDER=context_node         TOPIC=/hri/context         SHA256=b88b3385b15277f264a4977a18a860ce4df5fa37ec2862844eecd37fad4c7813 DATA={"source": "ContextModel_v1", "environment": "Hospital_Corridor", "crowding": "High"}
2026-05-17 21:51:45,850 | SENDER=motion_node          TOPIC=/hri/motion          SHA256=03fed77cbc8167c37a5f460e25994d9f9a96c19cfc96a098296e040c04acbbce DATA={"source": "MotionModel_v1", "label": "Stationary", "speed_ms": 0.0}
2026-05-17 21:51:45,926 | SENDER=emotion_node         TOPIC=/hri/emotion         SHA256=c5793a326aaafa2680ba4284459d95ab792410348373037a6131eebc1451b6b6 DATA={"source": "EmotionModel_v1", "label": "Angry", "confidence": 0.83}
2026-05-17 21:51:46,378 | SENDER=gesture_node         TOPIC=/hri/gesture         SHA256=fdea9da89496b551be658a7c3da499ee1a917f963e7fa137772c70fcb33de972 DATA={"source": "GestureModel_v1", "label": "Beckon", "confidence": 0.9}
2026-05-17 21:51:48,933 | SENDER=context_node         TOPIC=/hri/context         SHA256=b88b3385b15277f264a4977a18a860ce4df5fa37ec2862844eecd37fad4c7813 DATA={"source": "ContextModel_v1", "environment": "Hospital_Corridor", "crowding": "High"}
2026-05-17 21:51:49,087 | SENDER=motion_node          TOPIC=/hri/motion          SHA256=d2295dc2c18700754061d741ba1f75031785644cd31f8dfa34c7d051dcf11749 DATA={"source": "MotionModel_v1", "label": "Retreating", "speed_ms": 0.51}
2026-05-17 21:51:49,166 | SENDER=emotion_node         TOPIC=/hri/emotion         SHA256=00859525ba0aa4fdb878ae87e001ac6dfb6c25c36af6d042ac530c69cb99ef29 DATA={"source": "EmotionModel_v1", "label": "Sad", "confidence": 0.88}
2026-05-17 21:51:49,617 | SENDER=gesture_node         TOPIC=/hri/gesture         SHA256=641c3dda621dae518afaa84bb122e0fd38aaa475d79f4f2f95a3237156141a42 DATA={"source": "GestureModel_v1", "label": "Cross_Arms", "confidence": 0.82}
2026-05-17 21:51:49,692 | SENDER=context_node         TOPIC=/hri/context         SHA256=0328fe086d7abbbd5cc66066c96aec10db560086a0f840535d8d2da0875519d9 DATA={"source": "ContextModel_v1", "environment": "Retail_Aisle", "crowding": "Medium"}
2026-05-17 21:51:49,851 | SENDER=motion_node          TOPIC=/hri/motion          SHA256=5195b0f3eac2d7cfcc49f04a44cb0198b4ca6da7742e08ec320c9874b15cb3bd DATA={"source": "MotionModel_v1", "label": "Approaching", "speed_ms": 0.88}
2026-05-17 21:51:49,928 | SENDER=emotion_node         TOPIC=/hri/emotion         SHA256=cde2f37f342c665de86357068364314c9948bbfa70c1390226eacc6c9333742c DATA={"source": "EmotionModel_v1", "label": "Confused", "confidence": 0.92}
2026-05-17 21:51:50,381 | SENDER=gesture_node         TOPIC=/hri/gesture         SHA256=eea59434a52107b7a82b1ad0c516a773c44b3917b2c46bbfdcb491c4f7882295 DATA={"source": "GestureModel_v1", "label": "Stop", "confidence": 0.98}
2026-05-17 21:51:51,695 | SENDER=context_node         TOPIC=/hri/context         SHA256=b88b3385b15277f264a4977a18a860ce4df5fa37ec2862844eecd37fad4c7813 DATA={"source": "ContextModel_v1", "environment": "Hospital_Corridor", "crowding": "High"}
2026-05-17 21:51:51,848 | SENDER=motion_node          TOPIC=/hri/motion          SHA256=4bbe844bf9a06070cf4e80e5f12293ffa12fb3ea5e2fcb79dbdd8200ae1b35a5 DATA={"source": "MotionModel_v1", "label": "Retreating", "speed_ms": 0.61}
2026-05-17 21:51:51,927 | SENDER=emotion_node         TOPIC=/hri/emotion         SHA256=7f17b9753dea1c89574f88c2320cb01cc212d91a5b4f0840c1479c2befa10a65 DATA={"source": "EmotionModel_v1", "label": "Confused", "confidence": 0.89}
2026-05-17 21:51:52,381 | SENDER=gesture_node         TOPIC=/hri/gesture         SHA256=e60eaeb1fec23e63aa0078e10ac88c33178f8ee33395fe631388fa2198ba878e DATA={"source": "GestureModel_v1", "label": "Cross_Arms", "confidence": 0.83}
2026-05-17 21:51:53,694 | SENDER=context_node         TOPIC=/hri/context         SHA256=4f7f3e509d2a45b70dab96481bdeba99e5dd5787b28f81fbd5e9933a5b67478b DATA={"source": "ContextModel_v1", "environment": "Hospital_Reception", "crowding": "Medium"}
2026-05-17 21:51:53,851 | SENDER=motion_node          TOPIC=/hri/motion          SHA256=1475ebb6b8917ec88f4cbc11934bda041670c12013663d8207139383d227d310 DATA={"source": "MotionModel_v1", "label": "Wandering", "speed_ms": 0.46}
2026-05-17 21:51:53,927 | SENDER=emotion_node         TOPIC=/hri/emotion         SHA256=3b0b48fb4ebc8c671cb5891f5b5b8e6b70ad75b2152235da41e3b65f9b324e7a DATA={"source": "EmotionModel_v1", "label": "Angry", "confidence": 0.84}
2026-05-17 21:51:54,382 | SENDER=gesture_node         TOPIC=/hri/gesture         SHA256=2f3b8570b684d4fa74465f1a58ba3a522605219d3622d152b92fb24550ea7a14 DATA={"source": "GestureModel_v1", "label": "Wave", "confidence": 0.9}
2026-05-17 21:51:55,691 | SENDER=context_node         TOPIC=/hri/context         SHA256=f83540b369d62d3a3626f4487a33a8fb933121643231b1e0e5d4aeab15d1aac7 DATA={"source": "ContextModel_v1", "environment": "Museum_Gallery", "crowding": "Low"}
2026-05-17 21:51:55,851 | SENDER=motion_node          TOPIC=/hri/motion          SHA256=6bd8d22471a97942a2f1be7f3deee538d215a58d1ebb4f96ace3c1d12f14933d DATA={"source": "MotionModel_v1", "label": "Running", "speed_ms": 1.92}
2026-05-17 21:51:55,926 | SENDER=emotion_node         TOPIC=/hri/emotion         SHA256=c97beabb29a7d067f58838c84617319171a090079c72d75459bf3126e73a0b29 DATA={"source": "EmotionModel_v1", "label": "Panicked", "confidence": 0.92}
2026-05-17 21:51:56,381 | SENDER=gesture_node         TOPIC=/hri/gesture         SHA256=9c23e07af1c553433345d5ea1db582b01f88aaa69cfaff89eaecaa4d16ef97ce DATA={"source": "GestureModel_v1", "label": "Beckon", "confidence": 0.86}
2026-05-17 21:51:57,695 | SENDER=context_node         TOPIC=/hri/context         SHA256=b88b3385b15277f264a4977a18a860ce4df5fa37ec2862844eecd37fad4c7813 DATA={"source": "ContextModel_v1", "environment": "Hospital_Corridor", "crowding": "High"}
2026-05-17 21:51:57,848 | SENDER=motion_node          TOPIC=/hri/motion          SHA256=cd75153566d422e17d8d18429df97d0f3c5f972d9c6dca29accb0d4137f18239 DATA={"source": "MotionModel_v1", "label": "Stationary", "speed_ms": 0.01}
2026-05-17 21:51:57,926 | SENDER=emotion_node         TOPIC=/hri/emotion         SHA256=b5bae5853ba7db99f5fca54f4048107ae6a8be3dee2f415addc8f5a6e0f55421 DATA={"source": "EmotionModel_v1", "label": "Sad", "confidence": 0.83}
2026-05-17 21:51:58,378 | SENDER=gesture_node         TOPIC=/hri/gesture         SHA256=41858cb651ab8d66a77131f1667e8d6152a1ef706585d2251aaddd3d2bb550ab DATA={"source": "GestureModel_v1", "label": "Stop", "confidence": 0.91}
2026-05-17 21:51:59,694 | SENDER=context_node         TOPIC=/hri/context         SHA256=4f7f3e509d2a45b70dab96481bdeba99e5dd5787b28f81fbd5e9933a5b67478b DATA={"source": "ContextModel_v1", "environment": "Hospital_Reception", "crowding": "Medium"}
2026-05-17 21:51:59,848 | SENDER=motion_node          TOPIC=/hri/motion          SHA256=b49c8116792eae336bdbf52c4ab625f038c9f26503393bf6dcad7275ef8a1632 DATA={"source": "MotionModel_v1", "label": "Wandering", "speed_ms": 0.33}
2026-05-17 21:51:59,926 | SENDER=emotion_node         TOPIC=/hri/emotion         SHA256=9beddab6b207fd0240159a70ae954ac7e1a4f55bfaa7771671c43bf498cc8ec8 DATA={"source": "EmotionModel_v1", "label": "Angry", "confidence": 0.78}
2026-05-17 21:52:00,380 | SENDER=gesture_node         TOPIC=/hri/gesture         SHA256=360ed7fd856521fd958c783e3921e09bdc53afd0d257c050d1d631e741a75fbb DATA={"source": "GestureModel_v1", "label": "Thumbs_Up", "confidence": 0.92}
2026-05-17 21:52:01,695 | SENDER=context_node         TOPIC=/hri/context         SHA256=b88b3385b15277f264a4977a18a860ce4df5fa37ec2862844eecd37fad4c7813 DATA={"source": "ContextModel_v1", "environment": "Hospital_Corridor", "crowding": "High"}
2026-05-17 21:52:01,850 | SENDER=motion_node          TOPIC=/hri/motion          SHA256=6109c0f04ebd1c02c0da3b8ad0f8b3b90324fad56db90ec9bc5fd754b73781c0 DATA={"source": "MotionModel_v1", "label": "Running", "speed_ms": 2.48}
2026-05-17 21:52:01,926 | SENDER=emotion_node         TOPIC=/hri/emotion         SHA256=2f82ecce2e3618087f7024ad42d3e0b6360e608be5d9efbca7fdef5171a408c2 DATA={"source": "EmotionModel_v1", "label": "Happy", "confidence": 0.93}
2026-05-17 21:52:02,381 | SENDER=gesture_node         TOPIC=/hri/gesture         SHA256=ab0c738f88aa89f042fa5de523b57602eb39ca46f6a33a9c066709723504c33b DATA={"source": "GestureModel_v1", "label": "Wave", "confidence": 0.87}
2026-05-17 21:52:03,695 | SENDER=context_node         TOPIC=/hri/context         SHA256=a64fb3cfbf73edd634404a40b5c36a0c53b982ba75ff4431360d795192f7cd87 DATA={"source": "ContextModel_v1", "environment": "Hospital_Ward", "crowding": "Low"}
2026-05-17 21:52:03,849 | SENDER=motion_node          TOPIC=/hri/motion          SHA256=6538a274e3f02fc7ad58921e8df221670b32d69118ea86387b1c425bcd0cfb62 DATA={"source": "MotionModel_v1", "label": "Running", "speed_ms": 2.93}
2026-05-17 21:52:03,926 | SENDER=emotion_node         TOPIC=/hri/emotion         SHA256=c9f62e048a71b2b7a2d2b3e01efa596035bef3940f5d6ee245990acc897438b2 DATA={"source": "EmotionModel_v1", "label": "Panicked", "confidence": 0.96}
2026-05-17 21:52:04,377 | SENDER=gesture_node         TOPIC=/hri/gesture         SHA256=65c18f592191716bd4713ca0311a437ad474800ebd3506cfd207376f6807f6ba DATA={"source": "GestureModel_v1", "label": "Thumbs_Up", "confidence": 0.87}
2026-05-17 21:52:05,695 | SENDER=context_node         TOPIC=/hri/context         SHA256=0328fe086d7abbbd5cc66066c96aec10db560086a0f840535d8d2da0875519d9 DATA={"source": "ContextModel_v1", "environment": "Retail_Aisle", "crowding": "Medium"}
2026-05-17 21:52:05,850 | SENDER=motion_node          TOPIC=/hri/motion          SHA256=9cc96eeb278d95bb4e1c9db10695e64670b274e922a4f26a643bea81b6450cfe DATA={"source": "MotionModel_v1", "label": "Running", "speed_ms": 3.38}
2026-05-17 21:52:05,926 | SENDER=emotion_node         TOPIC=/hri/emotion         SHA256=c9f62e048a71b2b7a2d2b3e01efa596035bef3940f5d6ee245990acc897438b2 DATA={"source": "EmotionModel_v1", "label": "Panicked", "confidence": 0.96}
2026-05-17 21:52:06,381 | SENDER=gesture_node         TOPIC=/hri/gesture         SHA256=ab0c738f88aa89f042fa5de523b57602eb39ca46f6a33a9c066709723504c33b DATA={"source": "GestureModel_v1", "label": "Wave", "confidence": 0.87}
2026-05-17 21:52:07,695 | SENDER=context_node         TOPIC=/hri/context         SHA256=f83540b369d62d3a3626f4487a33a8fb933121643231b1e0e5d4aeab15d1aac7 DATA={"source": "ContextModel_v1", "environment": "Museum_Gallery", "crowding": "Low"}
2026-05-17 21:52:07,849 | SENDER=motion_node          TOPIC=/hri/motion          SHA256=930612de72d171a03b758359240ef8f9150523f5b34ea14000a30cd46e00883c DATA={"source": "MotionModel_v1", "label": "Retreating", "speed_ms": 0.42}
2026-05-17 21:52:07,926 | SENDER=emotion_node         TOPIC=/hri/emotion         SHA256=cf406c65b3f5c61b3fdc0ac4367fb476c9abce8be1e6af674dcea56d4c0abd65 DATA={"source": "EmotionModel_v1", "label": "Angry", "confidence": 0.87}
2026-05-17 21:52:08,377 | SENDER=gesture_node         TOPIC=/hri/gesture         SHA256=568ecd36f4f4603ad2d6e88961d9b734b5cf94576fa19fad4c496279ba28f9bd DATA={"source": "GestureModel_v1", "label": "Point", "confidence": 0.92}
2026-05-17 21:52:09,694 | SENDER=context_node         TOPIC=/hri/context         SHA256=a64fb3cfbf73edd634404a40b5c36a0c53b982ba75ff4431360d795192f7cd87 DATA={"source": "ContextModel_v1", "environment": "Hospital_Ward", "crowding": "Low"}
2026-05-17 21:52:09,851 | SENDER=motion_node          TOPIC=/hri/motion          SHA256=2ab58f1a8fe7ae8bf16bd0a76be1183d5104819b34c119008705ad62aa4d96f0 DATA={"source": "MotionModel_v1", "label": "Wandering", "speed_ms": 0.56}
2026-05-17 21:52:09,927 | SENDER=emotion_node         TOPIC=/hri/emotion         SHA256=1dce560609a9d2f4938db0d258e18578b7f2146af2e9808cea373f78f52767e7 DATA={"source": "EmotionModel_v1", "label": "Angry", "confidence": 0.79}
2026-05-17 21:52:10,381 | SENDER=gesture_node         TOPIC=/hri/gesture         SHA256=3ecfd8986e395125c84f18e5ae99ca501d0aeb626128e03435d34223d907b0dd DATA={"source": "GestureModel_v1", "label": "Point", "confidence": 0.91}
2026-05-17 21:52:11,694 | SENDER=context_node         TOPIC=/hri/context         SHA256=0328fe086d7abbbd5cc66066c96aec10db560086a0f840535d8d2da0875519d9 DATA={"source": "ContextModel_v1", "environment": "Retail_Aisle", "crowding": "Medium"}
2026-05-17 21:52:11,848 | SENDER=motion_node          TOPIC=/hri/motion          SHA256=961785fcc40bec16ddaad54a8455a3385b0db9a8de0afaafac25d770dc6ce2b7 DATA={"source": "MotionModel_v1", "label": "Stationary", "speed_ms": 0.09}
2026-05-17 21:52:11,926 | SENDER=emotion_node         TOPIC=/hri/emotion         SHA256=9f4fe36c3dbb6f7f4d021d28f1a295f67466675c1893f867480a382a8f8a6e1c DATA={"source": "EmotionModel_v1", "label": "Confused", "confidence": 0.9}
2026-05-17 21:52:12,381 | SENDER=gesture_node         TOPIC=/hri/gesture         SHA256=f8c1e183c4fcefe7027020d7a9e91c173e5bc8d66e5ff5dd8a7fa1a395cc3836 DATA={"source": "GestureModel_v1", "label": "Wave", "confidence": 0.89}
2026-05-17 21:52:13,695 | SENDER=context_node         TOPIC=/hri/context         SHA256=a64fb3cfbf73edd634404a40b5c36a0c53b982ba75ff4431360d795192f7cd87 DATA={"source": "ContextModel_v1", "environment": "Hospital_Ward", "crowding": "Low"}
2026-05-17 21:52:13,848 | SENDER=motion_node          TOPIC=/hri/motion          SHA256=a805403fe791a4e7b6b69e2c78a37faa4cc88f0781ae75b9605f520fd3fcfb64 DATA={"source": "MotionModel_v1", "label": "Retreating", "speed_ms": 0.7}
2026-05-17 21:52:13,926 | SENDER=emotion_node         TOPIC=/hri/emotion         SHA256=1dce560609a9d2f4938db0d258e18578b7f2146af2e9808cea373f78f52767e7 DATA={"source": "EmotionModel_v1", "label": "Angry", "confidence": 0.79}
2026-05-17 21:52:14,382 | SENDER=gesture_node         TOPIC=/hri/gesture         SHA256=07f6a18ff66122470059036b3cc30429fda2758668b042c013231913c8770264 DATA={"source": "GestureModel_v1", "label": "Wave", "confidence": 0.96}
2026-05-17 21:52:15,692 | SENDER=context_node         TOPIC=/hri/context         SHA256=b88b3385b15277f264a4977a18a860ce4df5fa37ec2862844eecd37fad4c7813 DATA={"source": "ContextModel_v1", "environment": "Hospital_Corridor", "crowding": "High"}
2026-05-17 21:52:15,849 | SENDER=motion_node          TOPIC=/hri/motion          SHA256=754f18379b379a5ef0af6bd1bde3e479c819e18a1e9ed34c62d0b83c2d37517b DATA={"source": "MotionModel_v1", "label": "Approaching", "speed_ms": 0.42}
2026-05-17 21:52:15,927 | SENDER=emotion_node         TOPIC=/hri/emotion         SHA256=1a6b6cd8ce54374fcf1708ed772ae33dc72925ef1859d2984c199c36d21e8af5 DATA={"source": "EmotionModel_v1", "label": "Sad", "confidence": 0.87}
2026-05-17 21:52:16,378 | SENDER=gesture_node         TOPIC=/hri/gesture         SHA256=c16ad41177289a7aadc458401d2c728ab3052043b041cd26005ccbb1aff9192c DATA={"source": "GestureModel_v1", "label": "Stop", "confidence": 0.97}
2026-05-17 21:52:17,695 | SENDER=context_node         TOPIC=/hri/context         SHA256=a64fb3cfbf73edd634404a40b5c36a0c53b982ba75ff4431360d795192f7cd87 DATA={"source": "ContextModel_v1", "environment": "Hospital_Ward", "crowding": "Low"}
2026-05-17 21:52:17,848 | SENDER=motion_node          TOPIC=/hri/motion          SHA256=7b597c1ca55c03e02b859e4b12873d7ae89bb4033245337d537ac8b5f21ae7a6 DATA={"source": "MotionModel_v1", "label": "Wandering", "speed_ms": 0.34}
2026-05-17 21:52:17,926 | SENDER=emotion_node         TOPIC=/hri/emotion         SHA256=b5bae5853ba7db99f5fca54f4048107ae6a8be3dee2f415addc8f5a6e0f55421 DATA={"source": "EmotionModel_v1", "label": "Sad", "confidence": 0.83}
2026-05-17 21:52:18,378 | SENDER=gesture_node         TOPIC=/hri/gesture         SHA256=0af1ed4d53f9ad3ab12d0f8ba5c5ded386c66457545958e23cac05adbfcade55 DATA={"source": "GestureModel_v1", "label": "Stop", "confidence": 0.93}
2026-05-17 21:52:19,694 | SENDER=context_node         TOPIC=/hri/context         SHA256=4f7f3e509d2a45b70dab96481bdeba99e5dd5787b28f81fbd5e9933a5b67478b DATA={"source": "ContextModel_v1", "environment": "Hospital_Reception", "crowding": "Medium"}
2026-05-17 21:52:19,850 | SENDER=motion_node          TOPIC=/hri/motion          SHA256=d726ab9b8743fe3edfd757dcbc7d59ab33b9ec241b95c8a1f951769f53bb233e DATA={"source": "MotionModel_v1", "label": "Approaching", "speed_ms": 0.53}
2026-05-17 21:52:19,926 | SENDER=emotion_node         TOPIC=/hri/emotion         SHA256=a16e78978e9a387224a47e626b63b25a62b0930d7bed5f5b6524b2db1440d194 DATA={"source": "EmotionModel_v1", "label": "Panicked", "confidence": 0.89}
2026-05-17 21:52:20,381 | SENDER=gesture_node         TOPIC=/hri/gesture         SHA256=524ac5ae77246be80b1cc3514691376f3090b4e0d863b2cfb2819871a4f1bd76 DATA={"source": "GestureModel_v1", "label": "Wave", "confidence": 0.88}
2026-05-17 21:52:22,918 | SENDER=context_node         TOPIC=/hri/context         SHA256=f83540b369d62d3a3626f4487a33a8fb933121643231b1e0e5d4aeab15d1aac7 DATA={"source": "ContextModel_v1", "environment": "Museum_Gallery", "crowding": "Low"}
2026-05-17 21:52:23,078 | SENDER=motion_node          TOPIC=/hri/motion          SHA256=f55bffdb1042fcb74f577f17542d982376dbac930bfc8fc416e9e052d48984b6 DATA={"source": "MotionModel_v1", "label": "Running", "speed_ms": 2.67}
2026-05-17 21:52:23,153 | SENDER=emotion_node         TOPIC=/hri/emotion         SHA256=d22ed276a5200c14818ffa6b93799ed65bf4bb241614118f704e38749bfd3e20 DATA={"source": "EmotionModel_v1", "label": "Confused", "confidence": 0.91}
2026-05-17 21:52:23,608 | SENDER=gesture_node         TOPIC=/hri/gesture         SHA256=94e451f6af38023c8e5c8db2a05d44b3b87ab55346f20ee179990dc54f5f3935 DATA={"source": "GestureModel_v1", "label": "Beckon", "confidence": 0.91}
2026-05-17 21:52:23,691 | SENDER=context_node         TOPIC=/hri/context         SHA256=b88b3385b15277f264a4977a18a860ce4df5fa37ec2862844eecd37fad4c7813 DATA={"source": "ContextModel_v1", "environment": "Hospital_Corridor", "crowding": "High"}
2026-05-17 21:52:23,848 | SENDER=motion_node          TOPIC=/hri/motion          SHA256=887cbb35575fd9020475f3ba1c2474993905791e24b9b8f9f723ada418e6cbfe DATA={"source": "MotionModel_v1", "label": "Wandering", "speed_ms": 0.54}
2026-05-17 21:52:23,930 | SENDER=emotion_node         TOPIC=/hri/emotion         SHA256=1dce560609a9d2f4938db0d258e18578b7f2146af2e9808cea373f78f52767e7 DATA={"source": "EmotionModel_v1", "label": "Angry", "confidence": 0.79}
2026-05-17 21:52:24,381 | SENDER=gesture_node         TOPIC=/hri/gesture         SHA256=d08bf1d062c8563e27397a25cd35892bc811731dee80beff2ea030173d6c2d16 DATA={"source": "GestureModel_v1", "label": "Thumbs_Up", "confidence": 0.86}
2026-05-17 21:52:25,692 | SENDER=context_node         TOPIC=/hri/context         SHA256=a64fb3cfbf73edd634404a40b5c36a0c53b982ba75ff4431360d795192f7cd87 DATA={"source": "ContextModel_v1", "environment": "Hospital_Ward", "crowding": "Low"}
2026-05-17 21:52:25,850 | SENDER=motion_node          TOPIC=/hri/motion          SHA256=b433e0f0d3ce9f9ff430de8b6b1d950244e3d42fba6733c34f4a6ee2723a1424 DATA={"source": "MotionModel_v1", "label": "Running", "speed_ms": 2.97}
2026-05-17 21:52:25,926 | SENDER=emotion_node         TOPIC=/hri/emotion         SHA256=143556710f410dfdc1912099ef3595f2144e2758cd3e29e73b3e82ec9d12f19a DATA={"source": "EmotionModel_v1", "label": "Panicked", "confidence": 0.99}
2026-05-17 21:52:26,381 | SENDER=gesture_node         TOPIC=/hri/gesture         SHA256=360ed7fd856521fd958c783e3921e09bdc53afd0d257c050d1d631e741a75fbb DATA={"source": "GestureModel_v1", "label": "Thumbs_Up", "confidence": 0.92}
2026-05-17 21:52:27,694 | SENDER=context_node         TOPIC=/hri/context         SHA256=a64fb3cfbf73edd634404a40b5c36a0c53b982ba75ff4431360d795192f7cd87 DATA={"source": "ContextModel_v1", "environment": "Hospital_Ward", "crowding": "Low"}
2026-05-17 21:52:27,848 | SENDER=motion_node          TOPIC=/hri/motion          SHA256=a6fa12e716de69a690cfc9210f9865fac75cba8f7ffb1e953c954836aa5304b1 DATA={"source": "MotionModel_v1", "label": "Retreating", "speed_ms": 0.86}
2026-05-17 21:52:27,929 | SENDER=emotion_node         TOPIC=/hri/emotion         SHA256=2a015f6639b60b948d636ecafda16b2a6c68bdd68bd8f48c96f231733e44a09f DATA={"source": "EmotionModel_v1", "label": "Neutral", "confidence": 0.88}
2026-05-17 21:52:28,381 | SENDER=gesture_node         TOPIC=/hri/gesture         SHA256=9c23e07af1c553433345d5ea1db582b01f88aaa69cfaff89eaecaa4d16ef97ce DATA={"source": "GestureModel_v1", "label": "Beckon", "confidence": 0.86}
2026-05-17 21:52:29,694 | SENDER=context_node         TOPIC=/hri/context         SHA256=b88b3385b15277f264a4977a18a860ce4df5fa37ec2862844eecd37fad4c7813 DATA={"source": "ContextModel_v1", "environment": "Hospital_Corridor", "crowding": "High"}
2026-05-17 21:52:29,850 | SENDER=motion_node          TOPIC=/hri/motion          SHA256=dc5941d02006dd547af812365187c8f79bc6d54701b028585a6c15187b5b826d DATA={"source": "MotionModel_v1", "label": "Approaching", "speed_ms": 1.02}
2026-05-17 21:52:29,927 | SENDER=emotion_node         TOPIC=/hri/emotion         SHA256=8f503dbb8027f39ba6403de6fe2b4dc73543f7d0a9ebbdf00fbc6ef50c8d76ba DATA={"source": "EmotionModel_v1", "label": "Neutral", "confidence": 0.89}
2026-05-17 21:52:30,380 | SENDER=gesture_node         TOPIC=/hri/gesture         SHA256=9cef38e1acce95f0a1a6d96909f129fc840f11c10b317618806b9c900bcd3a47 DATA={"source": "GestureModel_v1", "label": "Stop", "confidence": 0.88}
2026-05-17 21:52:31,691 | SENDER=context_node         TOPIC=/hri/context         SHA256=b88b3385b15277f264a4977a18a860ce4df5fa37ec2862844eecd37fad4c7813 DATA={"source": "ContextModel_v1", "environment": "Hospital_Corridor", "crowding": "High"}
2026-05-17 21:52:31,848 | SENDER=motion_node          TOPIC=/hri/motion          SHA256=a4e075f03332b35a783678a7af4e9b7074148250d811444e1af3c2d98e168c74 DATA={"source": "MotionModel_v1", "label": "Retreating", "speed_ms": 0.55}
2026-05-17 21:52:31,928 | SENDER=emotion_node         TOPIC=/hri/emotion         SHA256=d555f029dd171e5f1742b8cfa03c38bf06ece8c19269a42a00afdd0aab6e05cb DATA={"source": "EmotionModel_v1", "label": "Sad", "confidence": 0.81}
2026-05-17 21:52:32,380 | SENDER=gesture_node         TOPIC=/hri/gesture         SHA256=5fed337a0a41811d63db9d6e9998b6775db60af51dbcca4d2364cde34df5fac4 DATA={"source": "GestureModel_v1", "label": "Stop", "confidence": 0.9}
2026-05-17 21:52:33,691 | SENDER=context_node         TOPIC=/hri/context         SHA256=0328fe086d7abbbd5cc66066c96aec10db560086a0f840535d8d2da0875519d9 DATA={"source": "ContextModel_v1", "environment": "Retail_Aisle", "crowding": "Medium"}
2026-05-17 21:52:33,848 | SENDER=motion_node          TOPIC=/hri/motion          SHA256=51e72eef58acca1751706769919f1380debfc4d53bee8ae8f0bd221a38eccc42 DATA={"source": "MotionModel_v1", "label": "Retreating", "speed_ms": 0.74}
2026-05-17 21:52:33,926 | SENDER=emotion_node         TOPIC=/hri/emotion         SHA256=68d9a54c36e749733e6d72908a91e4bc96e43c189d1488e01d780c25678f9ff1 DATA={"source": "EmotionModel_v1", "label": "Sad", "confidence": 0.89}
2026-05-17 21:52:34,379 | SENDER=gesture_node         TOPIC=/hri/gesture         SHA256=38c1a32a546f9b7d0dc9fbb5f049ef020c76fb3bcaddc253d8273051dd25311f DATA={"source": "GestureModel_v1", "label": "Point", "confidence": 0.9}
2026-05-17 21:52:35,694 | SENDER=context_node         TOPIC=/hri/context         SHA256=b88b3385b15277f264a4977a18a860ce4df5fa37ec2862844eecd37fad4c7813 DATA={"source": "ContextModel_v1", "environment": "Hospital_Corridor", "crowding": "High"}
2026-05-17 21:52:35,850 | SENDER=motion_node          TOPIC=/hri/motion          SHA256=4fc1ef7b47777bd8714f9b494f39f3887d0387aa1999d9fb6787790471d7986c DATA={"source": "MotionModel_v1", "label": "Wandering", "speed_ms": 0.6}
2026-05-17 21:52:35,927 | SENDER=emotion_node         TOPIC=/hri/emotion         SHA256=003585fd167f61cac7b5f185b4559b1326f928d6d22ff3679164d2ae0adacf95 DATA={"source": "EmotionModel_v1", "label": "Happy", "confidence": 0.94}
2026-05-17 21:52:36,381 | SENDER=gesture_node         TOPIC=/hri/gesture         SHA256=1c26f0b6d9044fdafa1762a023dd598d667da44f5a8a353920b5a5dd5ffb649e DATA={"source": "GestureModel_v1", "label": "Beckon", "confidence": 0.89}
2026-05-17 21:52:37,692 | SENDER=context_node         TOPIC=/hri/context         SHA256=b88b3385b15277f264a4977a18a860ce4df5fa37ec2862844eecd37fad4c7813 DATA={"source": "ContextModel_v1", "environment": "Hospital_Corridor", "crowding": "High"}
2026-05-17 21:52:37,851 | SENDER=motion_node          TOPIC=/hri/motion          SHA256=b12b2f82d197df6c41d159ef36c83f672109cf11d449a3752214aabafccd4136 DATA={"source": "MotionModel_v1", "label": "Retreating", "speed_ms": 0.68}
2026-05-17 21:52:37,927 | SENDER=emotion_node         TOPIC=/hri/emotion         SHA256=759e6c14dfe29e4be0a7725f0f8ce23804ca4e0b14d25a8ad9a90ac97abd8be6 DATA={"source": "EmotionModel_v1", "label": "Sad", "confidence": 0.85}
2026-05-17 21:52:38,381 | SENDER=gesture_node         TOPIC=/hri/gesture         SHA256=2f3b8570b684d4fa74465f1a58ba3a522605219d3622d152b92fb24550ea7a14 DATA={"source": "GestureModel_v1", "label": "Wave", "confidence": 0.9}
2026-05-17 21:52:39,694 | SENDER=context_node         TOPIC=/hri/context         SHA256=b88b3385b15277f264a4977a18a860ce4df5fa37ec2862844eecd37fad4c7813 DATA={"source": "ContextModel_v1", "environment": "Hospital_Corridor", "crowding": "High"}
2026-05-17 21:52:39,848 | SENDER=motion_node          TOPIC=/hri/motion          SHA256=7a84cc648fd9963166895844152c4b74fdd0c8494e40a3a9f795d78c72cf781e DATA={"source": "MotionModel_v1", "label": "Running", "speed_ms": 2.74}
2026-05-17 21:52:39,926 | SENDER=emotion_node         TOPIC=/hri/emotion         SHA256=1234be84924a9049244e5859fe0ba0054d1aa37b42680b45029c8cd0ad934b91 DATA={"source": "EmotionModel_v1", "label": "Panicked", "confidence": 0.98}
2026-05-17 21:52:40,378 | SENDER=gesture_node         TOPIC=/hri/gesture         SHA256=38c1a32a546f9b7d0dc9fbb5f049ef020c76fb3bcaddc253d8273051dd25311f DATA={"source": "GestureModel_v1", "label": "Point", "confidence": 0.9}
2026-05-17 21:52:41,695 | SENDER=context_node         TOPIC=/hri/context         SHA256=f83540b369d62d3a3626f4487a33a8fb933121643231b1e0e5d4aeab15d1aac7 DATA={"source": "ContextModel_v1", "environment": "Museum_Gallery", "crowding": "Low"}
2026-05-17 21:52:41,848 | SENDER=motion_node          TOPIC=/hri/motion          SHA256=921a393ee81d155a079b4293a8d8d8752b2fe78814ac886c848870a8381cdba4 DATA={"source": "MotionModel_v1", "label": "Approaching", "speed_ms": 0.76}
2026-05-17 21:52:41,926 | SENDER=emotion_node         TOPIC=/hri/emotion         SHA256=def82fa5f6e5b9496b7405bb5a8c75e40de3b320de1185bbb8b26788cd65e167 DATA={"source": "EmotionModel_v1", "label": "Happy", "confidence": 0.88}
2026-05-17 21:52:42,378 | SENDER=gesture_node         TOPIC=/hri/gesture         SHA256=cc89d3ef7d81d2faae7a1b2fb58c914a09205ed61388339e1234c0def6653cf2 DATA={"source": "GestureModel_v1", "label": "Cross_Arms", "confidence": 0.85}
2026-05-17 21:52:43,692 | SENDER=context_node         TOPIC=/hri/context         SHA256=b88b3385b15277f264a4977a18a860ce4df5fa37ec2862844eecd37fad4c7813 DATA={"source": "ContextModel_v1", "environment": "Hospital_Corridor", "crowding": "High"}
2026-05-17 21:52:43,850 | SENDER=motion_node          TOPIC=/hri/motion          SHA256=3d29793680bf5840d1829dd8148c80c8f38ecb456afeabada33460bceb8021aa DATA={"source": "MotionModel_v1", "label": "Retreating", "speed_ms": 0.72}
2026-05-17 21:52:43,927 | SENDER=emotion_node         TOPIC=/hri/emotion         SHA256=ea6772e9fef11308c2984fd41b43641a361cff8a01ec39266385419dad9ae817 DATA={"source": "EmotionModel_v1", "label": "Neutral", "confidence": 0.81}
2026-05-17 21:52:44,380 | SENDER=gesture_node         TOPIC=/hri/gesture         SHA256=9c2d7d6267bc0073a7fc20ca7d5ec2c462d7d77f9ce3d11432f9db4950060e26 DATA={"source": "GestureModel_v1", "label": "Wave", "confidence": 0.85}
2026-05-17 21:52:45,692 | SENDER=context_node         TOPIC=/hri/context         SHA256=4f7f3e509d2a45b70dab96481bdeba99e5dd5787b28f81fbd5e9933a5b67478b DATA={"source": "ContextModel_v1", "environment": "Hospital_Reception", "crowding": "Medium"}
2026-05-17 21:52:45,848 | SENDER=motion_node          TOPIC=/hri/motion          SHA256=0a22a9e8ed96ea7a3b8c99534fa58e6447c6ca6502190ef909f33291fa511f7f DATA={"source": "MotionModel_v1", "label": "Stationary", "speed_ms": 0.03}
2026-05-17 21:52:45,929 | SENDER=emotion_node         TOPIC=/hri/emotion         SHA256=2a015f6639b60b948d636ecafda16b2a6c68bdd68bd8f48c96f231733e44a09f DATA={"source": "EmotionModel_v1", "label": "Neutral", "confidence": 0.88}
2026-05-17 21:52:46,380 | SENDER=gesture_node         TOPIC=/hri/gesture         SHA256=f3a5e9fd5f47af06408d6a01da4f6c1cef0aabb11188d59709928a9a43a32fa8 DATA={"source": "GestureModel_v1", "label": "Wave", "confidence": 0.86}
2026-05-17 21:52:47,693 | SENDER=context_node         TOPIC=/hri/context         SHA256=f83540b369d62d3a3626f4487a33a8fb933121643231b1e0e5d4aeab15d1aac7 DATA={"source": "ContextModel_v1", "environment": "Museum_Gallery", "crowding": "Low"}
2026-05-17 21:52:47,849 | SENDER=motion_node          TOPIC=/hri/motion          SHA256=4c5121eba8d78d1e05665090345d0b4cca9ead749b6be6b05db68eaca2a63fad DATA={"source": "MotionModel_v1", "label": "Wandering", "speed_ms": 0.62}
2026-05-17 21:52:47,927 | SENDER=emotion_node         TOPIC=/hri/emotion         SHA256=8f503dbb8027f39ba6403de6fe2b4dc73543f7d0a9ebbdf00fbc6ef50c8d76ba DATA={"source": "EmotionModel_v1", "label": "Neutral", "confidence": 0.89}
2026-05-17 21:52:48,381 | SENDER=gesture_node         TOPIC=/hri/gesture         SHA256=e3939c6d249bceae1c9194e70ced34c91a901afbf0d22af6d3a5b3c2558647f5 DATA={"source": "GestureModel_v1", "label": "Stop", "confidence": 0.94}
2026-05-17 21:52:49,692 | SENDER=context_node         TOPIC=/hri/context         SHA256=a64fb3cfbf73edd634404a40b5c36a0c53b982ba75ff4431360d795192f7cd87 DATA={"source": "ContextModel_v1", "environment": "Hospital_Ward", "crowding": "Low"}
2026-05-17 21:52:49,850 | SENDER=motion_node          TOPIC=/hri/motion          SHA256=7fcccefe8612ba2a2ec2a15c9b41e3b276b31bc47bc62ba6e331bbf2167ae786 DATA={"source": "MotionModel_v1", "label": "Retreating", "speed_ms": 0.45}
2026-05-17 21:52:49,927 | SENDER=emotion_node         TOPIC=/hri/emotion         SHA256=4b2df71a6a968f38a303f5940882ea4a4c80c9e591ef307e98f96607abb289c0 DATA={"source": "EmotionModel_v1", "label": "Panicked", "confidence": 0.9}
2026-05-17 21:52:50,381 | SENDER=gesture_node         TOPIC=/hri/gesture         SHA256=35912617a819bc270057bac9ae7346d7fb8cae37d746b08ff5974cd835925696 DATA={"source": "GestureModel_v1", "label": "Point", "confidence": 0.86}
2026-05-17 21:52:51,695 | SENDER=context_node         TOPIC=/hri/context         SHA256=0328fe086d7abbbd5cc66066c96aec10db560086a0f840535d8d2da0875519d9 DATA={"source": "ContextModel_v1", "environment": "Retail_Aisle", "crowding": "Medium"}
2026-05-17 21:52:51,848 | SENDER=motion_node          TOPIC=/hri/motion          SHA256=a359a737c4a8f83de8a70af073b343f97c0726f835bbb4dbf1d97bf7ee31880f DATA={"source": "MotionModel_v1", "label": "Stationary", "speed_ms": 0.07}
2026-05-17 21:52:51,930 | SENDER=emotion_node         TOPIC=/hri/emotion         SHA256=00859525ba0aa4fdb878ae87e001ac6dfb6c25c36af6d042ac530c69cb99ef29 DATA={"source": "EmotionModel_v1", "label": "Sad", "confidence": 0.88}
2026-05-17 21:52:52,379 | SENDER=gesture_node         TOPIC=/hri/gesture         SHA256=9c2d7d6267bc0073a7fc20ca7d5ec2c462d7d77f9ce3d11432f9db4950060e26 DATA={"source": "GestureModel_v1", "label": "Wave", "confidence": 0.85}
2026-05-17 21:52:53,691 | SENDER=context_node         TOPIC=/hri/context         SHA256=a64fb3cfbf73edd634404a40b5c36a0c53b982ba75ff4431360d795192f7cd87 DATA={"source": "ContextModel_v1", "environment": "Hospital_Ward", "crowding": "Low"}
2026-05-17 21:52:53,850 | SENDER=motion_node          TOPIC=/hri/motion          SHA256=7a84cc648fd9963166895844152c4b74fdd0c8494e40a3a9f795d78c72cf781e DATA={"source": "MotionModel_v1", "label": "Running", "speed_ms": 2.74}
2026-05-17 21:52:53,926 | SENDER=emotion_node         TOPIC=/hri/emotion         SHA256=aaf114afb03183f34f331041675d78ada5c375f64d858160873bcae1cbdf6edc DATA={"source": "EmotionModel_v1", "label": "Angry", "confidence": 0.91}
2026-05-17 21:52:55,611 | SENDER=gesture_node         TOPIC=/hri/gesture         SHA256=524ac5ae77246be80b1cc3514691376f3090b4e0d863b2cfb2819871a4f1bd76 DATA={"source": "GestureModel_v1", "label": "Wave", "confidence": 0.88}
2026-05-17 21:52:56,381 | SENDER=gesture_node         TOPIC=/hri/gesture         SHA256=cc89d3ef7d81d2faae7a1b2fb58c914a09205ed61388339e1234c0def6653cf2 DATA={"source": "GestureModel_v1", "label": "Cross_Arms", "confidence": 0.85}
2026-05-17 21:52:56,921 | SENDER=context_node         TOPIC=/hri/context         SHA256=0328fe086d7abbbd5cc66066c96aec10db560086a0f840535d8d2da0875519d9 DATA={"source": "ContextModel_v1", "environment": "Retail_Aisle", "crowding": "Medium"}
2026-05-17 21:52:57,080 | SENDER=motion_node          TOPIC=/hri/motion          SHA256=857dd7fe348f2d1d694a12fb0bdd1035814d95ff8f3e747d5efde92502ce15b7 DATA={"source": "MotionModel_v1", "label": "Wandering", "speed_ms": 0.64}
2026-05-17 21:52:57,156 | SENDER=emotion_node         TOPIC=/hri/emotion         SHA256=ef8388a1c703316d6759d42afc8840c8134c7ac51660cbd318c7c2f89ecfe58a DATA={"source": "EmotionModel_v1", "label": "Happy", "confidence": 0.9}
2026-05-17 21:52:57,695 | SENDER=context_node         TOPIC=/hri/context         SHA256=a64fb3cfbf73edd634404a40b5c36a0c53b982ba75ff4431360d795192f7cd87 DATA={"source": "ContextModel_v1", "environment": "Hospital_Ward", "crowding": "Low"}
2026-05-17 21:52:57,848 | SENDER=motion_node          TOPIC=/hri/motion          SHA256=a7bbe66ac23d3c63a779a4484a827a1d71ef87e0cedd04671389450184bd91ed DATA={"source": "MotionModel_v1", "label": "Retreating", "speed_ms": 0.47}
2026-05-17 21:52:57,926 | SENDER=emotion_node         TOPIC=/hri/emotion         SHA256=d4a549860a7887653c3b68fe9b41a6fe75993a0f79759dfd5062c3fad0c2ca88 DATA={"source": "EmotionModel_v1", "label": "Neutral", "confidence": 0.93}
2026-05-17 21:52:58,380 | SENDER=gesture_node         TOPIC=/hri/gesture         SHA256=c2ca7ec6a2b868fc6f0b63c137325a34ca152502dcf8c4f14d4fc7668d81b609 DATA={"source": "GestureModel_v1", "label": "Beckon", "confidence": 0.8}
2026-05-17 21:52:59,695 | SENDER=context_node         TOPIC=/hri/context         SHA256=b88b3385b15277f264a4977a18a860ce4df5fa37ec2862844eecd37fad4c7813 DATA={"source": "ContextModel_v1", "environment": "Hospital_Corridor", "crowding": "High"}
2026-05-17 21:52:59,848 | SENDER=motion_node          TOPIC=/hri/motion          SHA256=f1ba7189afe89d2e60e953e76e124e80500f9087c08e1d9ef405c9a4e9dcafd6 DATA={"source": "MotionModel_v1", "label": "Retreating", "speed_ms": 0.64}
2026-05-17 21:52:59,928 | SENDER=emotion_node         TOPIC=/hri/emotion         SHA256=07d1b20cf76f5acfe8392d055d57b184bce0d401c09383fbdc4a03f808b207a9 DATA={"source": "EmotionModel_v1", "label": "Sad", "confidence": 0.78}
2026-05-17 21:53:00,377 | SENDER=gesture_node         TOPIC=/hri/gesture         SHA256=cc89d3ef7d81d2faae7a1b2fb58c914a09205ed61388339e1234c0def6653cf2 DATA={"source": "GestureModel_v1", "label": "Cross_Arms", "confidence": 0.85}
2026-05-17 21:53:01,696 | SENDER=context_node         TOPIC=/hri/context         SHA256=b88b3385b15277f264a4977a18a860ce4df5fa37ec2862844eecd37fad4c7813 DATA={"source": "ContextModel_v1", "environment": "Hospital_Corridor", "crowding": "High"}
2026-05-17 21:53:01,848 | SENDER=motion_node          TOPIC=/hri/motion          SHA256=879f95b56d79b2b1c4901042eec5e4906062c2e86907dbb627987d93b8d7c1fa DATA={"source": "MotionModel_v1", "label": "Retreating", "speed_ms": 0.5}
2026-05-17 21:53:01,927 | SENDER=emotion_node         TOPIC=/hri/emotion         SHA256=ef8388a1c703316d6759d42afc8840c8134c7ac51660cbd318c7c2f89ecfe58a DATA={"source": "EmotionModel_v1", "label": "Happy", "confidence": 0.9}
2026-05-17 21:53:02,381 | SENDER=gesture_node         TOPIC=/hri/gesture         SHA256=1c26f0b6d9044fdafa1762a023dd598d667da44f5a8a353920b5a5dd5ffb649e DATA={"source": "GestureModel_v1", "label": "Beckon", "confidence": 0.89}
2026-05-17 21:53:03,691 | SENDER=context_node         TOPIC=/hri/context         SHA256=b88b3385b15277f264a4977a18a860ce4df5fa37ec2862844eecd37fad4c7813 DATA={"source": "ContextModel_v1", "environment": "Hospital_Corridor", "crowding": "High"}
2026-05-17 21:53:03,850 | SENDER=motion_node          TOPIC=/hri/motion          SHA256=ab4322db23b507d26611d48e0edfb37de9c2bb98c352d5cf228a5154037bf1cc DATA={"source": "MotionModel_v1", "label": "Approaching", "speed_ms": 1.19}
2026-05-17 21:53:03,926 | SENDER=emotion_node         TOPIC=/hri/emotion         SHA256=def82fa5f6e5b9496b7405bb5a8c75e40de3b320de1185bbb8b26788cd65e167 DATA={"source": "EmotionModel_v1", "label": "Happy", "confidence": 0.88}
2026-05-17 21:53:04,380 | SENDER=gesture_node         TOPIC=/hri/gesture         SHA256=0af1ed4d53f9ad3ab12d0f8ba5c5ded386c66457545958e23cac05adbfcade55 DATA={"source": "GestureModel_v1", "label": "Stop", "confidence": 0.93}
2026-05-17 21:53:05,693 | SENDER=context_node         TOPIC=/hri/context         SHA256=b88b3385b15277f264a4977a18a860ce4df5fa37ec2862844eecd37fad4c7813 DATA={"source": "ContextModel_v1", "environment": "Hospital_Corridor", "crowding": "High"}
2026-05-17 21:53:05,848 | SENDER=motion_node          TOPIC=/hri/motion          SHA256=78989e765f7d61e4ccb81b85a60fecbbc9b0328fb73e83689b230d5df726c95c DATA={"source": "MotionModel_v1", "label": "Wandering", "speed_ms": 0.32}
2026-05-17 21:53:05,926 | SENDER=emotion_node         TOPIC=/hri/emotion         SHA256=c5793a326aaafa2680ba4284459d95ab792410348373037a6131eebc1451b6b6 DATA={"source": "EmotionModel_v1", "label": "Angry", "confidence": 0.83}
2026-05-17 21:53:06,381 | SENDER=gesture_node         TOPIC=/hri/gesture         SHA256=4205621ed303fae6f5e5da63ada00cf83e4bf6ef8b07632c5feb2d0d235b3d30 DATA={"source": "GestureModel_v1", "label": "Point", "confidence": 0.88}
2026-05-17 21:53:07,694 | SENDER=context_node         TOPIC=/hri/context         SHA256=0328fe086d7abbbd5cc66066c96aec10db560086a0f840535d8d2da0875519d9 DATA={"source": "ContextModel_v1", "environment": "Retail_Aisle", "crowding": "Medium"}
2026-05-17 21:53:07,848 | SENDER=motion_node          TOPIC=/hri/motion          SHA256=e8e281756622b40b812218c41a1db19c95c5f1c81bc350dfa82dd53ad429dbf7 DATA={"source": "MotionModel_v1", "label": "Approaching", "speed_ms": 1.17}
2026-05-17 21:53:07,926 | SENDER=emotion_node         TOPIC=/hri/emotion         SHA256=b7ef50907269775339990ba759422603a4410e00b2d9c828a1c34afac74406a3 DATA={"source": "EmotionModel_v1", "label": "Angry", "confidence": 0.9}
2026-05-17 21:53:08,381 | SENDER=gesture_node         TOPIC=/hri/gesture         SHA256=5862b1f8195402779034656183e5f4eb7de2b9175ecb1090388123ef5d4d60a4 DATA={"source": "GestureModel_v1", "label": "Cross_Arms", "confidence": 0.9}
2026-05-17 21:53:09,695 | SENDER=context_node         TOPIC=/hri/context         SHA256=b88b3385b15277f264a4977a18a860ce4df5fa37ec2862844eecd37fad4c7813 DATA={"source": "ContextModel_v1", "environment": "Hospital_Corridor", "crowding": "High"}
2026-05-17 21:53:09,849 | SENDER=motion_node          TOPIC=/hri/motion          SHA256=2f86b70f9115f538e632ef47af54b54ab21cce9401fac62bb4b60727eda1bb5c DATA={"source": "MotionModel_v1", "label": "Stationary", "speed_ms": 0.04}
2026-05-17 21:53:09,926 | SENDER=emotion_node         TOPIC=/hri/emotion         SHA256=a566545654fcc155cea4db1532e34567402f70a77fb3ff3c4b0d6d4f83ccaf8e DATA={"source": "EmotionModel_v1", "label": "Angry", "confidence": 0.88}
2026-05-17 21:53:10,379 | SENDER=gesture_node         TOPIC=/hri/gesture         SHA256=ab0c738f88aa89f042fa5de523b57602eb39ca46f6a33a9c066709723504c33b DATA={"source": "GestureModel_v1", "label": "Wave", "confidence": 0.87}
2026-05-17 21:53:11,695 | SENDER=context_node         TOPIC=/hri/context         SHA256=a64fb3cfbf73edd634404a40b5c36a0c53b982ba75ff4431360d795192f7cd87 DATA={"source": "ContextModel_v1", "environment": "Hospital_Ward", "crowding": "Low"}
2026-05-17 21:53:11,848 | SENDER=motion_node          TOPIC=/hri/motion          SHA256=4bbe844bf9a06070cf4e80e5f12293ffa12fb3ea5e2fcb79dbdd8200ae1b35a5 DATA={"source": "MotionModel_v1", "label": "Retreating", "speed_ms": 0.61}
2026-05-17 21:53:11,928 | SENDER=emotion_node         TOPIC=/hri/emotion         SHA256=fadaa5f34aa75e68c53a9c4886c1b7c4ea635e21a6aecdbd53099b9c8f9a2646 DATA={"source": "EmotionModel_v1", "label": "Sad", "confidence": 0.84}
2026-05-17 21:53:12,378 | SENDER=gesture_node         TOPIC=/hri/gesture         SHA256=35912617a819bc270057bac9ae7346d7fb8cae37d746b08ff5974cd835925696 DATA={"source": "GestureModel_v1", "label": "Point", "confidence": 0.86}
2026-05-17 21:53:13,691 | SENDER=context_node         TOPIC=/hri/context         SHA256=a64fb3cfbf73edd634404a40b5c36a0c53b982ba75ff4431360d795192f7cd87 DATA={"source": "ContextModel_v1", "environment": "Hospital_Ward", "crowding": "Low"}
2026-05-17 21:53:13,850 | SENDER=motion_node          TOPIC=/hri/motion          SHA256=1a035024e63c8f53e42beb6b1642c9aa7c8fcddedc26a082446ef89d995c3320 DATA={"source": "MotionModel_v1", "label": "Approaching", "speed_ms": 0.84}
2026-05-17 21:53:13,926 | SENDER=emotion_node         TOPIC=/hri/emotion         SHA256=5f56a2e6ea91db0269fb4bf51ad86c0ba9ce4b3e5985ae2e37c950e0f900a6e0 DATA={"source": "EmotionModel_v1", "label": "Neutral", "confidence": 0.92}
2026-05-17 21:53:14,381 | SENDER=gesture_node         TOPIC=/hri/gesture         SHA256=e8359e0ba7fccbb3f51c88c863ceb2d581caa47f5f71b2a1aa902cf2b1a7d2f3 DATA={"source": "GestureModel_v1", "label": "Cross_Arms", "confidence": 0.81}
2026-05-17 21:53:15,695 | SENDER=context_node         TOPIC=/hri/context         SHA256=b88b3385b15277f264a4977a18a860ce4df5fa37ec2862844eecd37fad4c7813 DATA={"source": "ContextModel_v1", "environment": "Hospital_Corridor", "crowding": "High"}
2026-05-17 21:53:15,848 | SENDER=motion_node          TOPIC=/hri/motion          SHA256=82060af557cf8d9621ada7be5f39b728b2122feeeef2f906adc9d83bdea89420 DATA={"source": "MotionModel_v1", "label": "Approaching", "speed_ms": 0.86}
2026-05-17 21:53:15,926 | SENDER=emotion_node         TOPIC=/hri/emotion         SHA256=23f75cf2aa24df9c9db98112d1e711fb666ec845a4e79c5b61b52919f053e180 DATA={"source": "EmotionModel_v1", "label": "Happy", "confidence": 0.95}
2026-05-17 21:53:16,381 | SENDER=gesture_node         TOPIC=/hri/gesture         SHA256=8d55041af963c9010b206607d7a97f99f31d424413a435267b1fe4365ad44698 DATA={"source": "GestureModel_v1", "label": "Point", "confidence": 0.89}
2026-05-17 21:53:17,696 | SENDER=context_node         TOPIC=/hri/context         SHA256=a64fb3cfbf73edd634404a40b5c36a0c53b982ba75ff4431360d795192f7cd87 DATA={"source": "ContextModel_v1", "environment": "Hospital_Ward", "crowding": "Low"}
2026-05-17 21:53:17,848 | SENDER=motion_node          TOPIC=/hri/motion          SHA256=b98cff998a20e5203afb56155f8a95e1bc342586f86bc81dbbbde09f71e08a94 DATA={"source": "MotionModel_v1", "label": "Running", "speed_ms": 2.19}
2026-05-17 21:53:17,926 | SENDER=emotion_node         TOPIC=/hri/emotion         SHA256=4637c439325137063921fdb8b3b51f8cc7160eeb5ab0029d5632d992dfb55ca7 DATA={"source": "EmotionModel_v1", "label": "Confused", "confidence": 0.82}
2026-05-17 21:53:18,381 | SENDER=gesture_node         TOPIC=/hri/gesture         SHA256=e3939c6d249bceae1c9194e70ced34c91a901afbf0d22af6d3a5b3c2558647f5 DATA={"source": "GestureModel_v1", "label": "Stop", "confidence": 0.94}
2026-05-17 21:53:19,692 | SENDER=context_node         TOPIC=/hri/context         SHA256=4f7f3e509d2a45b70dab96481bdeba99e5dd5787b28f81fbd5e9933a5b67478b DATA={"source": "ContextModel_v1", "environment": "Hospital_Reception", "crowding": "Medium"}
2026-05-17 21:53:19,852 | SENDER=motion_node          TOPIC=/hri/motion          SHA256=6db2f6ce7d071ac60f365d835d214de00f26ff564cc4adba37f1387e383ad323 DATA={"source": "MotionModel_v1", "label": "Running", "speed_ms": 3.46}
2026-05-17 21:53:19,927 | SENDER=emotion_node         TOPIC=/hri/emotion         SHA256=c4373afd645a7006318f98e2df204e1da4ae18e2a3431ccf16cca3b9332ebafa DATA={"source": "EmotionModel_v1", "label": "Sad", "confidence": 0.77}
2026-05-17 21:53:20,379 | SENDER=gesture_node         TOPIC=/hri/gesture         SHA256=c207a55977ac3af6d49b846463e0b831a7927f035f6f7bd91f1b793eeaec6caa DATA={"source": "GestureModel_v1", "label": "Cross_Arms", "confidence": 0.91}
2026-05-17 21:53:21,694 | SENDER=context_node         TOPIC=/hri/context         SHA256=0328fe086d7abbbd5cc66066c96aec10db560086a0f840535d8d2da0875519d9 DATA={"source": "ContextModel_v1", "environment": "Retail_Aisle", "crowding": "Medium"}
2026-05-17 21:53:21,848 | SENDER=motion_node          TOPIC=/hri/motion          SHA256=9f02e306dba94f5b14176c35509c05efceefe4142423d3e9c60270867c15a696 DATA={"source": "MotionModel_v1", "label": "Approaching", "speed_ms": 1.12}
2026-05-17 21:53:21,927 | SENDER=emotion_node         TOPIC=/hri/emotion         SHA256=ea6772e9fef11308c2984fd41b43641a361cff8a01ec39266385419dad9ae817 DATA={"source": "EmotionModel_v1", "label": "Neutral", "confidence": 0.81}
2026-05-17 21:53:22,377 | SENDER=gesture_node         TOPIC=/hri/gesture         SHA256=eeea3df0df901eb95e968cc45374dc95367eadfbdfc477222b3575958842b3f1 DATA={"source": "GestureModel_v1", "label": "Wave", "confidence": 0.91}
2026-05-17 21:53:23,692 | SENDER=context_node         TOPIC=/hri/context         SHA256=0328fe086d7abbbd5cc66066c96aec10db560086a0f840535d8d2da0875519d9 DATA={"source": "ContextModel_v1", "environment": "Retail_Aisle", "crowding": "Medium"}
2026-05-17 21:53:23,849 | SENDER=motion_node          TOPIC=/hri/motion          SHA256=a4e075f03332b35a783678a7af4e9b7074148250d811444e1af3c2d98e168c74 DATA={"source": "MotionModel_v1", "label": "Retreating", "speed_ms": 0.55}
2026-05-17 21:53:23,926 | SENDER=emotion_node         TOPIC=/hri/emotion         SHA256=21b8d3facfd69e37dd7c79e05619c7e3cab414c0b9e7dd6bf6f2f8eaba7eed36 DATA={"source": "EmotionModel_v1", "label": "Happy", "confidence": 0.91}
2026-05-17 21:53:24,380 | SENDER=gesture_node         TOPIC=/hri/gesture         SHA256=4064b53ef72a7ef9a3f00fe9b94d1748c806e3637eb7961fd797c4b363031dfc DATA={"source": "GestureModel_v1", "label": "Beckon", "confidence": 0.85}
2026-05-17 21:53:25,692 | SENDER=context_node         TOPIC=/hri/context         SHA256=4f7f3e509d2a45b70dab96481bdeba99e5dd5787b28f81fbd5e9933a5b67478b DATA={"source": "ContextModel_v1", "environment": "Hospital_Reception", "crowding": "Medium"}
2026-05-17 21:53:25,851 | SENDER=motion_node          TOPIC=/hri/motion          SHA256=5d66284a81b8aa648a4a1906c17d664158d9d1ff149b3998905b256c6a3f5ff9 DATA={"source": "MotionModel_v1", "label": "Running", "speed_ms": 3.12}
2026-05-17 21:53:25,926 | SENDER=emotion_node         TOPIC=/hri/emotion         SHA256=209f12299bf832daf2acca5bd20d94ced3b9001fe96624a0efc4aded1042fe65 DATA={"source": "EmotionModel_v1", "label": "Angry", "confidence": 0.77}
2026-05-17 21:53:26,381 | SENDER=gesture_node         TOPIC=/hri/gesture         SHA256=567557a1528428c8fb1157a3a0fb4c1690c8c96455870d51ba01fa111151f296 DATA={"source": "GestureModel_v1", "label": "Cross_Arms", "confidence": 0.86}
2026-05-17 21:53:27,695 | SENDER=context_node         TOPIC=/hri/context         SHA256=a64fb3cfbf73edd634404a40b5c36a0c53b982ba75ff4431360d795192f7cd87 DATA={"source": "ContextModel_v1", "environment": "Hospital_Ward", "crowding": "Low"}
2026-05-17 21:53:29,080 | SENDER=motion_node          TOPIC=/hri/motion          SHA256=63a4a181c597932c13bcad30a012ab04d76a4b7cbd098d7a9228aca46f3c2c29 DATA={"source": "MotionModel_v1", "label": "Wandering", "speed_ms": 0.63}
2026-05-17 21:53:29,158 | SENDER=emotion_node         TOPIC=/hri/emotion         SHA256=01697a80c45797717cd5f5e2d430ab119f847c2f85367f5bd9efbdd1017835e4 DATA={"source": "EmotionModel_v1", "label": "Angry", "confidence": 0.86}
2026-05-17 21:53:29,612 | SENDER=gesture_node         TOPIC=/hri/gesture         SHA256=ab0c738f88aa89f042fa5de523b57602eb39ca46f6a33a9c066709723504c33b DATA={"source": "GestureModel_v1", "label": "Wave", "confidence": 0.87}
2026-05-17 21:53:29,851 | SENDER=motion_node          TOPIC=/hri/motion          SHA256=0a22a9e8ed96ea7a3b8c99534fa58e6447c6ca6502190ef909f33291fa511f7f DATA={"source": "MotionModel_v1", "label": "Stationary", "speed_ms": 0.03}
2026-05-17 21:53:29,926 | SENDER=emotion_node         TOPIC=/hri/emotion         SHA256=759e6c14dfe29e4be0a7725f0f8ce23804ca4e0b14d25a8ad9a90ac97abd8be6 DATA={"source": "EmotionModel_v1", "label": "Sad", "confidence": 0.85}
2026-05-17 21:53:30,381 | SENDER=gesture_node         TOPIC=/hri/gesture         SHA256=8d55041af963c9010b206607d7a97f99f31d424413a435267b1fe4365ad44698 DATA={"source": "GestureModel_v1", "label": "Point", "confidence": 0.89}
2026-05-17 21:53:30,926 | SENDER=context_node         TOPIC=/hri/context         SHA256=a64fb3cfbf73edd634404a40b5c36a0c53b982ba75ff4431360d795192f7cd87 DATA={"source": "ContextModel_v1", "environment": "Hospital_Ward", "crowding": "Low"}
2026-05-17 21:53:31,691 | SENDER=context_node         TOPIC=/hri/context         SHA256=a64fb3cfbf73edd634404a40b5c36a0c53b982ba75ff4431360d795192f7cd87 DATA={"source": "ContextModel_v1", "environment": "Hospital_Ward", "crowding": "Low"}
2026-05-17 21:53:31,851 | SENDER=motion_node          TOPIC=/hri/motion          SHA256=03fed77cbc8167c37a5f460e25994d9f9a96c19cfc96a098296e040c04acbbce DATA={"source": "MotionModel_v1", "label": "Stationary", "speed_ms": 0.0}
2026-05-17 21:53:31,926 | SENDER=emotion_node         TOPIC=/hri/emotion         SHA256=cb2e003d9f5fbe76bee13448067af71cf562ef517fc312e7eab895fc471d51cd DATA={"source": "EmotionModel_v1", "label": "Confused", "confidence": 0.84}
2026-05-17 21:53:32,381 | SENDER=gesture_node         TOPIC=/hri/gesture         SHA256=e60eaeb1fec23e63aa0078e10ac88c33178f8ee33395fe631388fa2198ba878e DATA={"source": "GestureModel_v1", "label": "Cross_Arms", "confidence": 0.83}
2026-05-17 21:53:33,691 | SENDER=context_node         TOPIC=/hri/context         SHA256=0328fe086d7abbbd5cc66066c96aec10db560086a0f840535d8d2da0875519d9 DATA={"source": "ContextModel_v1", "environment": "Retail_Aisle", "crowding": "Medium"}
2026-05-17 21:53:33,851 | SENDER=motion_node          TOPIC=/hri/motion          SHA256=2c37b6337d616cd8a51669c8b0d33c63fbd0316bd023de0bee1ea63b87992896 DATA={"source": "MotionModel_v1", "label": "Wandering", "speed_ms": 0.35}
2026-05-17 21:53:33,926 | SENDER=emotion_node         TOPIC=/hri/emotion         SHA256=8d8e599249315bb2058d5980ca33284afe65f140ea947ebbf6e5776979b68166 DATA={"source": "EmotionModel_v1", "label": "Angry", "confidence": 0.75}
2026-05-17 21:53:34,380 | SENDER=gesture_node         TOPIC=/hri/gesture         SHA256=641c3dda621dae518afaa84bb122e0fd38aaa475d79f4f2f95a3237156141a42 DATA={"source": "GestureModel_v1", "label": "Cross_Arms", "confidence": 0.82}
2026-05-17 21:53:35,692 | SENDER=context_node         TOPIC=/hri/context         SHA256=a64fb3cfbf73edd634404a40b5c36a0c53b982ba75ff4431360d795192f7cd87 DATA={"source": "ContextModel_v1", "environment": "Hospital_Ward", "crowding": "Low"}
2026-05-17 21:53:35,848 | SENDER=motion_node          TOPIC=/hri/motion          SHA256=a80a2e0226e1fef86cf70b63e8bccbfd143ff67832653fef49ab14c8551433b9 DATA={"source": "MotionModel_v1", "label": "Wandering", "speed_ms": 0.44}
2026-05-17 21:53:35,926 | SENDER=emotion_node         TOPIC=/hri/emotion         SHA256=a16e78978e9a387224a47e626b63b25a62b0930d7bed5f5b6524b2db1440d194 DATA={"source": "EmotionModel_v1", "label": "Panicked", "confidence": 0.89}
2026-05-17 21:53:36,380 | SENDER=gesture_node         TOPIC=/hri/gesture         SHA256=85eaa2be1b394fcce896c2957809ef37b7f0a76b6dfae67bec49934bbb9fde66 DATA={"source": "GestureModel_v1", "label": "Point", "confidence": 0.94}
2026-05-17 21:53:37,691 | SENDER=context_node         TOPIC=/hri/context         SHA256=0328fe086d7abbbd5cc66066c96aec10db560086a0f840535d8d2da0875519d9 DATA={"source": "ContextModel_v1", "environment": "Retail_Aisle", "crowding": "Medium"}
2026-05-17 21:53:37,850 | SENDER=motion_node          TOPIC=/hri/motion          SHA256=ce95a571f07e8d71dd543db9e40e06e8ec61c51b4a970593c98dea09674b270d DATA={"source": "MotionModel_v1", "label": "Approaching", "speed_ms": 0.65}
2026-05-17 21:53:37,926 | SENDER=emotion_node         TOPIC=/hri/emotion         SHA256=d4a549860a7887653c3b68fe9b41a6fe75993a0f79759dfd5062c3fad0c2ca88 DATA={"source": "EmotionModel_v1", "label": "Neutral", "confidence": 0.93}
2026-05-17 21:53:38,381 | SENDER=gesture_node         TOPIC=/hri/gesture         SHA256=eea59434a52107b7a82b1ad0c516a773c44b3917b2c46bbfdcb491c4f7882295 DATA={"source": "GestureModel_v1", "label": "Stop", "confidence": 0.98}
2026-05-17 21:53:39,695 | SENDER=context_node         TOPIC=/hri/context         SHA256=b88b3385b15277f264a4977a18a860ce4df5fa37ec2862844eecd37fad4c7813 DATA={"source": "ContextModel_v1", "environment": "Hospital_Corridor", "crowding": "High"}
2026-05-17 21:53:39,848 | SENDER=motion_node          TOPIC=/hri/motion          SHA256=83d163c40f7c2cf799931384d887cd17a696f42b2e70b7eab020d03cf99503e5 DATA={"source": "MotionModel_v1", "label": "Wandering", "speed_ms": 0.55}
2026-05-17 21:53:39,926 | SENDER=emotion_node         TOPIC=/hri/emotion         SHA256=2f82ecce2e3618087f7024ad42d3e0b6360e608be5d9efbca7fdef5171a408c2 DATA={"source": "EmotionModel_v1", "label": "Happy", "confidence": 0.93}
2026-05-17 21:53:40,377 | SENDER=gesture_node         TOPIC=/hri/gesture         SHA256=e6d3acb2c298209dd58d23c111adf470153ad7621a89d99ebf96dfaf8a2cb665 DATA={"source": "GestureModel_v1", "label": "Beckon", "confidence": 0.82}
2026-05-17 21:53:41,694 | SENDER=context_node         TOPIC=/hri/context         SHA256=4f7f3e509d2a45b70dab96481bdeba99e5dd5787b28f81fbd5e9933a5b67478b DATA={"source": "ContextModel_v1", "environment": "Hospital_Reception", "crowding": "Medium"}
2026-05-17 21:53:41,850 | SENDER=motion_node          TOPIC=/hri/motion          SHA256=961785fcc40bec16ddaad54a8455a3385b0db9a8de0afaafac25d770dc6ce2b7 DATA={"source": "MotionModel_v1", "label": "Stationary", "speed_ms": 0.09}
2026-05-17 21:53:41,926 | SENDER=emotion_node         TOPIC=/hri/emotion         SHA256=5f56a2e6ea91db0269fb4bf51ad86c0ba9ce4b3e5985ae2e37c950e0f900a6e0 DATA={"source": "EmotionModel_v1", "label": "Neutral", "confidence": 0.92}
2026-05-17 21:53:42,378 | SENDER=gesture_node         TOPIC=/hri/gesture         SHA256=b7e9f74bceb3675a802434847049e10690a0b4ae22f74bb70b7698bea2ca39fc DATA={"source": "GestureModel_v1", "label": "Point", "confidence": 0.82}
2026-05-17 21:53:43,693 | SENDER=context_node         TOPIC=/hri/context         SHA256=b88b3385b15277f264a4977a18a860ce4df5fa37ec2862844eecd37fad4c7813 DATA={"source": "ContextModel_v1", "environment": "Hospital_Corridor", "crowding": "High"}
2026-05-17 21:53:43,851 | SENDER=motion_node          TOPIC=/hri/motion          SHA256=e9e72f3216bab8d211a7c31ca4e5f8789e65e366b5af64640c006f1b08db5710 DATA={"source": "MotionModel_v1", "label": "Stationary", "speed_ms": 0.08}
2026-05-17 21:53:43,926 | SENDER=emotion_node         TOPIC=/hri/emotion         SHA256=b8012b46ee585333e5073979e18a89cc65619ec7851c1d916ecb1d34f0db83d3 DATA={"source": "EmotionModel_v1", "label": "Confused", "confidence": 0.85}
2026-05-17 21:53:44,381 | SENDER=gesture_node         TOPIC=/hri/gesture         SHA256=b7e9f74bceb3675a802434847049e10690a0b4ae22f74bb70b7698bea2ca39fc DATA={"source": "GestureModel_v1", "label": "Point", "confidence": 0.82}
2026-05-17 21:53:45,694 | SENDER=context_node         TOPIC=/hri/context         SHA256=4f7f3e509d2a45b70dab96481bdeba99e5dd5787b28f81fbd5e9933a5b67478b DATA={"source": "ContextModel_v1", "environment": "Hospital_Reception", "crowding": "Medium"}
2026-05-17 21:53:45,848 | SENDER=motion_node          TOPIC=/hri/motion          SHA256=7477f53f99c298fb2459f7fe2a4699268993dcf4cf51e613dc819f7e0e84eef4 DATA={"source": "MotionModel_v1", "label": "Approaching", "speed_ms": 0.97}
2026-05-17 21:53:45,927 | SENDER=emotion_node         TOPIC=/hri/emotion         SHA256=ef8388a1c703316d6759d42afc8840c8134c7ac51660cbd318c7c2f89ecfe58a DATA={"source": "EmotionModel_v1", "label": "Happy", "confidence": 0.9}
2026-05-17 21:53:46,381 | SENDER=gesture_node         TOPIC=/hri/gesture         SHA256=83fc75fa76f2cce7dc0b791ca84959c902921d73bbc09d8951797b122897cec6 DATA={"source": "GestureModel_v1", "label": "Cross_Arms", "confidence": 0.8}
2026-05-17 21:53:47,695 | SENDER=context_node         TOPIC=/hri/context         SHA256=4f7f3e509d2a45b70dab96481bdeba99e5dd5787b28f81fbd5e9933a5b67478b DATA={"source": "ContextModel_v1", "environment": "Hospital_Reception", "crowding": "Medium"}
2026-05-17 21:53:47,848 | SENDER=motion_node          TOPIC=/hri/motion          SHA256=515e5c1e86e4d0bbed32a0b4d415c8adc8bf3e01a43b15b6536b8997c40535a1 DATA={"source": "MotionModel_v1", "label": "Stationary", "speed_ms": 0.05}
2026-05-17 21:53:47,927 | SENDER=emotion_node         TOPIC=/hri/emotion         SHA256=d4a549860a7887653c3b68fe9b41a6fe75993a0f79759dfd5062c3fad0c2ca88 DATA={"source": "EmotionModel_v1", "label": "Neutral", "confidence": 0.93}
2026-05-17 21:53:48,381 | SENDER=gesture_node         TOPIC=/hri/gesture         SHA256=203b2d0a5edc0f8e97c13de91d282f857606abf810e68b3ce8dba1fa1abc4fe1 DATA={"source": "GestureModel_v1", "label": "Wave", "confidence": 0.94}
2026-05-17 21:53:49,695 | SENDER=context_node         TOPIC=/hri/context         SHA256=a64fb3cfbf73edd634404a40b5c36a0c53b982ba75ff4431360d795192f7cd87 DATA={"source": "ContextModel_v1", "environment": "Hospital_Ward", "crowding": "Low"}
2026-05-17 21:53:49,849 | SENDER=motion_node          TOPIC=/hri/motion          SHA256=0a22a9e8ed96ea7a3b8c99534fa58e6447c6ca6502190ef909f33291fa511f7f DATA={"source": "MotionModel_v1", "label": "Stationary", "speed_ms": 0.03}
2026-05-17 21:53:49,926 | SENDER=emotion_node         TOPIC=/hri/emotion         SHA256=338e8a50a73c00172ac7f7628c783deca1c08a88523031c202a56f6b05ae0782 DATA={"source": "EmotionModel_v1", "label": "Confused", "confidence": 0.79}
2026-05-17 21:53:50,381 | SENDER=gesture_node         TOPIC=/hri/gesture         SHA256=203b2d0a5edc0f8e97c13de91d282f857606abf810e68b3ce8dba1fa1abc4fe1 DATA={"source": "GestureModel_v1", "label": "Wave", "confidence": 0.94}
2026-05-17 21:53:51,693 | SENDER=context_node         TOPIC=/hri/context         SHA256=a64fb3cfbf73edd634404a40b5c36a0c53b982ba75ff4431360d795192f7cd87 DATA={"source": "ContextModel_v1", "environment": "Hospital_Ward", "crowding": "Low"}
2026-05-17 21:53:51,853 | SENDER=motion_node          TOPIC=/hri/motion          SHA256=b077429cd749ec5763116ba2393e73e9148ba9066e06efe18d002e3b104433fa DATA={"source": "MotionModel_v1", "label": "Approaching", "speed_ms": 0.41}
2026-05-17 21:53:51,927 | SENDER=emotion_node         TOPIC=/hri/emotion         SHA256=209f12299bf832daf2acca5bd20d94ced3b9001fe96624a0efc4aded1042fe65 DATA={"source": "EmotionModel_v1", "label": "Angry", "confidence": 0.77}
2026-05-17 21:53:52,381 | SENDER=gesture_node         TOPIC=/hri/gesture         SHA256=f8c1e183c4fcefe7027020d7a9e91c173e5bc8d66e5ff5dd8a7fa1a395cc3836 DATA={"source": "GestureModel_v1", "label": "Wave", "confidence": 0.89}
2026-05-17 21:53:53,691 | SENDER=context_node         TOPIC=/hri/context         SHA256=4f7f3e509d2a45b70dab96481bdeba99e5dd5787b28f81fbd5e9933a5b67478b DATA={"source": "ContextModel_v1", "environment": "Hospital_Reception", "crowding": "Medium"}
2026-05-17 21:53:53,851 | SENDER=motion_node          TOPIC=/hri/motion          SHA256=13258bc269febcc33cf4e6e70cc48f5c16b7c3d6196ba5fa1aa6c05a28b70333 DATA={"source": "MotionModel_v1", "label": "Wandering", "speed_ms": 0.57}
2026-05-17 21:53:53,926 | SENDER=emotion_node         TOPIC=/hri/emotion         SHA256=f2e2284b448df588085b93775de04d8df75669b0ad8cbf575bd3bd6687926aa1 DATA={"source": "EmotionModel_v1", "label": "Sad", "confidence": 0.91}
2026-05-17 21:53:54,381 | SENDER=gesture_node         TOPIC=/hri/gesture         SHA256=8d55041af963c9010b206607d7a97f99f31d424413a435267b1fe4365ad44698 DATA={"source": "GestureModel_v1", "label": "Point", "confidence": 0.89}
2026-05-17 21:53:55,695 | SENDER=context_node         TOPIC=/hri/context         SHA256=0328fe086d7abbbd5cc66066c96aec10db560086a0f840535d8d2da0875519d9 DATA={"source": "ContextModel_v1", "environment": "Retail_Aisle", "crowding": "Medium"}
2026-05-17 21:53:55,848 | SENDER=motion_node          TOPIC=/hri/motion          SHA256=289dbb5969e034f676b19bbb1a207f103edfe194be119d64dd9cfc53f05a58aa DATA={"source": "MotionModel_v1", "label": "Running", "speed_ms": 2.02}
2026-05-17 21:53:55,926 | SENDER=emotion_node         TOPIC=/hri/emotion         SHA256=e5cbca8c59c069739e9cdc18ad3ffc7e3ef023c941433dc28c7a7f42eb3facd0 DATA={"source": "EmotionModel_v1", "label": "Confused", "confidence": 0.83}
2026-05-17 21:53:56,381 | SENDER=gesture_node         TOPIC=/hri/gesture         SHA256=1bada581df882fed06f7aeae1b239a39313c8b114cc4a7970007d0c88593a117 DATA={"source": "GestureModel_v1", "label": "Stop", "confidence": 0.89}
2026-05-17 21:53:57,691 | SENDER=context_node         TOPIC=/hri/context         SHA256=4f7f3e509d2a45b70dab96481bdeba99e5dd5787b28f81fbd5e9933a5b67478b DATA={"source": "ContextModel_v1", "environment": "Hospital_Reception", "crowding": "Medium"}
2026-05-17 21:53:57,853 | SENDER=motion_node          TOPIC=/hri/motion          SHA256=2ee4f17e9ea44e1d703f30ca08c66e82fc806a20e751bbbf488ff87e45a990b4 DATA={"source": "MotionModel_v1", "label": "Wandering", "speed_ms": 0.67}
2026-05-17 21:53:57,927 | SENDER=emotion_node         TOPIC=/hri/emotion         SHA256=003585fd167f61cac7b5f185b4559b1326f928d6d22ff3679164d2ae0adacf95 DATA={"source": "EmotionModel_v1", "label": "Happy", "confidence": 0.94}
2026-05-17 21:53:58,380 | SENDER=gesture_node         TOPIC=/hri/gesture         SHA256=94e451f6af38023c8e5c8db2a05d44b3b87ab55346f20ee179990dc54f5f3935 DATA={"source": "GestureModel_v1", "label": "Beckon", "confidence": 0.91}
2026-05-17 21:53:59,691 | SENDER=context_node         TOPIC=/hri/context         SHA256=4f7f3e509d2a45b70dab96481bdeba99e5dd5787b28f81fbd5e9933a5b67478b DATA={"source": "ContextModel_v1", "environment": "Hospital_Reception", "crowding": "Medium"}
2026-05-17 21:53:59,848 | SENDER=motion_node          TOPIC=/hri/motion          SHA256=e6345ff6c2a32b16ed01c825d0288734bb1c52f47720ac95d189816bf8ca376c DATA={"source": "MotionModel_v1", "label": "Wandering", "speed_ms": 0.21}
2026-05-17 21:53:59,926 | SENDER=emotion_node         TOPIC=/hri/emotion         SHA256=f2084d172f0a61d589af23a490cc7f24a8e4c61bdadda5d13175df941e1c60e2 DATA={"source": "EmotionModel_v1", "label": "Neutral", "confidence": 0.91}
2026-05-17 21:54:00,378 | SENDER=gesture_node         TOPIC=/hri/gesture         SHA256=7aaa1e3abbb327109af14e098990942b4716eb543d9cace7adbc352844a7b116 DATA={"source": "GestureModel_v1", "label": "Wave", "confidence": 0.95}
2026-05-17 21:54:02,931 | SENDER=context_node         TOPIC=/hri/context         SHA256=b88b3385b15277f264a4977a18a860ce4df5fa37ec2862844eecd37fad4c7813 DATA={"source": "ContextModel_v1", "environment": "Hospital_Corridor", "crowding": "High"}
2026-05-17 21:54:03,088 | SENDER=motion_node          TOPIC=/hri/motion          SHA256=2f86b70f9115f538e632ef47af54b54ab21cce9401fac62bb4b60727eda1bb5c DATA={"source": "MotionModel_v1", "label": "Stationary", "speed_ms": 0.04}
2026-05-17 21:54:03,166 | SENDER=emotion_node         TOPIC=/hri/emotion         SHA256=23f75cf2aa24df9c9db98112d1e711fb666ec845a4e79c5b61b52919f053e180 DATA={"source": "EmotionModel_v1", "label": "Happy", "confidence": 0.95}
2026-05-17 21:54:03,617 | SENDER=gesture_node         TOPIC=/hri/gesture         SHA256=1c4bf8cfbf6ec011b354970c1b5129a92da93c01e886f096868f44f668b5cc3f DATA={"source": "GestureModel_v1", "label": "Stop", "confidence": 0.96}
2026-05-17 21:54:03,692 | SENDER=context_node         TOPIC=/hri/context         SHA256=b88b3385b15277f264a4977a18a860ce4df5fa37ec2862844eecd37fad4c7813 DATA={"source": "ContextModel_v1", "environment": "Hospital_Corridor", "crowding": "High"}
2026-05-17 21:54:03,848 | SENDER=motion_node          TOPIC=/hri/motion          SHA256=de35e8fc45278d0d1663fff6b3d6885c7acfd727af1aab9b7b04a97b170cfeef DATA={"source": "MotionModel_v1", "label": "Wandering", "speed_ms": 0.53}
2026-05-17 21:54:03,926 | SENDER=emotion_node         TOPIC=/hri/emotion         SHA256=01697a80c45797717cd5f5e2d430ab119f847c2f85367f5bd9efbdd1017835e4 DATA={"source": "EmotionModel_v1", "label": "Angry", "confidence": 0.86}
2026-05-17 21:54:04,377 | SENDER=gesture_node         TOPIC=/hri/gesture         SHA256=e8359e0ba7fccbb3f51c88c863ceb2d581caa47f5f71b2a1aa902cf2b1a7d2f3 DATA={"source": "GestureModel_v1", "label": "Cross_Arms", "confidence": 0.81}
2026-05-17 21:54:05,691 | SENDER=context_node         TOPIC=/hri/context         SHA256=f83540b369d62d3a3626f4487a33a8fb933121643231b1e0e5d4aeab15d1aac7 DATA={"source": "ContextModel_v1", "environment": "Museum_Gallery", "crowding": "Low"}
2026-05-17 21:54:05,848 | SENDER=motion_node          TOPIC=/hri/motion          SHA256=51294dd816fc2d215cc984183fef9585755d7584c684e6f3bef78a53a5ff29b7 DATA={"source": "MotionModel_v1", "label": "Approaching", "speed_ms": 1.14}
2026-05-17 21:54:05,927 | SENDER=emotion_node         TOPIC=/hri/emotion         SHA256=7411f2bf2664640c499aa8f823ef5d77c4d8d0b64db1abf118cde27ec93bd07e DATA={"source": "EmotionModel_v1", "label": "Angry", "confidence": 0.82}
2026-05-17 21:54:06,377 | SENDER=gesture_node         TOPIC=/hri/gesture         SHA256=1c26f0b6d9044fdafa1762a023dd598d667da44f5a8a353920b5a5dd5ffb649e DATA={"source": "GestureModel_v1", "label": "Beckon", "confidence": 0.89}
2026-05-17 21:54:07,691 | SENDER=context_node         TOPIC=/hri/context         SHA256=a64fb3cfbf73edd634404a40b5c36a0c53b982ba75ff4431360d795192f7cd87 DATA={"source": "ContextModel_v1", "environment": "Hospital_Ward", "crowding": "Low"}
2026-05-17 21:54:07,848 | SENDER=motion_node          TOPIC=/hri/motion          SHA256=887cbb35575fd9020475f3ba1c2474993905791e24b9b8f9f723ada418e6cbfe DATA={"source": "MotionModel_v1", "label": "Wandering", "speed_ms": 0.54}
2026-05-17 21:54:07,926 | SENDER=emotion_node         TOPIC=/hri/emotion         SHA256=fab0c9aa72f380b6e21edd55d828dcc18eca3f4e4437d94c8b5bbe7a296df64c DATA={"source": "EmotionModel_v1", "label": "Neutral", "confidence": 0.84}
2026-05-17 21:54:08,378 | SENDER=gesture_node         TOPIC=/hri/gesture         SHA256=38c1a32a546f9b7d0dc9fbb5f049ef020c76fb3bcaddc253d8273051dd25311f DATA={"source": "GestureModel_v1", "label": "Point", "confidence": 0.9}
2026-05-17 21:54:09,696 | SENDER=context_node         TOPIC=/hri/context         SHA256=f83540b369d62d3a3626f4487a33a8fb933121643231b1e0e5d4aeab15d1aac7 DATA={"source": "ContextModel_v1", "environment": "Museum_Gallery", "crowding": "Low"}
2026-05-17 21:54:09,848 | SENDER=motion_node          TOPIC=/hri/motion          SHA256=4bcce11548502fba55e9e9f71598cb398eb0c475dcf87d97c148502b5bbef3ad DATA={"source": "MotionModel_v1", "label": "Approaching", "speed_ms": 0.6}
2026-05-17 21:54:09,926 | SENDER=emotion_node         TOPIC=/hri/emotion         SHA256=4637c439325137063921fdb8b3b51f8cc7160eeb5ab0029d5632d992dfb55ca7 DATA={"source": "EmotionModel_v1", "label": "Confused", "confidence": 0.82}
2026-05-17 21:54:10,377 | SENDER=gesture_node         TOPIC=/hri/gesture         SHA256=d08bf1d062c8563e27397a25cd35892bc811731dee80beff2ea030173d6c2d16 DATA={"source": "GestureModel_v1", "label": "Thumbs_Up", "confidence": 0.86}
2026-05-17 21:54:11,691 | SENDER=context_node         TOPIC=/hri/context         SHA256=4f7f3e509d2a45b70dab96481bdeba99e5dd5787b28f81fbd5e9933a5b67478b DATA={"source": "ContextModel_v1", "environment": "Hospital_Reception", "crowding": "Medium"}
2026-05-17 21:54:11,848 | SENDER=motion_node          TOPIC=/hri/motion          SHA256=e9e72f3216bab8d211a7c31ca4e5f8789e65e366b5af64640c006f1b08db5710 DATA={"source": "MotionModel_v1", "label": "Stationary", "speed_ms": 0.08}
2026-05-17 21:54:11,926 | SENDER=emotion_node         TOPIC=/hri/emotion         SHA256=b5bae5853ba7db99f5fca54f4048107ae6a8be3dee2f415addc8f5a6e0f55421 DATA={"source": "EmotionModel_v1", "label": "Sad", "confidence": 0.83}
2026-05-17 21:54:12,378 | SENDER=gesture_node         TOPIC=/hri/gesture         SHA256=302e92bcdb3441312eeb6ef6f6bc6a6b48a089fae183ee89ca4e4abc52cda74b DATA={"source": "GestureModel_v1", "label": "Point", "confidence": 0.81}
2026-05-17 21:54:13,691 | SENDER=context_node         TOPIC=/hri/context         SHA256=0328fe086d7abbbd5cc66066c96aec10db560086a0f840535d8d2da0875519d9 DATA={"source": "ContextModel_v1", "environment": "Retail_Aisle", "crowding": "Medium"}
2026-05-17 21:54:13,848 | SENDER=motion_node          TOPIC=/hri/motion          SHA256=ac53f72af672d73f1a9a7161acb010a851aa6524739c12b7635fb77c8fa24016 DATA={"source": "MotionModel_v1", "label": "Running", "speed_ms": 2.55}
2026-05-17 21:54:13,926 | SENDER=emotion_node         TOPIC=/hri/emotion         SHA256=938d6edfbd07d1573b515bde9a93cbfbfcbbbd4f3096e3e016e5fda18998b7e4 DATA={"source": "EmotionModel_v1", "label": "Neutral", "confidence": 0.94}
2026-05-17 21:54:14,378 | SENDER=gesture_node         TOPIC=/hri/gesture         SHA256=0d4b16c73e3ed1114603730b82027a1fcd65990f149401bbf927fd2589b1ca25 DATA={"source": "GestureModel_v1", "label": "Thumbs_Up", "confidence": 0.85}
2026-05-17 21:54:15,692 | SENDER=context_node         TOPIC=/hri/context         SHA256=b88b3385b15277f264a4977a18a860ce4df5fa37ec2862844eecd37fad4c7813 DATA={"source": "ContextModel_v1", "environment": "Hospital_Corridor", "crowding": "High"}
2026-05-17 21:54:15,848 | SENDER=motion_node          TOPIC=/hri/motion          SHA256=1b3bdd7c44cfeb4f992111511d6c670ff89d2895fa17c064909086545a05fe44 DATA={"source": "MotionModel_v1", "label": "Approaching", "speed_ms": 1.03}
2026-05-17 21:54:15,927 | SENDER=emotion_node         TOPIC=/hri/emotion         SHA256=ed4682367d4382351dd499e07c5e400137787831a4eb6d2544909d73a744c1b4 DATA={"source": "EmotionModel_v1", "label": "Angry", "confidence": 0.85}
2026-05-17 21:54:16,377 | SENDER=gesture_node         TOPIC=/hri/gesture         SHA256=e3939c6d249bceae1c9194e70ced34c91a901afbf0d22af6d3a5b3c2558647f5 DATA={"source": "GestureModel_v1", "label": "Stop", "confidence": 0.94}
2026-05-17 21:54:17,691 | SENDER=context_node         TOPIC=/hri/context         SHA256=0328fe086d7abbbd5cc66066c96aec10db560086a0f840535d8d2da0875519d9 DATA={"source": "ContextModel_v1", "environment": "Retail_Aisle", "crowding": "Medium"}
2026-05-17 21:54:17,848 | SENDER=motion_node          TOPIC=/hri/motion          SHA256=165e42e4a17830e3ca8a97870afaea99d2ba383d4c6c8749af4d03c3310e9fb0 DATA={"source": "MotionModel_v1", "label": "Wandering", "speed_ms": 0.22}
2026-05-17 21:54:17,927 | SENDER=emotion_node         TOPIC=/hri/emotion         SHA256=7f98eff31fa55888f474ad5245abe5d28f0c68cbc6bf5134d39a89c5dac69e36 DATA={"source": "EmotionModel_v1", "label": "Panicked", "confidence": 0.87}
2026-05-17 21:54:18,382 | SENDER=gesture_node         TOPIC=/hri/gesture         SHA256=c16ad41177289a7aadc458401d2c728ab3052043b041cd26005ccbb1aff9192c DATA={"source": "GestureModel_v1", "label": "Stop", "confidence": 0.97}
2026-05-17 21:54:19,694 | SENDER=context_node         TOPIC=/hri/context         SHA256=b88b3385b15277f264a4977a18a860ce4df5fa37ec2862844eecd37fad4c7813 DATA={"source": "ContextModel_v1", "environment": "Hospital_Corridor", "crowding": "High"}
2026-05-17 21:54:19,848 | SENDER=motion_node          TOPIC=/hri/motion          SHA256=b077429cd749ec5763116ba2393e73e9148ba9066e06efe18d002e3b104433fa DATA={"source": "MotionModel_v1", "label": "Approaching", "speed_ms": 0.41}
2026-05-17 21:54:19,926 | SENDER=emotion_node         TOPIC=/hri/emotion         SHA256=e30599e6c0fab427ab771542e4b7bd161d6a35e6f7013faaccfba323cb1d8dee DATA={"source": "EmotionModel_v1", "label": "Sad", "confidence": 0.9}
2026-05-17 21:54:20,378 | SENDER=gesture_node         TOPIC=/hri/gesture         SHA256=203b2d0a5edc0f8e97c13de91d282f857606abf810e68b3ce8dba1fa1abc4fe1 DATA={"source": "GestureModel_v1", "label": "Wave", "confidence": 0.94}
2026-05-17 21:54:21,691 | SENDER=context_node         TOPIC=/hri/context         SHA256=b88b3385b15277f264a4977a18a860ce4df5fa37ec2862844eecd37fad4c7813 DATA={"source": "ContextModel_v1", "environment": "Hospital_Corridor", "crowding": "High"}
2026-05-17 21:54:21,848 | SENDER=motion_node          TOPIC=/hri/motion          SHA256=cd75153566d422e17d8d18429df97d0f3c5f972d9c6dca29accb0d4137f18239 DATA={"source": "MotionModel_v1", "label": "Stationary", "speed_ms": 0.01}
2026-05-17 21:54:21,926 | SENDER=emotion_node         TOPIC=/hri/emotion         SHA256=5f56a2e6ea91db0269fb4bf51ad86c0ba9ce4b3e5985ae2e37c950e0f900a6e0 DATA={"source": "EmotionModel_v1", "label": "Neutral", "confidence": 0.92}
2026-05-17 21:54:22,378 | SENDER=gesture_node         TOPIC=/hri/gesture         SHA256=524ac5ae77246be80b1cc3514691376f3090b4e0d863b2cfb2819871a4f1bd76 DATA={"source": "GestureModel_v1", "label": "Wave", "confidence": 0.88}
2026-05-17 21:54:23,691 | SENDER=context_node         TOPIC=/hri/context         SHA256=b88b3385b15277f264a4977a18a860ce4df5fa37ec2862844eecd37fad4c7813 DATA={"source": "ContextModel_v1", "environment": "Hospital_Corridor", "crowding": "High"}
2026-05-17 21:54:23,848 | SENDER=motion_node          TOPIC=/hri/motion          SHA256=a0cc56fc6f1946fc468104a45a04fcdb630c7cc55e786ec28e365ba88e428bd0 DATA={"source": "MotionModel_v1", "label": "Running", "speed_ms": 3.28}
2026-05-17 21:54:23,927 | SENDER=emotion_node         TOPIC=/hri/emotion         SHA256=7411f2bf2664640c499aa8f823ef5d77c4d8d0b64db1abf118cde27ec93bd07e DATA={"source": "EmotionModel_v1", "label": "Angry", "confidence": 0.82}
2026-05-17 21:54:24,377 | SENDER=gesture_node         TOPIC=/hri/gesture         SHA256=5b48d474e5c719d0060512121537934ef68d74571173327fae0285e65aba623b DATA={"source": "GestureModel_v1", "label": "Beckon", "confidence": 0.88}
2026-05-17 21:54:25,692 | SENDER=context_node         TOPIC=/hri/context         SHA256=b88b3385b15277f264a4977a18a860ce4df5fa37ec2862844eecd37fad4c7813 DATA={"source": "ContextModel_v1", "environment": "Hospital_Corridor", "crowding": "High"}
2026-05-17 21:54:25,848 | SENDER=motion_node          TOPIC=/hri/motion          SHA256=857dd7fe348f2d1d694a12fb0bdd1035814d95ff8f3e747d5efde92502ce15b7 DATA={"source": "MotionModel_v1", "label": "Wandering", "speed_ms": 0.64}
2026-05-17 21:54:25,926 | SENDER=emotion_node         TOPIC=/hri/emotion         SHA256=29d84c84411ab175865edb4e0e16a4a4e6ee6eedd5cbec349b55dd55428e4b47 DATA={"source": "EmotionModel_v1", "label": "Confused", "confidence": 0.8}
2026-05-17 21:54:26,377 | SENDER=gesture_node         TOPIC=/hri/gesture         SHA256=9c23e07af1c553433345d5ea1db582b01f88aaa69cfaff89eaecaa4d16ef97ce DATA={"source": "GestureModel_v1", "label": "Beckon", "confidence": 0.86}
2026-05-17 21:54:27,691 | SENDER=context_node         TOPIC=/hri/context         SHA256=4f7f3e509d2a45b70dab96481bdeba99e5dd5787b28f81fbd5e9933a5b67478b DATA={"source": "ContextModel_v1", "environment": "Hospital_Reception", "crowding": "Medium"}
2026-05-17 21:54:27,850 | SENDER=motion_node          TOPIC=/hri/motion          SHA256=ca8a2cf8336c281e2ac0f468b05eae8bb17f6d0b78e7748dcef7534bbe8260b8 DATA={"source": "MotionModel_v1", "label": "Running", "speed_ms": 3.47}
2026-05-17 21:54:27,927 | SENDER=emotion_node         TOPIC=/hri/emotion         SHA256=29d84c84411ab175865edb4e0e16a4a4e6ee6eedd5cbec349b55dd55428e4b47 DATA={"source": "EmotionModel_v1", "label": "Confused", "confidence": 0.8}
2026-05-17 21:54:28,378 | SENDER=gesture_node         TOPIC=/hri/gesture         SHA256=360ed7fd856521fd958c783e3921e09bdc53afd0d257c050d1d631e741a75fbb DATA={"source": "GestureModel_v1", "label": "Thumbs_Up", "confidence": 0.92}
2026-05-17 21:54:29,691 | SENDER=context_node         TOPIC=/hri/context         SHA256=4f7f3e509d2a45b70dab96481bdeba99e5dd5787b28f81fbd5e9933a5b67478b DATA={"source": "ContextModel_v1", "environment": "Hospital_Reception", "crowding": "Medium"}
2026-05-17 21:54:29,851 | SENDER=motion_node          TOPIC=/hri/motion          SHA256=e9e72f3216bab8d211a7c31ca4e5f8789e65e366b5af64640c006f1b08db5710 DATA={"source": "MotionModel_v1", "label": "Stationary", "speed_ms": 0.08}
2026-05-17 21:54:29,926 | SENDER=emotion_node         TOPIC=/hri/emotion         SHA256=5fd491b63c5e8c32a95f9626beba45596d13dba494ef814bb8a83401b8dae7b2 DATA={"source": "EmotionModel_v1", "label": "Angry", "confidence": 0.89}
2026-05-17 21:54:30,378 | SENDER=gesture_node         TOPIC=/hri/gesture         SHA256=4dd96358b44fa77da98563fdf224de3423c3a9afdb4b88dfc3b64ab2d1d4f66a DATA={"source": "GestureModel_v1", "label": "Point", "confidence": 0.93}
2026-05-17 21:54:31,691 | SENDER=context_node         TOPIC=/hri/context         SHA256=b88b3385b15277f264a4977a18a860ce4df5fa37ec2862844eecd37fad4c7813 DATA={"source": "ContextModel_v1", "environment": "Hospital_Corridor", "crowding": "High"}
2026-05-17 21:54:31,848 | SENDER=motion_node          TOPIC=/hri/motion          SHA256=d1a35e46abcc80cc1ce8fe6b7e5debaa8263b066ec2f0bf9a6444a41534f1854 DATA={"source": "MotionModel_v1", "label": "Running", "speed_ms": 2.91}
2026-05-17 21:54:31,926 | SENDER=emotion_node         TOPIC=/hri/emotion         SHA256=759e6c14dfe29e4be0a7725f0f8ce23804ca4e0b14d25a8ad9a90ac97abd8be6 DATA={"source": "EmotionModel_v1", "label": "Sad", "confidence": 0.85}
2026-05-17 21:54:32,377 | SENDER=gesture_node         TOPIC=/hri/gesture         SHA256=524fc014844a08712c1cd4b202d4cbb4293a113c37f6949572e9d7b979b80d33 DATA={"source": "GestureModel_v1", "label": "Cross_Arms", "confidence": 0.79}
2026-05-17 21:54:33,691 | SENDER=context_node         TOPIC=/hri/context         SHA256=f83540b369d62d3a3626f4487a33a8fb933121643231b1e0e5d4aeab15d1aac7 DATA={"source": "ContextModel_v1", "environment": "Museum_Gallery", "crowding": "Low"}
2026-05-17 21:54:33,848 | SENDER=motion_node          TOPIC=/hri/motion          SHA256=a359a737c4a8f83de8a70af073b343f97c0726f835bbb4dbf1d97bf7ee31880f DATA={"source": "MotionModel_v1", "label": "Stationary", "speed_ms": 0.07}
2026-05-17 21:54:33,926 | SENDER=emotion_node         TOPIC=/hri/emotion         SHA256=21b8d3facfd69e37dd7c79e05619c7e3cab414c0b9e7dd6bf6f2f8eaba7eed36 DATA={"source": "EmotionModel_v1", "label": "Happy", "confidence": 0.91}
2026-05-17 21:54:34,377 | SENDER=gesture_node         TOPIC=/hri/gesture         SHA256=3279851d7c516d167854e919eb80987f7ab72a3a4351ea05a7d402b0f22d7efb DATA={"source": "GestureModel_v1", "label": "Point", "confidence": 0.84}
2026-05-17 21:54:36,947 | SENDER=context_node         TOPIC=/hri/context         SHA256=a64fb3cfbf73edd634404a40b5c36a0c53b982ba75ff4431360d795192f7cd87 DATA={"source": "ContextModel_v1", "environment": "Hospital_Ward", "crowding": "Low"}
2026-05-17 21:54:37,099 | SENDER=motion_node          TOPIC=/hri/motion          SHA256=d9c8c91ef0369a3a74878f5bedc3cfd165a8178997ba7a74e32eb328a11d38a6 DATA={"source": "MotionModel_v1", "label": "Running", "speed_ms": 3.22}
2026-05-17 21:54:37,177 | SENDER=emotion_node         TOPIC=/hri/emotion         SHA256=8f503dbb8027f39ba6403de6fe2b4dc73543f7d0a9ebbdf00fbc6ef50c8d76ba DATA={"source": "EmotionModel_v1", "label": "Neutral", "confidence": 0.89}
2026-05-17 21:54:37,628 | SENDER=gesture_node         TOPIC=/hri/gesture         SHA256=3279851d7c516d167854e919eb80987f7ab72a3a4351ea05a7d402b0f22d7efb DATA={"source": "GestureModel_v1", "label": "Point", "confidence": 0.84}
2026-05-17 21:54:37,691 | SENDER=context_node         TOPIC=/hri/context         SHA256=4f7f3e509d2a45b70dab96481bdeba99e5dd5787b28f81fbd5e9933a5b67478b DATA={"source": "ContextModel_v1", "environment": "Hospital_Reception", "crowding": "Medium"}
2026-05-17 21:54:37,848 | SENDER=motion_node          TOPIC=/hri/motion          SHA256=854d1b5fc1076b97c09fb39ef7487994c84fa02b6c33e89014bb8138e1f943f4 DATA={"source": "MotionModel_v1", "label": "Running", "speed_ms": 2.82}
2026-05-17 21:54:37,926 | SENDER=emotion_node         TOPIC=/hri/emotion         SHA256=7beafe6004ed15f146adec68e8da13641fd903793a7ab000b39e040744469d0f DATA={"source": "EmotionModel_v1", "label": "Angry", "confidence": 0.76}
2026-05-17 21:54:38,378 | SENDER=gesture_node         TOPIC=/hri/gesture         SHA256=c2ca7ec6a2b868fc6f0b63c137325a34ca152502dcf8c4f14d4fc7668d81b609 DATA={"source": "GestureModel_v1", "label": "Beckon", "confidence": 0.8}
2026-05-17 21:54:39,693 | SENDER=context_node         TOPIC=/hri/context         SHA256=a64fb3cfbf73edd634404a40b5c36a0c53b982ba75ff4431360d795192f7cd87 DATA={"source": "ContextModel_v1", "environment": "Hospital_Ward", "crowding": "Low"}
2026-05-17 21:54:39,849 | SENDER=motion_node          TOPIC=/hri/motion          SHA256=2c912062a5cbc42985289a069abcbeb2df8370030e8e4f1a11edc83c9da60370 DATA={"source": "MotionModel_v1", "label": "Approaching", "speed_ms": 0.91}
2026-05-17 21:54:39,926 | SENDER=emotion_node         TOPIC=/hri/emotion         SHA256=23f75cf2aa24df9c9db98112d1e711fb666ec845a4e79c5b61b52919f053e180 DATA={"source": "EmotionModel_v1", "label": "Happy", "confidence": 0.95}
2026-05-17 21:54:40,378 | SENDER=gesture_node         TOPIC=/hri/gesture         SHA256=5b48d474e5c719d0060512121537934ef68d74571173327fae0285e65aba623b DATA={"source": "GestureModel_v1", "label": "Beckon", "confidence": 0.88}
2026-05-17 21:54:41,692 | SENDER=context_node         TOPIC=/hri/context         SHA256=a64fb3cfbf73edd634404a40b5c36a0c53b982ba75ff4431360d795192f7cd87 DATA={"source": "ContextModel_v1", "environment": "Hospital_Ward", "crowding": "Low"}
2026-05-17 21:54:41,848 | SENDER=motion_node          TOPIC=/hri/motion          SHA256=7ccc38389c27ea3826fff81babff4a0ef8dd00c259c877883ca2d21ab20e8278 DATA={"source": "MotionModel_v1", "label": "Wandering", "speed_ms": 0.39}
2026-05-17 21:54:41,927 | SENDER=emotion_node         TOPIC=/hri/emotion         SHA256=cb2e003d9f5fbe76bee13448067af71cf562ef517fc312e7eab895fc471d51cd DATA={"source": "EmotionModel_v1", "label": "Confused", "confidence": 0.84}
2026-05-17 21:54:42,378 | SENDER=gesture_node         TOPIC=/hri/gesture         SHA256=5fed337a0a41811d63db9d6e9998b6775db60af51dbcca4d2364cde34df5fac4 DATA={"source": "GestureModel_v1", "label": "Stop", "confidence": 0.9}
2026-05-17 21:54:43,691 | SENDER=context_node         TOPIC=/hri/context         SHA256=f83540b369d62d3a3626f4487a33a8fb933121643231b1e0e5d4aeab15d1aac7 DATA={"source": "ContextModel_v1", "environment": "Museum_Gallery", "crowding": "Low"}
2026-05-17 21:54:43,850 | SENDER=motion_node          TOPIC=/hri/motion          SHA256=b966b63b5debbf25d46c48ec4422e3e95c3b80f7177db67671b7f3208ff9c2d0 DATA={"source": "MotionModel_v1", "label": "Approaching", "speed_ms": 0.49}
2026-05-17 21:54:43,926 | SENDER=emotion_node         TOPIC=/hri/emotion         SHA256=29d84c84411ab175865edb4e0e16a4a4e6ee6eedd5cbec349b55dd55428e4b47 DATA={"source": "EmotionModel_v1", "label": "Confused", "confidence": 0.8}
2026-05-17 21:54:44,378 | SENDER=gesture_node         TOPIC=/hri/gesture         SHA256=e3939c6d249bceae1c9194e70ced34c91a901afbf0d22af6d3a5b3c2558647f5 DATA={"source": "GestureModel_v1", "label": "Stop", "confidence": 0.94}
2026-05-17 21:54:45,695 | SENDER=context_node         TOPIC=/hri/context         SHA256=a64fb3cfbf73edd634404a40b5c36a0c53b982ba75ff4431360d795192f7cd87 DATA={"source": "ContextModel_v1", "environment": "Hospital_Ward", "crowding": "Low"}
2026-05-17 21:54:45,848 | SENDER=motion_node          TOPIC=/hri/motion          SHA256=7cfd545c5fa9c494629c93b4449e94368e46494bc0225f7b3114adcf77b911fc DATA={"source": "MotionModel_v1", "label": "Running", "speed_ms": 2.58}
2026-05-17 21:54:45,926 | SENDER=emotion_node         TOPIC=/hri/emotion         SHA256=fb8e1603c1c878d9bde4256305bb541a522e9d71e8619861d7913c31ba0de47e DATA={"source": "EmotionModel_v1", "label": "Confused", "confidence": 0.81}
2026-05-17 21:54:46,383 | SENDER=gesture_node         TOPIC=/hri/gesture         SHA256=a38e66de273fdf9c4bcf47f30e6a136157b9efeb105beda4246cf2cce8c37314 DATA={"source": "GestureModel_v1", "label": "Beckon", "confidence": 0.81}
2026-05-17 21:54:47,693 | SENDER=context_node         TOPIC=/hri/context         SHA256=f83540b369d62d3a3626f4487a33a8fb933121643231b1e0e5d4aeab15d1aac7 DATA={"source": "ContextModel_v1", "environment": "Museum_Gallery", "crowding": "Low"}
2026-05-17 21:54:47,849 | SENDER=motion_node          TOPIC=/hri/motion          SHA256=3557ec8f0d75b74517407d53572b5d000306f24e22a0e08be2b06eab0956697b DATA={"source": "MotionModel_v1", "label": "Approaching", "speed_ms": 0.85}
2026-05-17 21:54:47,926 | SENDER=emotion_node         TOPIC=/hri/emotion         SHA256=a44bc912b5604b2f3a0f393ac260493be3e0e92bdbb7f67ea569ae6e7c06746e DATA={"source": "EmotionModel_v1", "label": "Angry", "confidence": 0.81}
2026-05-17 21:54:48,377 | SENDER=gesture_node         TOPIC=/hri/gesture         SHA256=1c4bf8cfbf6ec011b354970c1b5129a92da93c01e886f096868f44f668b5cc3f DATA={"source": "GestureModel_v1", "label": "Stop", "confidence": 0.96}
2026-05-17 21:54:49,691 | SENDER=context_node         TOPIC=/hri/context         SHA256=a64fb3cfbf73edd634404a40b5c36a0c53b982ba75ff4431360d795192f7cd87 DATA={"source": "ContextModel_v1", "environment": "Hospital_Ward", "crowding": "Low"}
2026-05-17 21:54:49,848 | SENDER=motion_node          TOPIC=/hri/motion          SHA256=0185f071c52b5e53f656a1996fda5247eb2c2d84cd003793484415addd0d654a DATA={"source": "MotionModel_v1", "label": "Stationary", "speed_ms": 0.06}
2026-05-17 21:54:49,926 | SENDER=emotion_node         TOPIC=/hri/emotion         SHA256=c9f62e048a71b2b7a2d2b3e01efa596035bef3940f5d6ee245990acc897438b2 DATA={"source": "EmotionModel_v1", "label": "Panicked", "confidence": 0.96}
2026-05-17 21:54:50,383 | SENDER=gesture_node         TOPIC=/hri/gesture         SHA256=c207a55977ac3af6d49b846463e0b831a7927f035f6f7bd91f1b793eeaec6caa DATA={"source": "GestureModel_v1", "label": "Cross_Arms", "confidence": 0.91}
2026-05-17 21:54:51,691 | SENDER=context_node         TOPIC=/hri/context         SHA256=0328fe086d7abbbd5cc66066c96aec10db560086a0f840535d8d2da0875519d9 DATA={"source": "ContextModel_v1", "environment": "Retail_Aisle", "crowding": "Medium"}
2026-05-17 21:54:51,848 | SENDER=motion_node          TOPIC=/hri/motion          SHA256=515e5c1e86e4d0bbed32a0b4d415c8adc8bf3e01a43b15b6536b8997c40535a1 DATA={"source": "MotionModel_v1", "label": "Stationary", "speed_ms": 0.05}
2026-05-17 21:54:51,926 | SENDER=emotion_node         TOPIC=/hri/emotion         SHA256=b1b6ae86a9609b1d32e1fc2ad5ce71c410e80d992a52d3150327ed2c5a13d5d0 DATA={"source": "EmotionModel_v1", "label": "Happy", "confidence": 0.96}
2026-05-17 21:54:52,378 | SENDER=gesture_node         TOPIC=/hri/gesture         SHA256=496c30aba574f6aef0224ec0ba0c88384a73aab8db8bf34baa5e9fda39080e3a DATA={"source": "GestureModel_v1", "label": "Cross_Arms", "confidence": 0.87}
2026-05-17 21:54:53,692 | SENDER=context_node         TOPIC=/hri/context         SHA256=0328fe086d7abbbd5cc66066c96aec10db560086a0f840535d8d2da0875519d9 DATA={"source": "ContextModel_v1", "environment": "Retail_Aisle", "crowding": "Medium"}
2026-05-17 21:54:53,848 | SENDER=motion_node          TOPIC=/hri/motion          SHA256=885c1d3b05b57794bd4553ada0358b04c5ba1b343bace41b3ceec742f66465c7 DATA={"source": "MotionModel_v1", "label": "Stationary", "speed_ms": 0.02}
2026-05-17 21:54:53,926 | SENDER=emotion_node         TOPIC=/hri/emotion         SHA256=a44bc912b5604b2f3a0f393ac260493be3e0e92bdbb7f67ea569ae6e7c06746e DATA={"source": "EmotionModel_v1", "label": "Angry", "confidence": 0.81}
2026-05-17 21:54:54,380 | SENDER=gesture_node         TOPIC=/hri/gesture         SHA256=11e6fd7a0fe2b7cc02b1d5535340bfbce29e7a58080c7c95ca0cc6b929b3c01c DATA={"source": "GestureModel_v1", "label": "Cross_Arms", "confidence": 0.84}
2026-05-17 21:54:55,691 | SENDER=context_node         TOPIC=/hri/context         SHA256=a64fb3cfbf73edd634404a40b5c36a0c53b982ba75ff4431360d795192f7cd87 DATA={"source": "ContextModel_v1", "environment": "Hospital_Ward", "crowding": "Low"}
2026-05-17 21:54:55,848 | SENDER=motion_node          TOPIC=/hri/motion          SHA256=a80a2e0226e1fef86cf70b63e8bccbfd143ff67832653fef49ab14c8551433b9 DATA={"source": "MotionModel_v1", "label": "Wandering", "speed_ms": 0.44}
2026-05-17 21:54:55,927 | SENDER=emotion_node         TOPIC=/hri/emotion         SHA256=e30599e6c0fab427ab771542e4b7bd161d6a35e6f7013faaccfba323cb1d8dee DATA={"source": "EmotionModel_v1", "label": "Sad", "confidence": 0.9}
2026-05-17 21:54:56,378 | SENDER=gesture_node         TOPIC=/hri/gesture         SHA256=b7e9f74bceb3675a802434847049e10690a0b4ae22f74bb70b7698bea2ca39fc DATA={"source": "GestureModel_v1", "label": "Point", "confidence": 0.82}
2026-05-17 21:54:57,691 | SENDER=context_node         TOPIC=/hri/context         SHA256=0328fe086d7abbbd5cc66066c96aec10db560086a0f840535d8d2da0875519d9 DATA={"source": "ContextModel_v1", "environment": "Retail_Aisle", "crowding": "Medium"}
2026-05-17 21:54:57,850 | SENDER=motion_node          TOPIC=/hri/motion          SHA256=e9e72f3216bab8d211a7c31ca4e5f8789e65e366b5af64640c006f1b08db5710 DATA={"source": "MotionModel_v1", "label": "Stationary", "speed_ms": 0.08}
2026-05-17 21:54:57,927 | SENDER=emotion_node         TOPIC=/hri/emotion         SHA256=6a64b3df5d5d4fa170734db5e68355663f3cfa0e16e340c0f869d534e05559f1 DATA={"source": "EmotionModel_v1", "label": "Neutral", "confidence": 0.87}
2026-05-17 21:54:58,378 | SENDER=gesture_node         TOPIC=/hri/gesture         SHA256=1d27a478ca4ab9822d3040f1cd6fca839b3ab9eafc4cbeaa895e44c33aac6f01 DATA={"source": "GestureModel_v1", "label": "Thumbs_Up", "confidence": 0.84}
2026-05-17 21:54:59,691 | SENDER=context_node         TOPIC=/hri/context         SHA256=a64fb3cfbf73edd634404a40b5c36a0c53b982ba75ff4431360d795192f7cd87 DATA={"source": "ContextModel_v1", "environment": "Hospital_Ward", "crowding": "Low"}
2026-05-17 21:54:59,848 | SENDER=motion_node          TOPIC=/hri/motion          SHA256=a805403fe791a4e7b6b69e2c78a37faa4cc88f0781ae75b9605f520fd3fcfb64 DATA={"source": "MotionModel_v1", "label": "Retreating", "speed_ms": 0.7}
2026-05-17 21:54:59,926 | SENDER=emotion_node         TOPIC=/hri/emotion         SHA256=7411f2bf2664640c499aa8f823ef5d77c4d8d0b64db1abf118cde27ec93bd07e DATA={"source": "EmotionModel_v1", "label": "Angry", "confidence": 0.82}
2026-05-17 21:55:00,377 | SENDER=gesture_node         TOPIC=/hri/gesture         SHA256=58973deffa59167d658d90c2cc450855c6c6d02a30bf6c0386bf922b1cadcd2e DATA={"source": "GestureModel_v1", "label": "Stop", "confidence": 0.95}
2026-05-17 21:55:01,691 | SENDER=context_node         TOPIC=/hri/context         SHA256=a64fb3cfbf73edd634404a40b5c36a0c53b982ba75ff4431360d795192f7cd87 DATA={"source": "ContextModel_v1", "environment": "Hospital_Ward", "crowding": "Low"}
2026-05-17 21:55:01,850 | SENDER=motion_node          TOPIC=/hri/motion          SHA256=165e42e4a17830e3ca8a97870afaea99d2ba383d4c6c8749af4d03c3310e9fb0 DATA={"source": "MotionModel_v1", "label": "Wandering", "speed_ms": 0.22}
2026-05-17 21:55:01,927 | SENDER=emotion_node         TOPIC=/hri/emotion         SHA256=c5793a326aaafa2680ba4284459d95ab792410348373037a6131eebc1451b6b6 DATA={"source": "EmotionModel_v1", "label": "Angry", "confidence": 0.83}
2026-05-17 21:55:02,378 | SENDER=gesture_node         TOPIC=/hri/gesture         SHA256=524fc014844a08712c1cd4b202d4cbb4293a113c37f6949572e9d7b979b80d33 DATA={"source": "GestureModel_v1", "label": "Cross_Arms", "confidence": 0.79}
2026-05-17 21:55:03,692 | SENDER=context_node         TOPIC=/hri/context         SHA256=4f7f3e509d2a45b70dab96481bdeba99e5dd5787b28f81fbd5e9933a5b67478b DATA={"source": "ContextModel_v1", "environment": "Hospital_Reception", "crowding": "Medium"}
2026-05-17 21:55:03,848 | SENDER=motion_node          TOPIC=/hri/motion          SHA256=ab43c7ebcbaf73ae7cd5e297d1c224122bf92d3758af9b637b077b59092bf928 DATA={"source": "MotionModel_v1", "label": "Retreating", "speed_ms": 0.46}
2026-05-17 21:55:03,926 | SENDER=emotion_node         TOPIC=/hri/emotion         SHA256=a566545654fcc155cea4db1532e34567402f70a77fb3ff3c4b0d6d4f83ccaf8e DATA={"source": "EmotionModel_v1", "label": "Angry", "confidence": 0.88}
2026-05-17 21:55:04,378 | SENDER=gesture_node         TOPIC=/hri/gesture         SHA256=3ecfd8986e395125c84f18e5ae99ca501d0aeb626128e03435d34223d907b0dd DATA={"source": "GestureModel_v1", "label": "Point", "confidence": 0.91}
2026-05-17 21:55:05,692 | SENDER=context_node         TOPIC=/hri/context         SHA256=f83540b369d62d3a3626f4487a33a8fb933121643231b1e0e5d4aeab15d1aac7 DATA={"source": "ContextModel_v1", "environment": "Museum_Gallery", "crowding": "Low"}
2026-05-17 21:55:05,848 | SENDER=motion_node          TOPIC=/hri/motion          SHA256=c2f4356fb24ec78513297f9742b5f21268fe5387d3649772e0db5a6ed6f8e137 DATA={"source": "MotionModel_v1", "label": "Retreating", "speed_ms": 0.73}
2026-05-17 21:55:05,926 | SENDER=emotion_node         TOPIC=/hri/emotion         SHA256=26b7a844daab074597993edadfe29fd5248840fc18fc84b6b513ea12bfd6011c DATA={"source": "EmotionModel_v1", "label": "Confused", "confidence": 0.88}
2026-05-17 21:55:06,379 | SENDER=gesture_node         TOPIC=/hri/gesture         SHA256=e6d3acb2c298209dd58d23c111adf470153ad7621a89d99ebf96dfaf8a2cb665 DATA={"source": "GestureModel_v1", "label": "Beckon", "confidence": 0.82}
2026-05-17 21:55:07,695 | SENDER=context_node         TOPIC=/hri/context         SHA256=b88b3385b15277f264a4977a18a860ce4df5fa37ec2862844eecd37fad4c7813 DATA={"source": "ContextModel_v1", "environment": "Hospital_Corridor", "crowding": "High"}
2026-05-17 21:55:07,848 | SENDER=motion_node          TOPIC=/hri/motion          SHA256=52349ee7577f8cc8a9b4b3169980bb5d4a2b80c459b7520490becfd6dc240ed2 DATA={"source": "MotionModel_v1", "label": "Running", "speed_ms": 3.2}
2026-05-17 21:55:07,926 | SENDER=emotion_node         TOPIC=/hri/emotion         SHA256=a566545654fcc155cea4db1532e34567402f70a77fb3ff3c4b0d6d4f83ccaf8e DATA={"source": "EmotionModel_v1", "label": "Angry", "confidence": 0.88}
2026-05-17 21:55:09,608 | SENDER=gesture_node         TOPIC=/hri/gesture         SHA256=ff791522bd7f91043fa4240733a276a7ea3cc81761af1f1759a1d59910f2846f DATA={"source": "GestureModel_v1", "label": "Beckon", "confidence": 0.87}
2026-05-17 21:55:10,377 | SENDER=gesture_node         TOPIC=/hri/gesture         SHA256=9c23e07af1c553433345d5ea1db582b01f88aaa69cfaff89eaecaa4d16ef97ce DATA={"source": "GestureModel_v1", "label": "Beckon", "confidence": 0.86}
2026-05-17 21:55:10,922 | SENDER=context_node         TOPIC=/hri/context         SHA256=f83540b369d62d3a3626f4487a33a8fb933121643231b1e0e5d4aeab15d1aac7 DATA={"source": "ContextModel_v1", "environment": "Museum_Gallery", "crowding": "Low"}
2026-05-17 21:55:11,079 | SENDER=motion_node          TOPIC=/hri/motion          SHA256=0d61f213b6f40f2828d8f86e25ddbf3684fb49d23aa3c12573eebd6aea2f3865 DATA={"source": "MotionModel_v1", "label": "Retreating", "speed_ms": 0.36}
2026-05-17 21:55:11,157 | SENDER=emotion_node         TOPIC=/hri/emotion         SHA256=206f8eab2f2e7a704153e9142dbeaf03e7c21bd53326c7ea8b3f723a04077be1 DATA={"source": "EmotionModel_v1", "label": "Happy", "confidence": 0.92}
2026-05-17 21:55:11,690 | SENDER=context_node         TOPIC=/hri/context         SHA256=0328fe086d7abbbd5cc66066c96aec10db560086a0f840535d8d2da0875519d9 DATA={"source": "ContextModel_v1", "environment": "Retail_Aisle", "crowding": "Medium"}
2026-05-17 21:55:11,848 | SENDER=motion_node          TOPIC=/hri/motion          SHA256=be0eeb87fff38c0269a42dc1298d1957ab4f92a009b828f7452c517aeba0c2c8 DATA={"source": "MotionModel_v1", "label": "Retreating", "speed_ms": 0.52}
2026-05-17 21:55:11,926 | SENDER=emotion_node         TOPIC=/hri/emotion         SHA256=a566545654fcc155cea4db1532e34567402f70a77fb3ff3c4b0d6d4f83ccaf8e DATA={"source": "EmotionModel_v1", "label": "Angry", "confidence": 0.88}
2026-05-17 21:55:12,378 | SENDER=gesture_node         TOPIC=/hri/gesture         SHA256=4064b53ef72a7ef9a3f00fe9b94d1748c806e3637eb7961fd797c4b363031dfc DATA={"source": "GestureModel_v1", "label": "Beckon", "confidence": 0.85}
2026-05-17 21:55:13,692 | SENDER=context_node         TOPIC=/hri/context         SHA256=b88b3385b15277f264a4977a18a860ce4df5fa37ec2862844eecd37fad4c7813 DATA={"source": "ContextModel_v1", "environment": "Hospital_Corridor", "crowding": "High"}
2026-05-17 21:55:13,849 | SENDER=motion_node          TOPIC=/hri/motion          SHA256=9d3d36fc144ab5b526ad2f445b305e398c2c7124dcd638a5cc1bd975172a0999 DATA={"source": "MotionModel_v1", "label": "Running", "speed_ms": 3.36}
2026-05-17 21:55:13,926 | SENDER=emotion_node         TOPIC=/hri/emotion         SHA256=d4a549860a7887653c3b68fe9b41a6fe75993a0f79759dfd5062c3fad0c2ca88 DATA={"source": "EmotionModel_v1", "label": "Neutral", "confidence": 0.93}
2026-05-17 21:55:14,379 | SENDER=gesture_node         TOPIC=/hri/gesture         SHA256=1c4bf8cfbf6ec011b354970c1b5129a92da93c01e886f096868f44f668b5cc3f DATA={"source": "GestureModel_v1", "label": "Stop", "confidence": 0.96}
2026-05-17 21:55:15,691 | SENDER=context_node         TOPIC=/hri/context         SHA256=b88b3385b15277f264a4977a18a860ce4df5fa37ec2862844eecd37fad4c7813 DATA={"source": "ContextModel_v1", "environment": "Hospital_Corridor", "crowding": "High"}
2026-05-17 21:55:15,850 | SENDER=motion_node          TOPIC=/hri/motion          SHA256=c2f4356fb24ec78513297f9742b5f21268fe5387d3649772e0db5a6ed6f8e137 DATA={"source": "MotionModel_v1", "label": "Retreating", "speed_ms": 0.73}
2026-05-17 21:55:15,926 | SENDER=emotion_node         TOPIC=/hri/emotion         SHA256=5998b24130ca777eab6cf54b7b3706489073d7a3a1212a611188a393ddc65b96 DATA={"source": "EmotionModel_v1", "label": "Neutral", "confidence": 0.83}
2026-05-17 21:55:16,377 | SENDER=gesture_node         TOPIC=/hri/gesture         SHA256=94e451f6af38023c8e5c8db2a05d44b3b87ab55346f20ee179990dc54f5f3935 DATA={"source": "GestureModel_v1", "label": "Beckon", "confidence": 0.91}
2026-05-17 21:55:17,693 | SENDER=context_node         TOPIC=/hri/context         SHA256=a64fb3cfbf73edd634404a40b5c36a0c53b982ba75ff4431360d795192f7cd87 DATA={"source": "ContextModel_v1", "environment": "Hospital_Ward", "crowding": "Low"}
2026-05-17 21:55:17,850 | SENDER=motion_node          TOPIC=/hri/motion          SHA256=f75cf3480a94e56d0c68055a03909f2e6ac3f4f28cfe7c65c0fbeca38ce6ae72 DATA={"source": "MotionModel_v1", "label": "Approaching", "speed_ms": 0.45}
2026-05-17 21:55:17,926 | SENDER=emotion_node         TOPIC=/hri/emotion         SHA256=fadaa5f34aa75e68c53a9c4886c1b7c4ea635e21a6aecdbd53099b9c8f9a2646 DATA={"source": "EmotionModel_v1", "label": "Sad", "confidence": 0.84}
2026-05-17 21:55:18,379 | SENDER=gesture_node         TOPIC=/hri/gesture         SHA256=4205621ed303fae6f5e5da63ada00cf83e4bf6ef8b07632c5feb2d0d235b3d30 DATA={"source": "GestureModel_v1", "label": "Point", "confidence": 0.88}
2026-05-17 21:55:19,691 | SENDER=context_node         TOPIC=/hri/context         SHA256=4f7f3e509d2a45b70dab96481bdeba99e5dd5787b28f81fbd5e9933a5b67478b DATA={"source": "ContextModel_v1", "environment": "Hospital_Reception", "crowding": "Medium"}
2026-05-17 21:55:19,848 | SENDER=motion_node          TOPIC=/hri/motion          SHA256=2f86b70f9115f538e632ef47af54b54ab21cce9401fac62bb4b60727eda1bb5c DATA={"source": "MotionModel_v1", "label": "Stationary", "speed_ms": 0.04}
2026-05-17 21:55:19,926 | SENDER=emotion_node         TOPIC=/hri/emotion         SHA256=fb8e1603c1c878d9bde4256305bb541a522e9d71e8619861d7913c31ba0de47e DATA={"source": "EmotionModel_v1", "label": "Confused", "confidence": 0.81}
2026-05-17 21:55:20,378 | SENDER=gesture_node         TOPIC=/hri/gesture         SHA256=9c2d7d6267bc0073a7fc20ca7d5ec2c462d7d77f9ce3d11432f9db4950060e26 DATA={"source": "GestureModel_v1", "label": "Wave", "confidence": 0.85}
2026-05-17 21:55:21,695 | SENDER=context_node         TOPIC=/hri/context         SHA256=0328fe086d7abbbd5cc66066c96aec10db560086a0f840535d8d2da0875519d9 DATA={"source": "ContextModel_v1", "environment": "Retail_Aisle", "crowding": "Medium"}
2026-05-17 21:55:21,848 | SENDER=motion_node          TOPIC=/hri/motion          SHA256=8fc8d1152b021c5921ee7ae856a1827443f84e6f6b0d43f8dc6fe3fddb10264b DATA={"source": "MotionModel_v1", "label": "Running", "speed_ms": 2.83}
2026-05-17 21:55:21,926 | SENDER=emotion_node         TOPIC=/hri/emotion         SHA256=a16e78978e9a387224a47e626b63b25a62b0930d7bed5f5b6524b2db1440d194 DATA={"source": "EmotionModel_v1", "label": "Panicked", "confidence": 0.89}
2026-05-17 21:55:22,378 | SENDER=gesture_node         TOPIC=/hri/gesture         SHA256=5b48d474e5c719d0060512121537934ef68d74571173327fae0285e65aba623b DATA={"source": "GestureModel_v1", "label": "Beckon", "confidence": 0.88}
2026-05-17 21:55:23,692 | SENDER=context_node         TOPIC=/hri/context         SHA256=f83540b369d62d3a3626f4487a33a8fb933121643231b1e0e5d4aeab15d1aac7 DATA={"source": "ContextModel_v1", "environment": "Museum_Gallery", "crowding": "Low"}
2026-05-17 21:55:23,848 | SENDER=motion_node          TOPIC=/hri/motion          SHA256=0185f071c52b5e53f656a1996fda5247eb2c2d84cd003793484415addd0d654a DATA={"source": "MotionModel_v1", "label": "Stationary", "speed_ms": 0.06}
2026-05-17 21:55:23,926 | SENDER=emotion_node         TOPIC=/hri/emotion         SHA256=21b8d3facfd69e37dd7c79e05619c7e3cab414c0b9e7dd6bf6f2f8eaba7eed36 DATA={"source": "EmotionModel_v1", "label": "Happy", "confidence": 0.91}
2026-05-17 21:55:24,378 | SENDER=gesture_node         TOPIC=/hri/gesture         SHA256=e6d3acb2c298209dd58d23c111adf470153ad7621a89d99ebf96dfaf8a2cb665 DATA={"source": "GestureModel_v1", "label": "Beckon", "confidence": 0.82}
2026-05-17 21:55:25,692 | SENDER=context_node         TOPIC=/hri/context         SHA256=f83540b369d62d3a3626f4487a33a8fb933121643231b1e0e5d4aeab15d1aac7 DATA={"source": "ContextModel_v1", "environment": "Museum_Gallery", "crowding": "Low"}
2026-05-17 21:55:25,848 | SENDER=motion_node          TOPIC=/hri/motion          SHA256=0ce1bac412be1ad42c08591cd9791b1e20648cf0f93d315dc5fc1d17a2951407 DATA={"source": "MotionModel_v1", "label": "Wandering", "speed_ms": 0.52}
2026-05-17 21:55:25,926 | SENDER=emotion_node         TOPIC=/hri/emotion         SHA256=cde2f37f342c665de86357068364314c9948bbfa70c1390226eacc6c9333742c DATA={"source": "EmotionModel_v1", "label": "Confused", "confidence": 0.92}
2026-05-17 21:55:26,379 | SENDER=gesture_node         TOPIC=/hri/gesture         SHA256=1d27a478ca4ab9822d3040f1cd6fca839b3ab9eafc4cbeaa895e44c33aac6f01 DATA={"source": "GestureModel_v1", "label": "Thumbs_Up", "confidence": 0.84}
2026-05-17 21:55:27,692 | SENDER=context_node         TOPIC=/hri/context         SHA256=0328fe086d7abbbd5cc66066c96aec10db560086a0f840535d8d2da0875519d9 DATA={"source": "ContextModel_v1", "environment": "Retail_Aisle", "crowding": "Medium"}
2026-05-17 21:55:27,849 | SENDER=motion_node          TOPIC=/hri/motion          SHA256=cd75153566d422e17d8d18429df97d0f3c5f972d9c6dca29accb0d4137f18239 DATA={"source": "MotionModel_v1", "label": "Stationary", "speed_ms": 0.01}
2026-05-17 21:55:27,926 | SENDER=emotion_node         TOPIC=/hri/emotion         SHA256=542cb0a557d680d2be3b4f1acda147bc296a1cc1f892f397b93700b4f170d620 DATA={"source": "EmotionModel_v1", "label": "Panicked", "confidence": 0.86}
2026-05-17 21:55:28,378 | SENDER=gesture_node         TOPIC=/hri/gesture         SHA256=4811bf4d8ef8729831d87bd1c5fdac446b9be8533584c275d6c2378e09e8cffe DATA={"source": "GestureModel_v1", "label": "Cross_Arms", "confidence": 0.88}
2026-05-17 21:55:29,691 | SENDER=context_node         TOPIC=/hri/context         SHA256=b88b3385b15277f264a4977a18a860ce4df5fa37ec2862844eecd37fad4c7813 DATA={"source": "ContextModel_v1", "environment": "Hospital_Corridor", "crowding": "High"}
2026-05-17 21:55:29,849 | SENDER=motion_node          TOPIC=/hri/motion          SHA256=7ccc38389c27ea3826fff81babff4a0ef8dd00c259c877883ca2d21ab20e8278 DATA={"source": "MotionModel_v1", "label": "Wandering", "speed_ms": 0.39}
2026-05-17 21:55:29,926 | SENDER=emotion_node         TOPIC=/hri/emotion         SHA256=c4373afd645a7006318f98e2df204e1da4ae18e2a3431ccf16cca3b9332ebafa DATA={"source": "EmotionModel_v1", "label": "Sad", "confidence": 0.77}
2026-05-17 21:55:30,378 | SENDER=gesture_node         TOPIC=/hri/gesture         SHA256=c16ad41177289a7aadc458401d2c728ab3052043b041cd26005ccbb1aff9192c DATA={"source": "GestureModel_v1", "label": "Stop", "confidence": 0.97}
2026-05-17 21:55:31,692 | SENDER=context_node         TOPIC=/hri/context         SHA256=a64fb3cfbf73edd634404a40b5c36a0c53b982ba75ff4431360d795192f7cd87 DATA={"source": "ContextModel_v1", "environment": "Hospital_Ward", "crowding": "Low"}
2026-05-17 21:55:31,848 | SENDER=motion_node          TOPIC=/hri/motion          SHA256=874039d5726adc76bba3dc73301d84cb514b488f991644e1418092d6cf963ca8 DATA={"source": "MotionModel_v1", "label": "Wandering", "speed_ms": 0.24}
2026-05-17 21:55:31,926 | SENDER=emotion_node         TOPIC=/hri/emotion         SHA256=f2084d172f0a61d589af23a490cc7f24a8e4c61bdadda5d13175df941e1c60e2 DATA={"source": "EmotionModel_v1", "label": "Neutral", "confidence": 0.91}
2026-05-17 21:55:32,379 | SENDER=gesture_node         TOPIC=/hri/gesture         SHA256=567557a1528428c8fb1157a3a0fb4c1690c8c96455870d51ba01fa111151f296 DATA={"source": "GestureModel_v1", "label": "Cross_Arms", "confidence": 0.86}
2026-05-17 21:55:33,693 | SENDER=context_node         TOPIC=/hri/context         SHA256=4f7f3e509d2a45b70dab96481bdeba99e5dd5787b28f81fbd5e9933a5b67478b DATA={"source": "ContextModel_v1", "environment": "Hospital_Reception", "crowding": "Medium"}
2026-05-17 21:55:33,851 | SENDER=motion_node          TOPIC=/hri/motion          SHA256=a359a737c4a8f83de8a70af073b343f97c0726f835bbb4dbf1d97bf7ee31880f DATA={"source": "MotionModel_v1", "label": "Stationary", "speed_ms": 0.07}
2026-05-17 21:55:33,926 | SENDER=emotion_node         TOPIC=/hri/emotion         SHA256=6cbafa2e903d68b4918e491877a3142fb685274954d030c444f5d3136c2d2390 DATA={"source": "EmotionModel_v1", "label": "Confused", "confidence": 0.78}
2026-05-17 21:55:34,378 | SENDER=gesture_node         TOPIC=/hri/gesture         SHA256=5862b1f8195402779034656183e5f4eb7de2b9175ecb1090388123ef5d4d60a4 DATA={"source": "GestureModel_v1", "label": "Cross_Arms", "confidence": 0.9}
2026-05-17 21:55:35,691 | SENDER=context_node         TOPIC=/hri/context         SHA256=0328fe086d7abbbd5cc66066c96aec10db560086a0f840535d8d2da0875519d9 DATA={"source": "ContextModel_v1", "environment": "Retail_Aisle", "crowding": "Medium"}
2026-05-17 21:55:35,848 | SENDER=motion_node          TOPIC=/hri/motion          SHA256=a7bbe66ac23d3c63a779a4484a827a1d71ef87e0cedd04671389450184bd91ed DATA={"source": "MotionModel_v1", "label": "Retreating", "speed_ms": 0.47}
2026-05-17 21:55:35,926 | SENDER=emotion_node         TOPIC=/hri/emotion         SHA256=797384a622bb5f4bbeb49a7bb2981f7ffe8eaa0945eccd1184e8443488d819b3 DATA={"source": "EmotionModel_v1", "label": "Happy", "confidence": 0.97}
2026-05-17 21:55:36,378 | SENDER=gesture_node         TOPIC=/hri/gesture         SHA256=641c3dda621dae518afaa84bb122e0fd38aaa475d79f4f2f95a3237156141a42 DATA={"source": "GestureModel_v1", "label": "Cross_Arms", "confidence": 0.82}
2026-05-17 21:55:37,691 | SENDER=context_node         TOPIC=/hri/context         SHA256=0328fe086d7abbbd5cc66066c96aec10db560086a0f840535d8d2da0875519d9 DATA={"source": "ContextModel_v1", "environment": "Retail_Aisle", "crowding": "Medium"}
2026-05-17 21:55:37,850 | SENDER=motion_node          TOPIC=/hri/motion          SHA256=e8bf62683a5f483a067e90abacc6c67e672c2621617209b280c1f005297fa51b DATA={"source": "MotionModel_v1", "label": "Approaching", "speed_ms": 1.08}
2026-05-17 21:55:37,926 | SENDER=emotion_node         TOPIC=/hri/emotion         SHA256=a566545654fcc155cea4db1532e34567402f70a77fb3ff3c4b0d6d4f83ccaf8e DATA={"source": "EmotionModel_v1", "label": "Angry", "confidence": 0.88}
2026-05-17 21:55:38,377 | SENDER=gesture_node         TOPIC=/hri/gesture         SHA256=e3939c6d249bceae1c9194e70ced34c91a901afbf0d22af6d3a5b3c2558647f5 DATA={"source": "GestureModel_v1", "label": "Stop", "confidence": 0.94}
2026-05-17 21:55:39,692 | SENDER=context_node         TOPIC=/hri/context         SHA256=4f7f3e509d2a45b70dab96481bdeba99e5dd5787b28f81fbd5e9933a5b67478b DATA={"source": "ContextModel_v1", "environment": "Hospital_Reception", "crowding": "Medium"}
2026-05-17 21:55:39,848 | SENDER=motion_node          TOPIC=/hri/motion          SHA256=515e5c1e86e4d0bbed32a0b4d415c8adc8bf3e01a43b15b6536b8997c40535a1 DATA={"source": "MotionModel_v1", "label": "Stationary", "speed_ms": 0.05}
2026-05-17 21:55:39,926 | SENDER=emotion_node         TOPIC=/hri/emotion         SHA256=209f12299bf832daf2acca5bd20d94ced3b9001fe96624a0efc4aded1042fe65 DATA={"source": "EmotionModel_v1", "label": "Angry", "confidence": 0.77}
2026-05-17 21:55:40,378 | SENDER=gesture_node         TOPIC=/hri/gesture         SHA256=fe1ac882e5c284ef3f3faba2d64e2bacdf8c088b3b07eef400dfd00c66b4d12f DATA={"source": "GestureModel_v1", "label": "Thumbs_Up", "confidence": 0.83}
2026-05-17 21:55:42,901 | SENDER=context_node         TOPIC=/hri/context         SHA256=f83540b369d62d3a3626f4487a33a8fb933121643231b1e0e5d4aeab15d1aac7 DATA={"source": "ContextModel_v1", "environment": "Museum_Gallery", "crowding": "Low"}
2026-05-17 21:55:43,054 | SENDER=motion_node          TOPIC=/hri/motion          SHA256=a866f9d5de47505c06320df20dba7720af7e93cd9eca6936057848ea9ffb73a2 DATA={"source": "MotionModel_v1", "label": "Approaching", "speed_ms": 0.64}
2026-05-17 21:55:43,131 | SENDER=emotion_node         TOPIC=/hri/emotion         SHA256=209f12299bf832daf2acca5bd20d94ced3b9001fe96624a0efc4aded1042fe65 DATA={"source": "EmotionModel_v1", "label": "Angry", "confidence": 0.77}
2026-05-17 21:55:43,582 | SENDER=gesture_node         TOPIC=/hri/gesture         SHA256=496c30aba574f6aef0224ec0ba0c88384a73aab8db8bf34baa5e9fda39080e3a DATA={"source": "GestureModel_v1", "label": "Cross_Arms", "confidence": 0.87}
2026-05-17 21:55:43,691 | SENDER=context_node         TOPIC=/hri/context         SHA256=b88b3385b15277f264a4977a18a860ce4df5fa37ec2862844eecd37fad4c7813 DATA={"source": "ContextModel_v1", "environment": "Hospital_Corridor", "crowding": "High"}
2026-05-17 21:55:43,848 | SENDER=motion_node          TOPIC=/hri/motion          SHA256=885c1d3b05b57794bd4553ada0358b04c5ba1b343bace41b3ceec742f66465c7 DATA={"source": "MotionModel_v1", "label": "Stationary", "speed_ms": 0.02}
2026-05-17 21:55:43,926 | SENDER=emotion_node         TOPIC=/hri/emotion         SHA256=b8012b46ee585333e5073979e18a89cc65619ec7851c1d916ecb1d34f0db83d3 DATA={"source": "EmotionModel_v1", "label": "Confused", "confidence": 0.85}
2026-05-17 21:55:44,383 | SENDER=gesture_node         TOPIC=/hri/gesture         SHA256=1bada581df882fed06f7aeae1b239a39313c8b114cc4a7970007d0c88593a117 DATA={"source": "GestureModel_v1", "label": "Stop", "confidence": 0.89}
2026-05-17 21:55:45,691 | SENDER=context_node         TOPIC=/hri/context         SHA256=a64fb3cfbf73edd634404a40b5c36a0c53b982ba75ff4431360d795192f7cd87 DATA={"source": "ContextModel_v1", "environment": "Hospital_Ward", "crowding": "Low"}
2026-05-17 21:55:45,850 | SENDER=motion_node          TOPIC=/hri/motion          SHA256=d715c4dfec4edf86e885173a3d6c95d2e035df0a0ad42728e70a6ceb0c3376df DATA={"source": "MotionModel_v1", "label": "Approaching", "speed_ms": 1.05}
2026-05-17 21:55:45,926 | SENDER=emotion_node         TOPIC=/hri/emotion         SHA256=5f56a2e6ea91db0269fb4bf51ad86c0ba9ce4b3e5985ae2e37c950e0f900a6e0 DATA={"source": "EmotionModel_v1", "label": "Neutral", "confidence": 0.92}
2026-05-17 21:55:46,378 | SENDER=gesture_node         TOPIC=/hri/gesture         SHA256=ff791522bd7f91043fa4240733a276a7ea3cc81761af1f1759a1d59910f2846f DATA={"source": "GestureModel_v1", "label": "Beckon", "confidence": 0.87}
2026-05-17 21:55:47,692 | SENDER=context_node         TOPIC=/hri/context         SHA256=f83540b369d62d3a3626f4487a33a8fb933121643231b1e0e5d4aeab15d1aac7 DATA={"source": "ContextModel_v1", "environment": "Museum_Gallery", "crowding": "Low"}
2026-05-17 21:55:47,849 | SENDER=motion_node          TOPIC=/hri/motion          SHA256=e326a18c83d16cb50043d6d302f4dcab2bc490322686142a24f38521fd7589d9 DATA={"source": "MotionModel_v1", "label": "Running", "speed_ms": 2.88}
2026-05-17 21:55:47,926 | SENDER=emotion_node         TOPIC=/hri/emotion         SHA256=003585fd167f61cac7b5f185b4559b1326f928d6d22ff3679164d2ae0adacf95 DATA={"source": "EmotionModel_v1", "label": "Happy", "confidence": 0.94}
2026-05-17 21:55:48,380 | SENDER=gesture_node         TOPIC=/hri/gesture         SHA256=6d9f44dec9737b364988e46813b11217c1155dab432b7e6a322a7fade490707f DATA={"source": "GestureModel_v1", "label": "Stop", "confidence": 0.99}
2026-05-17 21:55:49,692 | SENDER=context_node         TOPIC=/hri/context         SHA256=f83540b369d62d3a3626f4487a33a8fb933121643231b1e0e5d4aeab15d1aac7 DATA={"source": "ContextModel_v1", "environment": "Museum_Gallery", "crowding": "Low"}
2026-05-17 21:55:49,848 | SENDER=motion_node          TOPIC=/hri/motion          SHA256=515e5c1e86e4d0bbed32a0b4d415c8adc8bf3e01a43b15b6536b8997c40535a1 DATA={"source": "MotionModel_v1", "label": "Stationary", "speed_ms": 0.05}
2026-05-17 21:55:49,926 | SENDER=emotion_node         TOPIC=/hri/emotion         SHA256=cde2f37f342c665de86357068364314c9948bbfa70c1390226eacc6c9333742c DATA={"source": "EmotionModel_v1", "label": "Confused", "confidence": 0.92}
2026-05-17 21:55:50,378 | SENDER=gesture_node         TOPIC=/hri/gesture         SHA256=a38e66de273fdf9c4bcf47f30e6a136157b9efeb105beda4246cf2cce8c37314 DATA={"source": "GestureModel_v1", "label": "Beckon", "confidence": 0.81}
2026-05-17 21:55:51,691 | SENDER=context_node         TOPIC=/hri/context         SHA256=4f7f3e509d2a45b70dab96481bdeba99e5dd5787b28f81fbd5e9933a5b67478b DATA={"source": "ContextModel_v1", "environment": "Hospital_Reception", "crowding": "Medium"}
2026-05-17 21:55:51,848 | SENDER=motion_node          TOPIC=/hri/motion          SHA256=7ccc38389c27ea3826fff81babff4a0ef8dd00c259c877883ca2d21ab20e8278 DATA={"source": "MotionModel_v1", "label": "Wandering", "speed_ms": 0.39}
2026-05-17 21:55:51,926 | SENDER=emotion_node         TOPIC=/hri/emotion         SHA256=c9f62e048a71b2b7a2d2b3e01efa596035bef3940f5d6ee245990acc897438b2 DATA={"source": "EmotionModel_v1", "label": "Panicked", "confidence": 0.96}
2026-05-17 21:55:52,378 | SENDER=gesture_node         TOPIC=/hri/gesture         SHA256=9c2d7d6267bc0073a7fc20ca7d5ec2c462d7d77f9ce3d11432f9db4950060e26 DATA={"source": "GestureModel_v1", "label": "Wave", "confidence": 0.85}
2026-05-17 21:55:53,693 | SENDER=context_node         TOPIC=/hri/context         SHA256=0328fe086d7abbbd5cc66066c96aec10db560086a0f840535d8d2da0875519d9 DATA={"source": "ContextModel_v1", "environment": "Retail_Aisle", "crowding": "Medium"}
2026-05-17 21:55:53,848 | SENDER=motion_node          TOPIC=/hri/motion          SHA256=40a9d1090985fbc9e808bdfb6f443445135fb9ac181f0cbe567f98762f00a1c4 DATA={"source": "MotionModel_v1", "label": "Running", "speed_ms": 2.07}
2026-05-17 21:55:53,926 | SENDER=emotion_node         TOPIC=/hri/emotion         SHA256=5fd491b63c5e8c32a95f9626beba45596d13dba494ef814bb8a83401b8dae7b2 DATA={"source": "EmotionModel_v1", "label": "Angry", "confidence": 0.89}
2026-05-17 21:55:54,379 | SENDER=gesture_node         TOPIC=/hri/gesture         SHA256=e60eaeb1fec23e63aa0078e10ac88c33178f8ee33395fe631388fa2198ba878e DATA={"source": "GestureModel_v1", "label": "Cross_Arms", "confidence": 0.83}
2026-05-17 21:55:55,691 | SENDER=context_node         TOPIC=/hri/context         SHA256=b88b3385b15277f264a4977a18a860ce4df5fa37ec2862844eecd37fad4c7813 DATA={"source": "ContextModel_v1", "environment": "Hospital_Corridor", "crowding": "High"}
2026-05-17 21:55:55,848 | SENDER=motion_node          TOPIC=/hri/motion          SHA256=13258bc269febcc33cf4e6e70cc48f5c16b7c3d6196ba5fa1aa6c05a28b70333 DATA={"source": "MotionModel_v1", "label": "Wandering", "speed_ms": 0.57}
2026-05-17 21:55:55,926 | SENDER=emotion_node         TOPIC=/hri/emotion         SHA256=003585fd167f61cac7b5f185b4559b1326f928d6d22ff3679164d2ae0adacf95 DATA={"source": "EmotionModel_v1", "label": "Happy", "confidence": 0.94}
2026-05-17 21:55:56,377 | SENDER=gesture_node         TOPIC=/hri/gesture         SHA256=4811bf4d8ef8729831d87bd1c5fdac446b9be8533584c275d6c2378e09e8cffe DATA={"source": "GestureModel_v1", "label": "Cross_Arms", "confidence": 0.88}
2026-05-17 21:55:57,691 | SENDER=context_node         TOPIC=/hri/context         SHA256=4f7f3e509d2a45b70dab96481bdeba99e5dd5787b28f81fbd5e9933a5b67478b DATA={"source": "ContextModel_v1", "environment": "Hospital_Reception", "crowding": "Medium"}
2026-05-17 21:55:57,848 | SENDER=motion_node          TOPIC=/hri/motion          SHA256=9da5a27eba272f05f1a812c8a02b2afe5ad351f5433d40e0e90b7024cdf5bc3c DATA={"source": "MotionModel_v1", "label": "Running", "speed_ms": 2.51}
2026-05-17 21:55:57,926 | SENDER=emotion_node         TOPIC=/hri/emotion         SHA256=fadaa5f34aa75e68c53a9c4886c1b7c4ea635e21a6aecdbd53099b9c8f9a2646 DATA={"source": "EmotionModel_v1", "label": "Sad", "confidence": 0.84}
2026-05-17 21:55:58,378 | SENDER=gesture_node         TOPIC=/hri/gesture         SHA256=2f3b8570b684d4fa74465f1a58ba3a522605219d3622d152b92fb24550ea7a14 DATA={"source": "GestureModel_v1", "label": "Wave", "confidence": 0.9}
2026-05-17 21:55:59,691 | SENDER=context_node         TOPIC=/hri/context         SHA256=f83540b369d62d3a3626f4487a33a8fb933121643231b1e0e5d4aeab15d1aac7 DATA={"source": "ContextModel_v1", "environment": "Museum_Gallery", "crowding": "Low"}
2026-05-17 21:55:59,848 | SENDER=motion_node          TOPIC=/hri/motion          SHA256=d280fa0ca7c6b19ee9ce62df418978d0055e358612ac176bc185d24a21ba61fb DATA={"source": "MotionModel_v1", "label": "Wandering", "speed_ms": 0.37}
2026-05-17 21:55:59,926 | SENDER=emotion_node         TOPIC=/hri/emotion         SHA256=fb8e1603c1c878d9bde4256305bb541a522e9d71e8619861d7913c31ba0de47e DATA={"source": "EmotionModel_v1", "label": "Confused", "confidence": 0.81}
2026-05-17 21:56:00,377 | SENDER=gesture_node         TOPIC=/hri/gesture         SHA256=5fed337a0a41811d63db9d6e9998b6775db60af51dbcca4d2364cde34df5fac4 DATA={"source": "GestureModel_v1", "label": "Stop", "confidence": 0.9}
2026-05-17 21:56:01,693 | SENDER=context_node         TOPIC=/hri/context         SHA256=4f7f3e509d2a45b70dab96481bdeba99e5dd5787b28f81fbd5e9933a5b67478b DATA={"source": "ContextModel_v1", "environment": "Hospital_Reception", "crowding": "Medium"}
2026-05-17 21:56:01,848 | SENDER=motion_node          TOPIC=/hri/motion          SHA256=83d163c40f7c2cf799931384d887cd17a696f42b2e70b7eab020d03cf99503e5 DATA={"source": "MotionModel_v1", "label": "Wandering", "speed_ms": 0.55}
2026-05-17 21:56:01,927 | SENDER=emotion_node         TOPIC=/hri/emotion         SHA256=542cb0a557d680d2be3b4f1acda147bc296a1cc1f892f397b93700b4f170d620 DATA={"source": "EmotionModel_v1", "label": "Panicked", "confidence": 0.86}
2026-05-17 21:56:02,377 | SENDER=gesture_node         TOPIC=/hri/gesture         SHA256=3c410755877e02aec28e2377374134396d996576ba85f8487adbe18066cd4910 DATA={"source": "GestureModel_v1", "label": "Beckon", "confidence": 0.79}
2026-05-17 21:56:03,692 | SENDER=context_node         TOPIC=/hri/context         SHA256=0328fe086d7abbbd5cc66066c96aec10db560086a0f840535d8d2da0875519d9 DATA={"source": "ContextModel_v1", "environment": "Retail_Aisle", "crowding": "Medium"}
2026-05-17 21:56:03,848 | SENDER=motion_node          TOPIC=/hri/motion          SHA256=84115088500a5a5f07c98a9c2ff230a6d8334eb63ba0d951406613dca40e3f01 DATA={"source": "MotionModel_v1", "label": "Running", "speed_ms": 3.26}
2026-05-17 21:56:03,926 | SENDER=emotion_node         TOPIC=/hri/emotion         SHA256=5fd491b63c5e8c32a95f9626beba45596d13dba494ef814bb8a83401b8dae7b2 DATA={"source": "EmotionModel_v1", "label": "Angry", "confidence": 0.89}
2026-05-17 21:56:04,379 | SENDER=gesture_node         TOPIC=/hri/gesture         SHA256=e3939c6d249bceae1c9194e70ced34c91a901afbf0d22af6d3a5b3c2558647f5 DATA={"source": "GestureModel_v1", "label": "Stop", "confidence": 0.94}
2026-05-17 21:56:05,693 | SENDER=context_node         TOPIC=/hri/context         SHA256=f83540b369d62d3a3626f4487a33a8fb933121643231b1e0e5d4aeab15d1aac7 DATA={"source": "ContextModel_v1", "environment": "Museum_Gallery", "crowding": "Low"}
2026-05-17 21:56:05,849 | SENDER=motion_node          TOPIC=/hri/motion          SHA256=6e490c6a16d3f1d99de7d856da3ee6b61c6eda182db7e2f71275051cb75eeb5d DATA={"source": "MotionModel_v1", "label": "Running", "speed_ms": 3.24}
2026-05-17 21:56:05,926 | SENDER=emotion_node         TOPIC=/hri/emotion         SHA256=5f56a2e6ea91db0269fb4bf51ad86c0ba9ce4b3e5985ae2e37c950e0f900a6e0 DATA={"source": "EmotionModel_v1", "label": "Neutral", "confidence": 0.92}
2026-05-17 21:56:06,377 | SENDER=gesture_node         TOPIC=/hri/gesture         SHA256=1d27a478ca4ab9822d3040f1cd6fca839b3ab9eafc4cbeaa895e44c33aac6f01 DATA={"source": "GestureModel_v1", "label": "Thumbs_Up", "confidence": 0.84}
2026-05-17 21:56:07,691 | SENDER=context_node         TOPIC=/hri/context         SHA256=0328fe086d7abbbd5cc66066c96aec10db560086a0f840535d8d2da0875519d9 DATA={"source": "ContextModel_v1", "environment": "Retail_Aisle", "crowding": "Medium"}
2026-05-17 21:56:07,849 | SENDER=motion_node          TOPIC=/hri/motion          SHA256=6deeaaa9432945dc0088af8707a6b506f8a81d8850c3ef8684bde25b790f5e66 DATA={"source": "MotionModel_v1", "label": "Wandering", "speed_ms": 0.51}
2026-05-17 21:56:07,926 | SENDER=emotion_node         TOPIC=/hri/emotion         SHA256=f2084d172f0a61d589af23a490cc7f24a8e4c61bdadda5d13175df941e1c60e2 DATA={"source": "EmotionModel_v1", "label": "Neutral", "confidence": 0.91}
2026-05-17 21:56:08,378 | SENDER=gesture_node         TOPIC=/hri/gesture         SHA256=e3939c6d249bceae1c9194e70ced34c91a901afbf0d22af6d3a5b3c2558647f5 DATA={"source": "GestureModel_v1", "label": "Stop", "confidence": 0.94}
2026-05-17 21:56:09,691 | SENDER=context_node         TOPIC=/hri/context         SHA256=f83540b369d62d3a3626f4487a33a8fb933121643231b1e0e5d4aeab15d1aac7 DATA={"source": "ContextModel_v1", "environment": "Museum_Gallery", "crowding": "Low"}
2026-05-17 21:56:09,848 | SENDER=motion_node          TOPIC=/hri/motion          SHA256=30c2961fb7f650392ac8bea109f3d9792fc3f5cce729828478d0bde9b246bd4f DATA={"source": "MotionModel_v1", "label": "Wandering", "speed_ms": 0.28}
2026-05-17 21:56:09,926 | SENDER=emotion_node         TOPIC=/hri/emotion         SHA256=fadaa5f34aa75e68c53a9c4886c1b7c4ea635e21a6aecdbd53099b9c8f9a2646 DATA={"source": "EmotionModel_v1", "label": "Sad", "confidence": 0.84}
2026-05-17 21:56:10,378 | SENDER=gesture_node         TOPIC=/hri/gesture         SHA256=531aa4915ea5bd4a6acb19e1014364d88b05dc5d27c74024e3a94b63d1bfaac6 DATA={"source": "GestureModel_v1", "label": "Thumbs_Up", "confidence": 0.94}
2026-05-17 21:56:11,692 | SENDER=context_node         TOPIC=/hri/context         SHA256=a64fb3cfbf73edd634404a40b5c36a0c53b982ba75ff4431360d795192f7cd87 DATA={"source": "ContextModel_v1", "environment": "Hospital_Ward", "crowding": "Low"}
2026-05-17 21:56:11,849 | SENDER=motion_node          TOPIC=/hri/motion          SHA256=b49c8116792eae336bdbf52c4ab625f038c9f26503393bf6dcad7275ef8a1632 DATA={"source": "MotionModel_v1", "label": "Wandering", "speed_ms": 0.33}
2026-05-17 21:56:11,926 | SENDER=emotion_node         TOPIC=/hri/emotion         SHA256=1dce560609a9d2f4938db0d258e18578b7f2146af2e9808cea373f78f52767e7 DATA={"source": "EmotionModel_v1", "label": "Angry", "confidence": 0.79}
2026-05-17 21:56:12,378 | SENDER=gesture_node         TOPIC=/hri/gesture         SHA256=38c1a32a546f9b7d0dc9fbb5f049ef020c76fb3bcaddc253d8273051dd25311f DATA={"source": "GestureModel_v1", "label": "Point", "confidence": 0.9}
2026-05-17 21:56:13,691 | SENDER=context_node         TOPIC=/hri/context         SHA256=4f7f3e509d2a45b70dab96481bdeba99e5dd5787b28f81fbd5e9933a5b67478b DATA={"source": "ContextModel_v1", "environment": "Hospital_Reception", "crowding": "Medium"}
2026-05-17 21:56:13,849 | SENDER=motion_node          TOPIC=/hri/motion          SHA256=2314c6b90f5cdeeec411a88ad50bf648ff52421206803eebdc0a7d30195ce260 DATA={"source": "MotionModel_v1", "label": "Approaching", "speed_ms": 0.4}
2026-05-17 21:56:13,926 | SENDER=emotion_node         TOPIC=/hri/emotion         SHA256=7945e274186c57491343b93e6e2d047716218fcd2d6d5161666c0bd186447c20 DATA={"source": "EmotionModel_v1", "label": "Panicked", "confidence": 0.85}
2026-05-17 21:56:14,378 | SENDER=gesture_node         TOPIC=/hri/gesture         SHA256=07f6a18ff66122470059036b3cc30429fda2758668b042c013231913c8770264 DATA={"source": "GestureModel_v1", "label": "Wave", "confidence": 0.96}
2026-05-17 21:56:16,925 | SENDER=context_node         TOPIC=/hri/context         SHA256=f83540b369d62d3a3626f4487a33a8fb933121643231b1e0e5d4aeab15d1aac7 DATA={"source": "ContextModel_v1", "environment": "Museum_Gallery", "crowding": "Low"}
2026-05-17 21:56:17,081 | SENDER=motion_node          TOPIC=/hri/motion          SHA256=03fed77cbc8167c37a5f460e25994d9f9a96c19cfc96a098296e040c04acbbce DATA={"source": "MotionModel_v1", "label": "Stationary", "speed_ms": 0.0}
2026-05-17 21:56:17,159 | SENDER=emotion_node         TOPIC=/hri/emotion         SHA256=c5793a326aaafa2680ba4284459d95ab792410348373037a6131eebc1451b6b6 DATA={"source": "EmotionModel_v1", "label": "Angry", "confidence": 0.83}
2026-05-17 21:56:17,610 | SENDER=gesture_node         TOPIC=/hri/gesture         SHA256=840bb44f9fb88f4805cc7472a662ab90e20618588a903cae2e350f546981f248 DATA={"source": "GestureModel_v1", "label": "Point", "confidence": 0.87}
2026-05-17 21:56:17,851 | SENDER=motion_node          TOPIC=/hri/motion          SHA256=9f02e306dba94f5b14176c35509c05efceefe4142423d3e9c60270867c15a696 DATA={"source": "MotionModel_v1", "label": "Approaching", "speed_ms": 1.12}
2026-05-17 21:56:17,927 | SENDER=emotion_node         TOPIC=/hri/emotion         SHA256=a16e78978e9a387224a47e626b63b25a62b0930d7bed5f5b6524b2db1440d194 DATA={"source": "EmotionModel_v1", "label": "Panicked", "confidence": 0.89}
2026-05-17 21:56:18,377 | SENDER=gesture_node         TOPIC=/hri/gesture         SHA256=4811bf4d8ef8729831d87bd1c5fdac446b9be8533584c275d6c2378e09e8cffe DATA={"source": "GestureModel_v1", "label": "Cross_Arms", "confidence": 0.88}
2026-05-17 21:56:19,848 | SENDER=motion_node          TOPIC=/hri/motion          SHA256=368f5b74054472e58a8451502675f255f076199f76440bf509165b025be5f5bf DATA={"source": "MotionModel_v1", "label": "Wandering", "speed_ms": 0.23}
2026-05-17 21:56:19,927 | SENDER=emotion_node         TOPIC=/hri/emotion         SHA256=fb8e1603c1c878d9bde4256305bb541a522e9d71e8619861d7913c31ba0de47e DATA={"source": "EmotionModel_v1", "label": "Confused", "confidence": 0.81}
2026-05-17 21:56:20,378 | SENDER=gesture_node         TOPIC=/hri/gesture         SHA256=5b48d474e5c719d0060512121537934ef68d74571173327fae0285e65aba623b DATA={"source": "GestureModel_v1", "label": "Beckon", "confidence": 0.88}
2026-05-17 21:56:21,926 | SENDER=emotion_node         TOPIC=/hri/emotion         SHA256=00859525ba0aa4fdb878ae87e001ac6dfb6c25c36af6d042ac530c69cb99ef29 DATA={"source": "EmotionModel_v1", "label": "Sad", "confidence": 0.88}
2026-05-17 21:56:22,377 | SENDER=gesture_node         TOPIC=/hri/gesture         SHA256=6630dc25982d14b789913baeba7c7f59d76b2e6851bf61ba907d25f0a2a302d6 DATA={"source": "GestureModel_v1", "label": "Cross_Arms", "confidence": 0.92}
2026-05-17 21:56:23,926 | SENDER=emotion_node         TOPIC=/hri/emotion         SHA256=7f98eff31fa55888f474ad5245abe5d28f0c68cbc6bf5134d39a89c5dac69e36 DATA={"source": "EmotionModel_v1", "label": "Panicked", "confidence": 0.87}
2026-05-17 21:56:25,926 | SENDER=emotion_node         TOPIC=/hri/emotion         SHA256=9f4fe36c3dbb6f7f4d021d28f1a295f67466675c1893f867480a382a8f8a6e1c DATA={"source": "EmotionModel_v1", "label": "Confused", "confidence": 0.9}
