2026-05-17 22:04:34,144 | SENDER=emotion_node         TOPIC=/hri/emotion         SHA256=b7ef50907269775339990ba759422603a4410e00b2d9c828a1c34afac74406a3 DATA={"source": "EmotionModel_v1", "label": "Angry", "confidence": 0.9}
2026-05-17 22:04:34,401 | SENDER=context_node         TOPIC=/hri/context         SHA256=0328fe086d7abbbd5cc66066c96aec10db560086a0f840535d8d2da0875519d9 DATA={"source": "ContextModel_v1", "environment": "Retail_Aisle", "crowding": "Medium"}
2026-05-17 22:04:34,584 | SENDER=gesture_node         TOPIC=/hri/gesture         SHA256=a38e66de273fdf9c4bcf47f30e6a136157b9efeb105beda4246cf2cce8c37314 DATA={"source": "GestureModel_v1", "label": "Beckon", "confidence": 0.81}
2026-05-17 22:04:34,589 | SENDER=motion_node          TOPIC=/hri/motion          SHA256=7d7aa24e253a8d165b11b337e63ed039625a180d7b391c268c61bb4ffa27ca1c DATA={"source": "MotionModel_v1", "label": "Wandering", "speed_ms": 0.65}
2026-05-17 22:04:36,140 | SENDER=emotion_node         TOPIC=/hri/emotion         SHA256=fc4472a0e3e6cb848add7903cad45c0af5aa0c4fbe4ebc622c1d63dace00a456 DATA={"source": "EmotionModel_v1", "label": "Happy", "confidence": 0.89}
2026-05-17 22:04:36,401 | SENDER=context_node         TOPIC=/hri/context         SHA256=a64fb3cfbf73edd634404a40b5c36a0c53b982ba75ff4431360d795192f7cd87 DATA={"source": "ContextModel_v1", "environment": "Hospital_Ward", "crowding": "Low"}
2026-05-17 22:04:36,585 | SENDER=gesture_node         TOPIC=/hri/gesture         SHA256=31fac80f864c6fe7a8e734360896faf52b592c75ee94f68ece09583c653c38ef DATA={"source": "GestureModel_v1", "label": "Thumbs_Up", "confidence": 0.9}
2026-05-17 22:04:36,610 | SENDER=motion_node          TOPIC=/hri/motion          SHA256=017613be798b6822813c8ee860a6cbfed11b6b95ac7e373819b2545292993274 DATA={"source": "MotionModel_v1", "label": "Running", "speed_ms": 2.34}
2026-05-17 22:04:39,354 | SENDER=emotion_node         TOPIC=/hri/emotion         SHA256=dbbe40ed334054aee5be8141a38c431d9bbc4100f1e6718d9fd0c1ad36e3c66c DATA={"source": "EmotionModel_v1", "label": "Panicked", "confidence": 0.93}
2026-05-17 22:04:39,615 | SENDER=context_node         TOPIC=/hri/context         SHA256=4f7f3e509d2a45b70dab96481bdeba99e5dd5787b28f81fbd5e9933a5b67478b DATA={"source": "ContextModel_v1", "environment": "Hospital_Reception", "crowding": "Medium"}
2026-05-17 22:04:39,800 | SENDER=gesture_node         TOPIC=/hri/gesture         SHA256=c2ca7ec6a2b868fc6f0b63c137325a34ca152502dcf8c4f14d4fc7668d81b609 DATA={"source": "GestureModel_v1", "label": "Beckon", "confidence": 0.8}
2026-05-17 22:04:39,822 | SENDER=motion_node          TOPIC=/hri/motion          SHA256=663a48ac945b043ffa97021ac25cc0800019679db7909bd77efaa01b984c7a4b DATA={"source": "MotionModel_v1", "label": "Approaching", "speed_ms": 1.1}
2026-05-17 22:04:40,140 | SENDER=emotion_node         TOPIC=/hri/emotion         SHA256=c9f62e048a71b2b7a2d2b3e01efa596035bef3940f5d6ee245990acc897438b2 DATA={"source": "EmotionModel_v1", "label": "Panicked", "confidence": 0.96}
2026-05-17 22:04:40,400 | SENDER=context_node         TOPIC=/hri/context         SHA256=b88b3385b15277f264a4977a18a860ce4df5fa37ec2862844eecd37fad4c7813 DATA={"source": "ContextModel_v1", "environment": "Hospital_Corridor", "crowding": "High"}
2026-05-17 22:04:40,585 | SENDER=gesture_node         TOPIC=/hri/gesture         SHA256=4dd96358b44fa77da98563fdf224de3423c3a9afdb4b88dfc3b64ab2d1d4f66a DATA={"source": "GestureModel_v1", "label": "Point", "confidence": 0.93}
2026-05-17 22:04:40,594 | SENDER=motion_node          TOPIC=/hri/motion          SHA256=0a22a9e8ed96ea7a3b8c99534fa58e6447c6ca6502190ef909f33291fa511f7f DATA={"source": "MotionModel_v1", "label": "Stationary", "speed_ms": 0.03}
2026-05-17 22:04:42,141 | SENDER=emotion_node         TOPIC=/hri/emotion         SHA256=1dce560609a9d2f4938db0d258e18578b7f2146af2e9808cea373f78f52767e7 DATA={"source": "EmotionModel_v1", "label": "Angry", "confidence": 0.79}
2026-05-17 22:04:42,400 | SENDER=context_node         TOPIC=/hri/context         SHA256=f83540b369d62d3a3626f4487a33a8fb933121643231b1e0e5d4aeab15d1aac7 DATA={"source": "ContextModel_v1", "environment": "Museum_Gallery", "crowding": "Low"}
2026-05-17 22:04:42,586 | SENDER=gesture_node         TOPIC=/hri/gesture         SHA256=1c4bf8cfbf6ec011b354970c1b5129a92da93c01e886f096868f44f668b5cc3f DATA={"source": "GestureModel_v1", "label": "Stop", "confidence": 0.96}
2026-05-17 22:04:42,602 | SENDER=motion_node          TOPIC=/hri/motion          SHA256=10a19486490dc0f5b04be086f46dce6a1aa9fdfa85c36e409b96e4d120982414 DATA={"source": "MotionModel_v1", "label": "Approaching", "speed_ms": 0.99}
2026-05-17 22:04:44,140 | SENDER=emotion_node         TOPIC=/hri/emotion         SHA256=ea6772e9fef11308c2984fd41b43641a361cff8a01ec39266385419dad9ae817 DATA={"source": "EmotionModel_v1", "label": "Neutral", "confidence": 0.81}
2026-05-17 22:04:44,400 | SENDER=context_node         TOPIC=/hri/context         SHA256=0328fe086d7abbbd5cc66066c96aec10db560086a0f840535d8d2da0875519d9 DATA={"source": "ContextModel_v1", "environment": "Retail_Aisle", "crowding": "Medium"}
2026-05-17 22:04:44,584 | SENDER=gesture_node         TOPIC=/hri/gesture         SHA256=eea59434a52107b7a82b1ad0c516a773c44b3917b2c46bbfdcb491c4f7882295 DATA={"source": "GestureModel_v1", "label": "Stop", "confidence": 0.98}
2026-05-17 22:04:44,592 | SENDER=motion_node          TOPIC=/hri/motion          SHA256=5f2c3faf92a12e17034e127d9034773933af26aa1e6da8788b91bafc6144b8cd DATA={"source": "MotionModel_v1", "label": "Approaching", "speed_ms": 1.09}
2026-05-17 22:04:46,140 | SENDER=emotion_node         TOPIC=/hri/emotion         SHA256=29d84c84411ab175865edb4e0e16a4a4e6ee6eedd5cbec349b55dd55428e4b47 DATA={"source": "EmotionModel_v1", "label": "Confused", "confidence": 0.8}
2026-05-17 22:04:46,400 | SENDER=context_node         TOPIC=/hri/context         SHA256=a64fb3cfbf73edd634404a40b5c36a0c53b982ba75ff4431360d795192f7cd87 DATA={"source": "ContextModel_v1", "environment": "Hospital_Ward", "crowding": "Low"}
2026-05-17 22:04:46,585 | SENDER=gesture_node         TOPIC=/hri/gesture         SHA256=e3939c6d249bceae1c9194e70ced34c91a901afbf0d22af6d3a5b3c2558647f5 DATA={"source": "GestureModel_v1", "label": "Stop", "confidence": 0.94}
2026-05-17 22:04:46,618 | SENDER=motion_node          TOPIC=/hri/motion          SHA256=0327a96128b9114cf8f3e13870af8ceda5252f3073d588ab3000c4f1e199b29b DATA={"source": "MotionModel_v1", "label": "Retreating", "speed_ms": 0.48}
2026-05-17 22:04:48,140 | SENDER=emotion_node         TOPIC=/hri/emotion         SHA256=fb8e1603c1c878d9bde4256305bb541a522e9d71e8619861d7913c31ba0de47e DATA={"source": "EmotionModel_v1", "label": "Confused", "confidence": 0.81}
2026-05-17 22:04:48,402 | SENDER=context_node         TOPIC=/hri/context         SHA256=f83540b369d62d3a3626f4487a33a8fb933121643231b1e0e5d4aeab15d1aac7 DATA={"source": "ContextModel_v1", "environment": "Museum_Gallery", "crowding": "Low"}
2026-05-17 22:04:48,586 | SENDER=gesture_node         TOPIC=/hri/gesture         SHA256=531aa4915ea5bd4a6acb19e1014364d88b05dc5d27c74024e3a94b63d1bfaac6 DATA={"source": "GestureModel_v1", "label": "Thumbs_Up", "confidence": 0.94}
2026-05-17 22:04:48,611 | SENDER=motion_node          TOPIC=/hri/motion          SHA256=e9e72f3216bab8d211a7c31ca4e5f8789e65e366b5af64640c006f1b08db5710 DATA={"source": "MotionModel_v1", "label": "Stationary", "speed_ms": 0.08}
2026-05-17 22:04:50,140 | SENDER=emotion_node         TOPIC=/hri/emotion         SHA256=1dce560609a9d2f4938db0d258e18578b7f2146af2e9808cea373f78f52767e7 DATA={"source": "EmotionModel_v1", "label": "Angry", "confidence": 0.79}
2026-05-17 22:04:50,401 | SENDER=context_node         TOPIC=/hri/context         SHA256=b88b3385b15277f264a4977a18a860ce4df5fa37ec2862844eecd37fad4c7813 DATA={"source": "ContextModel_v1", "environment": "Hospital_Corridor", "crowding": "High"}
2026-05-17 22:04:50,584 | SENDER=gesture_node         TOPIC=/hri/gesture         SHA256=4811bf4d8ef8729831d87bd1c5fdac446b9be8533584c275d6c2378e09e8cffe DATA={"source": "GestureModel_v1", "label": "Cross_Arms", "confidence": 0.88}
2026-05-17 22:04:50,598 | SENDER=motion_node          TOPIC=/hri/motion          SHA256=ac53f72af672d73f1a9a7161acb010a851aa6524739c12b7635fb77c8fa24016 DATA={"source": "MotionModel_v1", "label": "Running", "speed_ms": 2.55}
2026-05-17 22:04:52,140 | SENDER=emotion_node         TOPIC=/hri/emotion         SHA256=b5bae5853ba7db99f5fca54f4048107ae6a8be3dee2f415addc8f5a6e0f55421 DATA={"source": "EmotionModel_v1", "label": "Sad", "confidence": 0.83}
2026-05-17 22:04:52,400 | SENDER=context_node         TOPIC=/hri/context         SHA256=b88b3385b15277f264a4977a18a860ce4df5fa37ec2862844eecd37fad4c7813 DATA={"source": "ContextModel_v1", "environment": "Hospital_Corridor", "crowding": "High"}
2026-05-17 22:04:52,584 | SENDER=gesture_node         TOPIC=/hri/gesture         SHA256=203b2d0a5edc0f8e97c13de91d282f857606abf810e68b3ce8dba1fa1abc4fe1 DATA={"source": "GestureModel_v1", "label": "Wave", "confidence": 0.94}
2026-05-17 22:04:52,592 | SENDER=motion_node          TOPIC=/hri/motion          SHA256=03fed77cbc8167c37a5f460e25994d9f9a96c19cfc96a098296e040c04acbbce DATA={"source": "MotionModel_v1", "label": "Stationary", "speed_ms": 0.0}
2026-05-17 22:04:54,141 | SENDER=emotion_node         TOPIC=/hri/emotion         SHA256=01697a80c45797717cd5f5e2d430ab119f847c2f85367f5bd9efbdd1017835e4 DATA={"source": "EmotionModel_v1", "label": "Angry", "confidence": 0.86}
2026-05-17 22:04:54,400 | SENDER=context_node         TOPIC=/hri/context         SHA256=b88b3385b15277f264a4977a18a860ce4df5fa37ec2862844eecd37fad4c7813 DATA={"source": "ContextModel_v1", "environment": "Hospital_Corridor", "crowding": "High"}
2026-05-17 22:04:54,584 | SENDER=gesture_node         TOPIC=/hri/gesture         SHA256=531aa4915ea5bd4a6acb19e1014364d88b05dc5d27c74024e3a94b63d1bfaac6 DATA={"source": "GestureModel_v1", "label": "Thumbs_Up", "confidence": 0.94}
2026-05-17 22:04:54,596 | SENDER=motion_node          TOPIC=/hri/motion          SHA256=f306eeabc06add98d8bf3dcdaf2cbcb9958227b96469c9ed3423c7a2190d0ed6 DATA={"source": "MotionModel_v1", "label": "Retreating", "speed_ms": 0.57}
2026-05-17 22:04:56,141 | SENDER=emotion_node         TOPIC=/hri/emotion         SHA256=75564a1282a304f3258327c33131cd0bdc88e76a79bf7b8a4bc6a7b658f10348 DATA={"source": "EmotionModel_v1", "label": "Panicked", "confidence": 0.88}
2026-05-17 22:04:56,400 | SENDER=context_node         TOPIC=/hri/context         SHA256=0328fe086d7abbbd5cc66066c96aec10db560086a0f840535d8d2da0875519d9 DATA={"source": "ContextModel_v1", "environment": "Retail_Aisle", "crowding": "Medium"}
2026-05-17 22:04:56,584 | SENDER=gesture_node         TOPIC=/hri/gesture         SHA256=1d27a478ca4ab9822d3040f1cd6fca839b3ab9eafc4cbeaa895e44c33aac6f01 DATA={"source": "GestureModel_v1", "label": "Thumbs_Up", "confidence": 0.84}
2026-05-17 22:04:56,591 | SENDER=motion_node          TOPIC=/hri/motion          SHA256=cd75153566d422e17d8d18429df97d0f3c5f972d9c6dca29accb0d4137f18239 DATA={"source": "MotionModel_v1", "label": "Stationary", "speed_ms": 0.01}
2026-05-17 22:04:58,141 | SENDER=emotion_node         TOPIC=/hri/emotion         SHA256=542cb0a557d680d2be3b4f1acda147bc296a1cc1f892f397b93700b4f170d620 DATA={"source": "EmotionModel_v1", "label": "Panicked", "confidence": 0.86}
2026-05-17 22:04:58,400 | SENDER=context_node         TOPIC=/hri/context         SHA256=0328fe086d7abbbd5cc66066c96aec10db560086a0f840535d8d2da0875519d9 DATA={"source": "ContextModel_v1", "environment": "Retail_Aisle", "crowding": "Medium"}
2026-05-17 22:04:58,584 | SENDER=gesture_node         TOPIC=/hri/gesture         SHA256=07f6a18ff66122470059036b3cc30429fda2758668b042c013231913c8770264 DATA={"source": "GestureModel_v1", "label": "Wave", "confidence": 0.96}
2026-05-17 22:04:58,599 | SENDER=motion_node          TOPIC=/hri/motion          SHA256=2ab58f1a8fe7ae8bf16bd0a76be1183d5104819b34c119008705ad62aa4d96f0 DATA={"source": "MotionModel_v1", "label": "Wandering", "speed_ms": 0.56}
2026-05-17 22:05:00,143 | SENDER=emotion_node         TOPIC=/hri/emotion         SHA256=711685edb11d7f7975b724d921bc9e0c32030b2cc3a9ac2563d875694436b2bc DATA={"source": "EmotionModel_v1", "label": "Sad", "confidence": 0.82}
2026-05-17 22:05:00,400 | SENDER=context_node         TOPIC=/hri/context         SHA256=f83540b369d62d3a3626f4487a33a8fb933121643231b1e0e5d4aeab15d1aac7 DATA={"source": "ContextModel_v1", "environment": "Museum_Gallery", "crowding": "Low"}
2026-05-17 22:05:00,584 | SENDER=gesture_node         TOPIC=/hri/gesture         SHA256=0d4b16c73e3ed1114603730b82027a1fcd65990f149401bbf927fd2589b1ca25 DATA={"source": "GestureModel_v1", "label": "Thumbs_Up", "confidence": 0.85}
2026-05-17 22:05:00,593 | SENDER=motion_node          TOPIC=/hri/motion          SHA256=a4a614cbadc0a311f6045d04cef32abe1746f6483aa97010dfce3bf41d2ae59e DATA={"source": "MotionModel_v1", "label": "Running", "speed_ms": 2.57}
2026-05-17 22:05:02,141 | SENDER=emotion_node         TOPIC=/hri/emotion         SHA256=b1b6ae86a9609b1d32e1fc2ad5ce71c410e80d992a52d3150327ed2c5a13d5d0 DATA={"source": "EmotionModel_v1", "label": "Happy", "confidence": 0.96}
2026-05-17 22:05:02,400 | SENDER=context_node         TOPIC=/hri/context         SHA256=f83540b369d62d3a3626f4487a33a8fb933121643231b1e0e5d4aeab15d1aac7 DATA={"source": "ContextModel_v1", "environment": "Museum_Gallery", "crowding": "Low"}
2026-05-17 22:05:02,584 | SENDER=gesture_node         TOPIC=/hri/gesture         SHA256=4dd96358b44fa77da98563fdf224de3423c3a9afdb4b88dfc3b64ab2d1d4f66a DATA={"source": "GestureModel_v1", "label": "Point", "confidence": 0.93}
2026-05-17 22:05:02,596 | SENDER=motion_node          TOPIC=/hri/motion          SHA256=13417c68be85f1816e4baf40427386561cb02707235d3a284acce4a87c89397e DATA={"source": "MotionModel_v1", "label": "Retreating", "speed_ms": 0.75}
2026-05-17 22:05:04,141 | SENDER=emotion_node         TOPIC=/hri/emotion         SHA256=5998b24130ca777eab6cf54b7b3706489073d7a3a1212a611188a393ddc65b96 DATA={"source": "EmotionModel_v1", "label": "Neutral", "confidence": 0.83}
2026-05-17 22:05:04,400 | SENDER=context_node         TOPIC=/hri/context         SHA256=f83540b369d62d3a3626f4487a33a8fb933121643231b1e0e5d4aeab15d1aac7 DATA={"source": "ContextModel_v1", "environment": "Museum_Gallery", "crowding": "Low"}
2026-05-17 22:05:04,585 | SENDER=gesture_node         TOPIC=/hri/gesture         SHA256=941d56202c5c870f0bcb091d9049b5eb7ea772b168c06eedda1469a5b1089d80 DATA={"source": "GestureModel_v1", "label": "Point", "confidence": 0.83}
2026-05-17 22:05:04,593 | SENDER=motion_node          TOPIC=/hri/motion          SHA256=96a3ebc3b3cfb948cdd0dfc502343054a617d374415a95f764e97ddc04029648 DATA={"source": "MotionModel_v1", "label": "Retreating", "speed_ms": 0.49}
2026-05-17 22:05:06,139 | SENDER=emotion_node         TOPIC=/hri/emotion         SHA256=aaf114afb03183f34f331041675d78ada5c375f64d858160873bcae1cbdf6edc DATA={"source": "EmotionModel_v1", "label": "Angry", "confidence": 0.91}
2026-05-17 22:05:06,400 | SENDER=context_node         TOPIC=/hri/context         SHA256=0328fe086d7abbbd5cc66066c96aec10db560086a0f840535d8d2da0875519d9 DATA={"source": "ContextModel_v1", "environment": "Retail_Aisle", "crowding": "Medium"}
2026-05-17 22:05:06,584 | SENDER=gesture_node         TOPIC=/hri/gesture         SHA256=ab0c738f88aa89f042fa5de523b57602eb39ca46f6a33a9c066709723504c33b DATA={"source": "GestureModel_v1", "label": "Wave", "confidence": 0.87}
2026-05-17 22:05:06,594 | SENDER=motion_node          TOPIC=/hri/motion          SHA256=52349ee7577f8cc8a9b4b3169980bb5d4a2b80c459b7520490becfd6dc240ed2 DATA={"source": "MotionModel_v1", "label": "Running", "speed_ms": 3.2}
2026-05-17 22:05:08,141 | SENDER=emotion_node         TOPIC=/hri/emotion         SHA256=68d9a54c36e749733e6d72908a91e4bc96e43c189d1488e01d780c25678f9ff1 DATA={"source": "EmotionModel_v1", "label": "Sad", "confidence": 0.89}
2026-05-17 22:05:08,400 | SENDER=context_node         TOPIC=/hri/context         SHA256=a64fb3cfbf73edd634404a40b5c36a0c53b982ba75ff4431360d795192f7cd87 DATA={"source": "ContextModel_v1", "environment": "Hospital_Ward", "crowding": "Low"}
2026-05-17 22:05:08,585 | SENDER=gesture_node         TOPIC=/hri/gesture         SHA256=6630dc25982d14b789913baeba7c7f59d76b2e6851bf61ba907d25f0a2a302d6 DATA={"source": "GestureModel_v1", "label": "Cross_Arms", "confidence": 0.92}
2026-05-17 22:05:08,612 | SENDER=motion_node          TOPIC=/hri/motion          SHA256=4f4e84d2d29b3fde2ec604e193de92707bcda35b38ccf9de5027e7d586a106de DATA={"source": "MotionModel_v1", "label": "Retreating", "speed_ms": 0.87}
2026-05-17 22:05:10,139 | SENDER=emotion_node         TOPIC=/hri/emotion         SHA256=938d6edfbd07d1573b515bde9a93cbfbfcbbbd4f3096e3e016e5fda18998b7e4 DATA={"source": "EmotionModel_v1", "label": "Neutral", "confidence": 0.94}
2026-05-17 22:05:10,400 | SENDER=context_node         TOPIC=/hri/context         SHA256=b88b3385b15277f264a4977a18a860ce4df5fa37ec2862844eecd37fad4c7813 DATA={"source": "ContextModel_v1", "environment": "Hospital_Corridor", "crowding": "High"}
2026-05-17 22:05:10,586 | SENDER=gesture_node         TOPIC=/hri/gesture         SHA256=3ecfd8986e395125c84f18e5ae99ca501d0aeb626128e03435d34223d907b0dd DATA={"source": "GestureModel_v1", "label": "Point", "confidence": 0.91}
2026-05-17 22:05:10,620 | SENDER=motion_node          TOPIC=/hri/motion          SHA256=a408e144c5d34d47ecba6ec8193df8f65557f7e3863658bb85ac3c29f48e9006 DATA={"source": "MotionModel_v1", "label": "Running", "speed_ms": 1.9}
2026-05-17 22:05:13,358 | SENDER=emotion_node         TOPIC=/hri/emotion         SHA256=ea6772e9fef11308c2984fd41b43641a361cff8a01ec39266385419dad9ae817 DATA={"source": "EmotionModel_v1", "label": "Neutral", "confidence": 0.81}
2026-05-17 22:05:13,617 | SENDER=context_node         TOPIC=/hri/context         SHA256=f83540b369d62d3a3626f4487a33a8fb933121643231b1e0e5d4aeab15d1aac7 DATA={"source": "ContextModel_v1", "environment": "Museum_Gallery", "crowding": "Low"}
2026-05-17 22:05:13,804 | SENDER=gesture_node         TOPIC=/hri/gesture         SHA256=58fc96a63f43bf5ce2f18d1ef46c6c39612305ca9fffd5d627feb24785ed2036 DATA={"source": "GestureModel_v1", "label": "Thumbs_Up", "confidence": 0.95}
2026-05-17 22:05:13,845 | SENDER=motion_node          TOPIC=/hri/motion          SHA256=338bb9ac608024bff5eacce94b1a9ba13e3bce2495a199e7f71fde082529c6b6 DATA={"source": "MotionModel_v1", "label": "Running", "speed_ms": 2.4}
2026-05-17 22:05:14,140 | SENDER=emotion_node         TOPIC=/hri/emotion         SHA256=d22ed276a5200c14818ffa6b93799ed65bf4bb241614118f704e38749bfd3e20 DATA={"source": "EmotionModel_v1", "label": "Confused", "confidence": 0.91}
2026-05-17 22:05:14,400 | SENDER=context_node         TOPIC=/hri/context         SHA256=b88b3385b15277f264a4977a18a860ce4df5fa37ec2862844eecd37fad4c7813 DATA={"source": "ContextModel_v1", "environment": "Hospital_Corridor", "crowding": "High"}
2026-05-17 22:05:14,585 | SENDER=gesture_node         TOPIC=/hri/gesture         SHA256=1d27a478ca4ab9822d3040f1cd6fca839b3ab9eafc4cbeaa895e44c33aac6f01 DATA={"source": "GestureModel_v1", "label": "Thumbs_Up", "confidence": 0.84}
2026-05-17 22:05:14,595 | SENDER=motion_node          TOPIC=/hri/motion          SHA256=594aaf5c6ffff1824c671cacab2b7dba2e44b5697aa591b0604af7e4a5fd834b DATA={"source": "MotionModel_v1", "label": "Running", "speed_ms": 2.39}
2026-05-17 22:05:16,144 | SENDER=emotion_node         TOPIC=/hri/emotion         SHA256=29d84c84411ab175865edb4e0e16a4a4e6ee6eedd5cbec349b55dd55428e4b47 DATA={"source": "EmotionModel_v1", "label": "Confused", "confidence": 0.8}
2026-05-17 22:05:16,400 | SENDER=context_node         TOPIC=/hri/context         SHA256=4f7f3e509d2a45b70dab96481bdeba99e5dd5787b28f81fbd5e9933a5b67478b DATA={"source": "ContextModel_v1", "environment": "Hospital_Reception", "crowding": "Medium"}
2026-05-17 22:05:16,585 | SENDER=gesture_node         TOPIC=/hri/gesture         SHA256=38c1a32a546f9b7d0dc9fbb5f049ef020c76fb3bcaddc253d8273051dd25311f DATA={"source": "GestureModel_v1", "label": "Point", "confidence": 0.9}
2026-05-17 22:05:16,610 | SENDER=motion_node          TOPIC=/hri/motion          SHA256=885c1d3b05b57794bd4553ada0358b04c5ba1b343bace41b3ceec742f66465c7 DATA={"source": "MotionModel_v1", "label": "Stationary", "speed_ms": 0.02}
2026-05-17 22:05:18,140 | SENDER=emotion_node         TOPIC=/hri/emotion         SHA256=711685edb11d7f7975b724d921bc9e0c32030b2cc3a9ac2563d875694436b2bc DATA={"source": "EmotionModel_v1", "label": "Sad", "confidence": 0.82}
2026-05-17 22:05:18,400 | SENDER=context_node         TOPIC=/hri/context         SHA256=f83540b369d62d3a3626f4487a33a8fb933121643231b1e0e5d4aeab15d1aac7 DATA={"source": "ContextModel_v1", "environment": "Museum_Gallery", "crowding": "Low"}
2026-05-17 22:05:18,586 | SENDER=gesture_node         TOPIC=/hri/gesture         SHA256=0af1ed4d53f9ad3ab12d0f8ba5c5ded386c66457545958e23cac05adbfcade55 DATA={"source": "GestureModel_v1", "label": "Stop", "confidence": 0.93}
2026-05-17 22:05:18,608 | SENDER=motion_node          TOPIC=/hri/motion          SHA256=a359a737c4a8f83de8a70af073b343f97c0726f835bbb4dbf1d97bf7ee31880f DATA={"source": "MotionModel_v1", "label": "Stationary", "speed_ms": 0.07}
2026-05-17 22:05:20,140 | SENDER=emotion_node         TOPIC=/hri/emotion         SHA256=b1b6ae86a9609b1d32e1fc2ad5ce71c410e80d992a52d3150327ed2c5a13d5d0 DATA={"source": "EmotionModel_v1", "label": "Happy", "confidence": 0.96}
2026-05-17 22:05:20,400 | SENDER=context_node         TOPIC=/hri/context         SHA256=0328fe086d7abbbd5cc66066c96aec10db560086a0f840535d8d2da0875519d9 DATA={"source": "ContextModel_v1", "environment": "Retail_Aisle", "crowding": "Medium"}
2026-05-17 22:05:20,585 | SENDER=gesture_node         TOPIC=/hri/gesture         SHA256=58973deffa59167d658d90c2cc450855c6c6d02a30bf6c0386bf922b1cadcd2e DATA={"source": "GestureModel_v1", "label": "Stop", "confidence": 0.95}
2026-05-17 22:05:20,595 | SENDER=motion_node          TOPIC=/hri/motion          SHA256=961785fcc40bec16ddaad54a8455a3385b0db9a8de0afaafac25d770dc6ce2b7 DATA={"source": "MotionModel_v1", "label": "Stationary", "speed_ms": 0.09}
2026-05-17 22:05:22,140 | SENDER=emotion_node         TOPIC=/hri/emotion         SHA256=c9f62e048a71b2b7a2d2b3e01efa596035bef3940f5d6ee245990acc897438b2 DATA={"source": "EmotionModel_v1", "label": "Panicked", "confidence": 0.96}
2026-05-17 22:05:22,401 | SENDER=context_node         TOPIC=/hri/context         SHA256=b88b3385b15277f264a4977a18a860ce4df5fa37ec2862844eecd37fad4c7813 DATA={"source": "ContextModel_v1", "environment": "Hospital_Corridor", "crowding": "High"}
2026-05-17 22:05:22,584 | SENDER=gesture_node         TOPIC=/hri/gesture         SHA256=721bd19713e8d22af1a91566b14fbf22e8c148699b69ae10ba23de17f887208b DATA={"source": "GestureModel_v1", "label": "Stop", "confidence": 0.92}
2026-05-17 22:05:22,595 | SENDER=motion_node          TOPIC=/hri/motion          SHA256=961785fcc40bec16ddaad54a8455a3385b0db9a8de0afaafac25d770dc6ce2b7 DATA={"source": "MotionModel_v1", "label": "Stationary", "speed_ms": 0.09}
2026-05-17 22:05:24,140 | SENDER=emotion_node         TOPIC=/hri/emotion         SHA256=c9f62e048a71b2b7a2d2b3e01efa596035bef3940f5d6ee245990acc897438b2 DATA={"source": "EmotionModel_v1", "label": "Panicked", "confidence": 0.96}
2026-05-17 22:05:24,403 | SENDER=context_node         TOPIC=/hri/context         SHA256=b88b3385b15277f264a4977a18a860ce4df5fa37ec2862844eecd37fad4c7813 DATA={"source": "ContextModel_v1", "environment": "Hospital_Corridor", "crowding": "High"}
2026-05-17 22:05:24,584 | SENDER=gesture_node         TOPIC=/hri/gesture         SHA256=11e6fd7a0fe2b7cc02b1d5535340bfbce29e7a58080c7c95ca0cc6b929b3c01c DATA={"source": "GestureModel_v1", "label": "Cross_Arms", "confidence": 0.84}
2026-05-17 22:05:24,593 | SENDER=motion_node          TOPIC=/hri/motion          SHA256=a367a901eea94efe4488dd81d4103762b49b3314da80c9bad5c70f490cc5af80 DATA={"source": "MotionModel_v1", "label": "Wandering", "speed_ms": 0.69}
2026-05-17 22:05:26,140 | SENDER=emotion_node         TOPIC=/hri/emotion         SHA256=f4c552f3ac53f1a66424151ab0b59a5d807cfabed51c03e0c2dbd11cdd879540 DATA={"source": "EmotionModel_v1", "label": "Panicked", "confidence": 0.91}
2026-05-17 22:05:26,401 | SENDER=context_node         TOPIC=/hri/context         SHA256=0328fe086d7abbbd5cc66066c96aec10db560086a0f840535d8d2da0875519d9 DATA={"source": "ContextModel_v1", "environment": "Retail_Aisle", "crowding": "Medium"}
2026-05-17 22:05:26,584 | SENDER=gesture_node         TOPIC=/hri/gesture         SHA256=eea59434a52107b7a82b1ad0c516a773c44b3917b2c46bbfdcb491c4f7882295 DATA={"source": "GestureModel_v1", "label": "Stop", "confidence": 0.98}
2026-05-17 22:05:26,597 | SENDER=motion_node          TOPIC=/hri/motion          SHA256=cac57f9c0fa8ff0bf9326b557c11d72b9ff8aac8544d954f9cc0cc44e60dbcc9 DATA={"source": "MotionModel_v1", "label": "Retreating", "speed_ms": 0.88}
2026-05-17 22:05:28,140 | SENDER=emotion_node         TOPIC=/hri/emotion         SHA256=ea6772e9fef11308c2984fd41b43641a361cff8a01ec39266385419dad9ae817 DATA={"source": "EmotionModel_v1", "label": "Neutral", "confidence": 0.81}
2026-05-17 22:05:28,402 | SENDER=context_node         TOPIC=/hri/context         SHA256=f83540b369d62d3a3626f4487a33a8fb933121643231b1e0e5d4aeab15d1aac7 DATA={"source": "ContextModel_v1", "environment": "Museum_Gallery", "crowding": "Low"}
2026-05-17 22:05:28,585 | SENDER=gesture_node         TOPIC=/hri/gesture         SHA256=203b2d0a5edc0f8e97c13de91d282f857606abf810e68b3ce8dba1fa1abc4fe1 DATA={"source": "GestureModel_v1", "label": "Wave", "confidence": 0.94}
2026-05-17 22:05:28,602 | SENDER=motion_node          TOPIC=/hri/motion          SHA256=d8d866d2216fbfa440e776ae6ddc2bbe2fbc610439c35ce2711d7fb8d0024852 DATA={"source": "MotionModel_v1", "label": "Approaching", "speed_ms": 0.44}
2026-05-17 22:05:30,141 | SENDER=emotion_node         TOPIC=/hri/emotion         SHA256=21b8d3facfd69e37dd7c79e05619c7e3cab414c0b9e7dd6bf6f2f8eaba7eed36 DATA={"source": "EmotionModel_v1", "label": "Happy", "confidence": 0.91}
2026-05-17 22:05:30,400 | SENDER=context_node         TOPIC=/hri/context         SHA256=0328fe086d7abbbd5cc66066c96aec10db560086a0f840535d8d2da0875519d9 DATA={"source": "ContextModel_v1", "environment": "Retail_Aisle", "crowding": "Medium"}
2026-05-17 22:05:30,585 | SENDER=gesture_node         TOPIC=/hri/gesture         SHA256=b2a74b9ee4370910c7c9f7d4a909c0ad8e82f3e3373828aec156c25d7bfe406e DATA={"source": "GestureModel_v1", "label": "Beckon", "confidence": 0.84}
2026-05-17 22:05:30,597 | SENDER=motion_node          TOPIC=/hri/motion          SHA256=3e5e4548df0536f203caea3f776155eedd99899cdbb0f0faf574321e3227361b DATA={"source": "MotionModel_v1", "label": "Approaching", "speed_ms": 1.0}
2026-05-17 22:05:32,140 | SENDER=emotion_node         TOPIC=/hri/emotion         SHA256=8ff5f9c21910132b4ba60fb0fbc153cd9bfe6294e71b6f983095acf055823c35 DATA={"source": "EmotionModel_v1", "label": "Angry", "confidence": 0.8}
2026-05-17 22:05:32,400 | SENDER=context_node         TOPIC=/hri/context         SHA256=b88b3385b15277f264a4977a18a860ce4df5fa37ec2862844eecd37fad4c7813 DATA={"source": "ContextModel_v1", "environment": "Hospital_Corridor", "crowding": "High"}
2026-05-17 22:05:32,584 | SENDER=gesture_node         TOPIC=/hri/gesture         SHA256=cc89d3ef7d81d2faae7a1b2fb58c914a09205ed61388339e1234c0def6653cf2 DATA={"source": "GestureModel_v1", "label": "Cross_Arms", "confidence": 0.85}
2026-05-17 22:05:32,594 | SENDER=motion_node          TOPIC=/hri/motion          SHA256=7ccc38389c27ea3826fff81babff4a0ef8dd00c259c877883ca2d21ab20e8278 DATA={"source": "MotionModel_v1", "label": "Wandering", "speed_ms": 0.39}
2026-05-17 22:05:34,139 | SENDER=emotion_node         TOPIC=/hri/emotion         SHA256=9beddab6b207fd0240159a70ae954ac7e1a4f55bfaa7771671c43bf498cc8ec8 DATA={"source": "EmotionModel_v1", "label": "Angry", "confidence": 0.78}
2026-05-17 22:05:34,400 | SENDER=context_node         TOPIC=/hri/context         SHA256=f83540b369d62d3a3626f4487a33a8fb933121643231b1e0e5d4aeab15d1aac7 DATA={"source": "ContextModel_v1", "environment": "Museum_Gallery", "crowding": "Low"}
2026-05-17 22:05:34,587 | SENDER=gesture_node         TOPIC=/hri/gesture         SHA256=568ecd36f4f4603ad2d6e88961d9b734b5cf94576fa19fad4c496279ba28f9bd DATA={"source": "GestureModel_v1", "label": "Point", "confidence": 0.92}
2026-05-17 22:05:34,610 | SENDER=motion_node          TOPIC=/hri/motion          SHA256=1475ebb6b8917ec88f4cbc11934bda041670c12013663d8207139383d227d310 DATA={"source": "MotionModel_v1", "label": "Wandering", "speed_ms": 0.46}
2026-05-17 22:05:36,145 | SENDER=emotion_node         TOPIC=/hri/emotion         SHA256=5998b24130ca777eab6cf54b7b3706489073d7a3a1212a611188a393ddc65b96 DATA={"source": "EmotionModel_v1", "label": "Neutral", "confidence": 0.83}
2026-05-17 22:05:36,400 | SENDER=context_node         TOPIC=/hri/context         SHA256=f83540b369d62d3a3626f4487a33a8fb933121643231b1e0e5d4aeab15d1aac7 DATA={"source": "ContextModel_v1", "environment": "Museum_Gallery", "crowding": "Low"}
2026-05-17 22:05:36,584 | SENDER=gesture_node         TOPIC=/hri/gesture         SHA256=0d4b16c73e3ed1114603730b82027a1fcd65990f149401bbf927fd2589b1ca25 DATA={"source": "GestureModel_v1", "label": "Thumbs_Up", "confidence": 0.85}
2026-05-17 22:05:36,594 | SENDER=motion_node          TOPIC=/hri/motion          SHA256=d773d480b9582420b9841013a64156f6c4269e0da6bd8d2e9e0d32f8715a6126 DATA={"source": "MotionModel_v1", "label": "Wandering", "speed_ms": 0.26}
2026-05-17 22:05:37,996 | SENDER=emotion_node         TOPIC=/hri/emotion         SHA256=19defcd11cf6836b7b4682b7403fbda4ccebe3b4ea4b1dc9a12798386ede638f DATA={"source": "*** ATTACKER ***", "label": "Panicked", "confidence": 1.0, "note": "INJECTED \u2014 THIS IS A FAKE EMERGENCY"}
2026-05-17 22:05:38,140 | SENDER=emotion_node         TOPIC=/hri/emotion         SHA256=143556710f410dfdc1912099ef3595f2144e2758cd3e29e73b3e82ec9d12f19a DATA={"source": "EmotionModel_v1", "label": "Panicked", "confidence": 0.99}
2026-05-17 22:05:38,400 | SENDER=context_node         TOPIC=/hri/context         SHA256=b88b3385b15277f264a4977a18a860ce4df5fa37ec2862844eecd37fad4c7813 DATA={"source": "ContextModel_v1", "environment": "Hospital_Corridor", "crowding": "High"}
2026-05-17 22:05:38,584 | SENDER=gesture_node         TOPIC=/hri/gesture         SHA256=fe1ac882e5c284ef3f3faba2d64e2bacdf8c088b3b07eef400dfd00c66b4d12f DATA={"source": "GestureModel_v1", "label": "Thumbs_Up", "confidence": 0.83}
2026-05-17 22:05:38,592 | SENDER=motion_node          TOPIC=/hri/motion          SHA256=a359a737c4a8f83de8a70af073b343f97c0726f835bbb4dbf1d97bf7ee31880f DATA={"source": "MotionModel_v1", "label": "Stationary", "speed_ms": 0.07}
2026-05-17 22:05:39,494 | SENDER=emotion_node         TOPIC=/hri/emotion         SHA256=19defcd11cf6836b7b4682b7403fbda4ccebe3b4ea4b1dc9a12798386ede638f DATA={"source": "*** ATTACKER ***", "label": "Panicked", "confidence": 1.0, "note": "INJECTED \u2014 THIS IS A FAKE EMERGENCY"}
2026-05-17 22:05:40,140 | SENDER=emotion_node         TOPIC=/hri/emotion         SHA256=dbbe40ed334054aee5be8141a38c431d9bbc4100f1e6718d9fd0c1ad36e3c66c DATA={"source": "EmotionModel_v1", "label": "Panicked", "confidence": 0.93}
2026-05-17 22:05:40,400 | SENDER=context_node         TOPIC=/hri/context         SHA256=0328fe086d7abbbd5cc66066c96aec10db560086a0f840535d8d2da0875519d9 DATA={"source": "ContextModel_v1", "environment": "Retail_Aisle", "crowding": "Medium"}
2026-05-17 22:05:40,585 | SENDER=gesture_node         TOPIC=/hri/gesture         SHA256=360ed7fd856521fd958c783e3921e09bdc53afd0d257c050d1d631e741a75fbb DATA={"source": "GestureModel_v1", "label": "Thumbs_Up", "confidence": 0.92}
2026-05-17 22:05:40,598 | SENDER=motion_node          TOPIC=/hri/motion          SHA256=941716b9afaccffc06424170aa61378516e08fcb11982b54bc7ed99f93ce8034 DATA={"source": "MotionModel_v1", "label": "Retreating", "speed_ms": 0.54}
2026-05-17 22:05:40,997 | SENDER=emotion_node         TOPIC=/hri/emotion         SHA256=19defcd11cf6836b7b4682b7403fbda4ccebe3b4ea4b1dc9a12798386ede638f DATA={"source": "*** ATTACKER ***", "label": "Panicked", "confidence": 1.0, "note": "INJECTED \u2014 THIS IS A FAKE EMERGENCY"}
2026-05-17 22:05:42,141 | SENDER=emotion_node         TOPIC=/hri/emotion         SHA256=65b09baf4db0c95e4c04018bd50ef430060708af28f1d51d9c65003c22a24e2e DATA={"source": "EmotionModel_v1", "label": "Neutral", "confidence": 0.95}
2026-05-17 22:05:42,400 | SENDER=context_node         TOPIC=/hri/context         SHA256=b88b3385b15277f264a4977a18a860ce4df5fa37ec2862844eecd37fad4c7813 DATA={"source": "ContextModel_v1", "environment": "Hospital_Corridor", "crowding": "High"}
2026-05-17 22:05:42,494 | SENDER=emotion_node         TOPIC=/hri/emotion         SHA256=19defcd11cf6836b7b4682b7403fbda4ccebe3b4ea4b1dc9a12798386ede638f DATA={"source": "*** ATTACKER ***", "label": "Panicked", "confidence": 1.0, "note": "INJECTED \u2014 THIS IS A FAKE EMERGENCY"}
2026-05-17 22:05:42,584 | SENDER=gesture_node         TOPIC=/hri/gesture         SHA256=1c26f0b6d9044fdafa1762a023dd598d667da44f5a8a353920b5a5dd5ffb649e DATA={"source": "GestureModel_v1", "label": "Beckon", "confidence": 0.89}
2026-05-17 22:05:42,591 | SENDER=motion_node          TOPIC=/hri/motion          SHA256=b249b21abc810dee8c211681892ac443482c4b811143fed0db14e874e307ad18 DATA={"source": "MotionModel_v1", "label": "Stationary", "speed_ms": 0.1}
2026-05-17 22:05:43,996 | SENDER=emotion_node         TOPIC=/hri/emotion         SHA256=19defcd11cf6836b7b4682b7403fbda4ccebe3b4ea4b1dc9a12798386ede638f DATA={"source": "*** ATTACKER ***", "label": "Panicked", "confidence": 1.0, "note": "INJECTED \u2014 THIS IS A FAKE EMERGENCY"}
2026-05-17 22:05:44,140 | SENDER=emotion_node         TOPIC=/hri/emotion         SHA256=d22ed276a5200c14818ffa6b93799ed65bf4bb241614118f704e38749bfd3e20 DATA={"source": "EmotionModel_v1", "label": "Confused", "confidence": 0.91}
2026-05-17 22:05:45,620 | SENDER=context_node         TOPIC=/hri/context         SHA256=b88b3385b15277f264a4977a18a860ce4df5fa37ec2862844eecd37fad4c7813 DATA={"source": "ContextModel_v1", "environment": "Hospital_Corridor", "crowding": "High"}
2026-05-17 22:05:45,805 | SENDER=gesture_node         TOPIC=/hri/gesture         SHA256=65c18f592191716bd4713ca0311a437ad474800ebd3506cfd207376f6807f6ba DATA={"source": "GestureModel_v1", "label": "Thumbs_Up", "confidence": 0.87}
2026-05-17 22:05:45,817 | SENDER=motion_node          TOPIC=/hri/motion          SHA256=b15988864fa89f3946870829f63841c5949c2ff71ef91b1de533e6c642642b6c DATA={"source": "MotionModel_v1", "label": "Wandering", "speed_ms": 0.29}
2026-05-17 22:05:46,400 | SENDER=context_node         TOPIC=/hri/context         SHA256=f83540b369d62d3a3626f4487a33a8fb933121643231b1e0e5d4aeab15d1aac7 DATA={"source": "ContextModel_v1", "environment": "Museum_Gallery", "crowding": "Low"}
2026-05-17 22:05:46,585 | SENDER=gesture_node         TOPIC=/hri/gesture         SHA256=b7e9f74bceb3675a802434847049e10690a0b4ae22f74bb70b7698bea2ca39fc DATA={"source": "GestureModel_v1", "label": "Point", "confidence": 0.82}
2026-05-17 22:05:46,600 | SENDER=motion_node          TOPIC=/hri/motion          SHA256=b249b21abc810dee8c211681892ac443482c4b811143fed0db14e874e307ad18 DATA={"source": "MotionModel_v1", "label": "Stationary", "speed_ms": 0.1}
2026-05-17 22:05:46,714 | SENDER=emotion_node         TOPIC=/hri/emotion         SHA256=19defcd11cf6836b7b4682b7403fbda4ccebe3b4ea4b1dc9a12798386ede638f DATA={"source": "*** ATTACKER ***", "label": "Panicked", "confidence": 1.0, "note": "INJECTED \u2014 THIS IS A FAKE EMERGENCY"}
2026-05-17 22:05:46,995 | SENDER=emotion_node         TOPIC=/hri/emotion         SHA256=19defcd11cf6836b7b4682b7403fbda4ccebe3b4ea4b1dc9a12798386ede638f DATA={"source": "*** ATTACKER ***", "label": "Panicked", "confidence": 1.0, "note": "INJECTED \u2014 THIS IS A FAKE EMERGENCY"}
2026-05-17 22:05:47,361 | SENDER=emotion_node         TOPIC=/hri/emotion         SHA256=3a98de9da719fee6ab907bdae0a4b63a5338cd5475d0e485f5b84c94f98260cf DATA={"source": "EmotionModel_v1", "label": "Neutral", "confidence": 0.9}
2026-05-17 22:05:48,140 | SENDER=emotion_node         TOPIC=/hri/emotion         SHA256=01697a80c45797717cd5f5e2d430ab119f847c2f85367f5bd9efbdd1017835e4 DATA={"source": "EmotionModel_v1", "label": "Angry", "confidence": 0.86}
2026-05-17 22:05:48,400 | SENDER=context_node         TOPIC=/hri/context         SHA256=a64fb3cfbf73edd634404a40b5c36a0c53b982ba75ff4431360d795192f7cd87 DATA={"source": "ContextModel_v1", "environment": "Hospital_Ward", "crowding": "Low"}
2026-05-17 22:05:48,494 | SENDER=emotion_node         TOPIC=/hri/emotion         SHA256=19defcd11cf6836b7b4682b7403fbda4ccebe3b4ea4b1dc9a12798386ede638f DATA={"source": "*** ATTACKER ***", "label": "Panicked", "confidence": 1.0, "note": "INJECTED \u2014 THIS IS A FAKE EMERGENCY"}
2026-05-17 22:05:48,584 | SENDER=gesture_node         TOPIC=/hri/gesture         SHA256=1bada581df882fed06f7aeae1b239a39313c8b114cc4a7970007d0c88593a117 DATA={"source": "GestureModel_v1", "label": "Stop", "confidence": 0.89}
2026-05-17 22:05:48,591 | SENDER=motion_node          TOPIC=/hri/motion          SHA256=0de461d287332b09ba29614350bed72145832c1b6f87c73b76a01b2ba9142a07 DATA={"source": "MotionModel_v1", "label": "Approaching", "speed_ms": 0.93}
2026-05-17 22:05:49,994 | SENDER=emotion_node         TOPIC=/hri/emotion         SHA256=19defcd11cf6836b7b4682b7403fbda4ccebe3b4ea4b1dc9a12798386ede638f DATA={"source": "*** ATTACKER ***", "label": "Panicked", "confidence": 1.0, "note": "INJECTED \u2014 THIS IS A FAKE EMERGENCY"}
2026-05-17 22:05:50,140 | SENDER=emotion_node         TOPIC=/hri/emotion         SHA256=759e6c14dfe29e4be0a7725f0f8ce23804ca4e0b14d25a8ad9a90ac97abd8be6 DATA={"source": "EmotionModel_v1", "label": "Sad", "confidence": 0.85}
2026-05-17 22:05:50,401 | SENDER=context_node         TOPIC=/hri/context         SHA256=4f7f3e509d2a45b70dab96481bdeba99e5dd5787b28f81fbd5e9933a5b67478b DATA={"source": "ContextModel_v1", "environment": "Hospital_Reception", "crowding": "Medium"}
2026-05-17 22:05:50,585 | SENDER=gesture_node         TOPIC=/hri/gesture         SHA256=d08bf1d062c8563e27397a25cd35892bc811731dee80beff2ea030173d6c2d16 DATA={"source": "GestureModel_v1", "label": "Thumbs_Up", "confidence": 0.86}
2026-05-17 22:05:50,606 | SENDER=motion_node          TOPIC=/hri/motion          SHA256=465078ff2254e64f3a1d9965c9440f04a2a3e00b6463ba490a867815025aa17d DATA={"source": "MotionModel_v1", "label": "Running", "speed_ms": 2.64}
2026-05-17 22:05:51,495 | SENDER=emotion_node         TOPIC=/hri/emotion         SHA256=19defcd11cf6836b7b4682b7403fbda4ccebe3b4ea4b1dc9a12798386ede638f DATA={"source": "*** ATTACKER ***", "label": "Panicked", "confidence": 1.0, "note": "INJECTED \u2014 THIS IS A FAKE EMERGENCY"}
2026-05-17 22:05:52,141 | SENDER=emotion_node         TOPIC=/hri/emotion         SHA256=fb8e1603c1c878d9bde4256305bb541a522e9d71e8619861d7913c31ba0de47e DATA={"source": "EmotionModel_v1", "label": "Confused", "confidence": 0.81}
2026-05-17 22:05:52,400 | SENDER=context_node         TOPIC=/hri/context         SHA256=b88b3385b15277f264a4977a18a860ce4df5fa37ec2862844eecd37fad4c7813 DATA={"source": "ContextModel_v1", "environment": "Hospital_Corridor", "crowding": "High"}
2026-05-17 22:05:52,585 | SENDER=gesture_node         TOPIC=/hri/gesture         SHA256=62434f50539b04787134308277b1e06687ba3619d47877f2760dc09e7fc2bcf3 DATA={"source": "GestureModel_v1", "label": "Cross_Arms", "confidence": 0.78}
2026-05-17 22:05:52,593 | SENDER=motion_node          TOPIC=/hri/motion          SHA256=0185f071c52b5e53f656a1996fda5247eb2c2d84cd003793484415addd0d654a DATA={"source": "MotionModel_v1", "label": "Stationary", "speed_ms": 0.06}
2026-05-17 22:05:52,994 | SENDER=emotion_node         TOPIC=/hri/emotion         SHA256=19defcd11cf6836b7b4682b7403fbda4ccebe3b4ea4b1dc9a12798386ede638f DATA={"source": "*** ATTACKER ***", "label": "Panicked", "confidence": 1.0, "note": "INJECTED \u2014 THIS IS A FAKE EMERGENCY"}
2026-05-17 22:05:54,141 | SENDER=emotion_node         TOPIC=/hri/emotion         SHA256=4637c439325137063921fdb8b3b51f8cc7160eeb5ab0029d5632d992dfb55ca7 DATA={"source": "EmotionModel_v1", "label": "Confused", "confidence": 0.82}
2026-05-17 22:05:54,400 | SENDER=context_node         TOPIC=/hri/context         SHA256=f83540b369d62d3a3626f4487a33a8fb933121643231b1e0e5d4aeab15d1aac7 DATA={"source": "ContextModel_v1", "environment": "Museum_Gallery", "crowding": "Low"}
2026-05-17 22:05:54,495 | SENDER=emotion_node         TOPIC=/hri/emotion         SHA256=19defcd11cf6836b7b4682b7403fbda4ccebe3b4ea4b1dc9a12798386ede638f DATA={"source": "*** ATTACKER ***", "label": "Panicked", "confidence": 1.0, "note": "INJECTED \u2014 THIS IS A FAKE EMERGENCY"}
2026-05-17 22:05:54,585 | SENDER=gesture_node         TOPIC=/hri/gesture         SHA256=85eaa2be1b394fcce896c2957809ef37b7f0a76b6dfae67bec49934bbb9fde66 DATA={"source": "GestureModel_v1", "label": "Point", "confidence": 0.94}
2026-05-17 22:05:54,597 | SENDER=motion_node          TOPIC=/hri/motion          SHA256=f75cf3480a94e56d0c68055a03909f2e6ac3f4f28cfe7c65c0fbeca38ce6ae72 DATA={"source": "MotionModel_v1", "label": "Approaching", "speed_ms": 0.45}
2026-05-17 22:05:55,995 | SENDER=emotion_node         TOPIC=/hri/emotion         SHA256=19defcd11cf6836b7b4682b7403fbda4ccebe3b4ea4b1dc9a12798386ede638f DATA={"source": "*** ATTACKER ***", "label": "Panicked", "confidence": 1.0, "note": "INJECTED \u2014 THIS IS A FAKE EMERGENCY"}
2026-05-17 22:05:56,140 | SENDER=emotion_node         TOPIC=/hri/emotion         SHA256=338e8a50a73c00172ac7f7628c783deca1c08a88523031c202a56f6b05ae0782 DATA={"source": "EmotionModel_v1", "label": "Confused", "confidence": 0.79}
2026-05-17 22:05:56,401 | SENDER=context_node         TOPIC=/hri/context         SHA256=4f7f3e509d2a45b70dab96481bdeba99e5dd5787b28f81fbd5e9933a5b67478b DATA={"source": "ContextModel_v1", "environment": "Hospital_Reception", "crowding": "Medium"}
2026-05-17 22:05:56,585 | SENDER=gesture_node         TOPIC=/hri/gesture         SHA256=524ac5ae77246be80b1cc3514691376f3090b4e0d863b2cfb2819871a4f1bd76 DATA={"source": "GestureModel_v1", "label": "Wave", "confidence": 0.88}
2026-05-17 22:05:56,603 | SENDER=motion_node          TOPIC=/hri/motion          SHA256=4fc1ef7b47777bd8714f9b494f39f3887d0387aa1999d9fb6787790471d7986c DATA={"source": "MotionModel_v1", "label": "Wandering", "speed_ms": 0.6}
2026-05-17 22:05:57,497 | SENDER=emotion_node         TOPIC=/hri/emotion         SHA256=19defcd11cf6836b7b4682b7403fbda4ccebe3b4ea4b1dc9a12798386ede638f DATA={"source": "*** ATTACKER ***", "label": "Panicked", "confidence": 1.0, "note": "INJECTED \u2014 THIS IS A FAKE EMERGENCY"}
2026-05-17 22:05:58,142 | SENDER=emotion_node         TOPIC=/hri/emotion         SHA256=8ff5f9c21910132b4ba60fb0fbc153cd9bfe6294e71b6f983095acf055823c35 DATA={"source": "EmotionModel_v1", "label": "Angry", "confidence": 0.8}
2026-05-17 22:05:58,401 | SENDER=context_node         TOPIC=/hri/context         SHA256=a64fb3cfbf73edd634404a40b5c36a0c53b982ba75ff4431360d795192f7cd87 DATA={"source": "ContextModel_v1", "environment": "Hospital_Ward", "crowding": "Low"}
2026-05-17 22:05:58,585 | SENDER=gesture_node         TOPIC=/hri/gesture         SHA256=3c410755877e02aec28e2377374134396d996576ba85f8487adbe18066cd4910 DATA={"source": "GestureModel_v1", "label": "Beckon", "confidence": 0.79}
2026-05-17 22:05:58,596 | SENDER=motion_node          TOPIC=/hri/motion          SHA256=2f86b70f9115f538e632ef47af54b54ab21cce9401fac62bb4b60727eda1bb5c DATA={"source": "MotionModel_v1", "label": "Stationary", "speed_ms": 0.04}
2026-05-17 22:05:58,994 | SENDER=emotion_node         TOPIC=/hri/emotion         SHA256=19defcd11cf6836b7b4682b7403fbda4ccebe3b4ea4b1dc9a12798386ede638f DATA={"source": "*** ATTACKER ***", "label": "Panicked", "confidence": 1.0, "note": "INJECTED \u2014 THIS IS A FAKE EMERGENCY"}
2026-05-17 22:06:00,140 | SENDER=emotion_node         TOPIC=/hri/emotion         SHA256=d91a3aa5e19a1c40cd82936f1e52a51856feb9b0a9aa81c9216570eba6ab60d2 DATA={"source": "EmotionModel_v1", "label": "Panicked", "confidence": 0.97}
2026-05-17 22:06:00,402 | SENDER=context_node         TOPIC=/hri/context         SHA256=f83540b369d62d3a3626f4487a33a8fb933121643231b1e0e5d4aeab15d1aac7 DATA={"source": "ContextModel_v1", "environment": "Museum_Gallery", "crowding": "Low"}
2026-05-17 22:06:00,494 | SENDER=emotion_node         TOPIC=/hri/emotion         SHA256=19defcd11cf6836b7b4682b7403fbda4ccebe3b4ea4b1dc9a12798386ede638f DATA={"source": "*** ATTACKER ***", "label": "Panicked", "confidence": 1.0, "note": "INJECTED \u2014 THIS IS A FAKE EMERGENCY"}
2026-05-17 22:06:00,584 | SENDER=gesture_node         TOPIC=/hri/gesture         SHA256=1c26f0b6d9044fdafa1762a023dd598d667da44f5a8a353920b5a5dd5ffb649e DATA={"source": "GestureModel_v1", "label": "Beckon", "confidence": 0.89}
2026-05-17 22:06:00,602 | SENDER=motion_node          TOPIC=/hri/motion          SHA256=355fa5198003fca17ac10e06ed94d6babe3e6f46c4060dc1c122d7e582031685 DATA={"source": "MotionModel_v1", "label": "Approaching", "speed_ms": 0.81}
2026-05-17 22:06:01,994 | SENDER=emotion_node         TOPIC=/hri/emotion         SHA256=19defcd11cf6836b7b4682b7403fbda4ccebe3b4ea4b1dc9a12798386ede638f DATA={"source": "*** ATTACKER ***", "label": "Panicked", "confidence": 1.0, "note": "INJECTED \u2014 THIS IS A FAKE EMERGENCY"}
2026-05-17 22:06:02,141 | SENDER=emotion_node         TOPIC=/hri/emotion         SHA256=00859525ba0aa4fdb878ae87e001ac6dfb6c25c36af6d042ac530c69cb99ef29 DATA={"source": "EmotionModel_v1", "label": "Sad", "confidence": 0.88}
2026-05-17 22:06:02,403 | SENDER=context_node         TOPIC=/hri/context         SHA256=b88b3385b15277f264a4977a18a860ce4df5fa37ec2862844eecd37fad4c7813 DATA={"source": "ContextModel_v1", "environment": "Hospital_Corridor", "crowding": "High"}
2026-05-17 22:06:02,585 | SENDER=gesture_node         TOPIC=/hri/gesture         SHA256=6d9f44dec9737b364988e46813b11217c1155dab432b7e6a322a7fade490707f DATA={"source": "GestureModel_v1", "label": "Stop", "confidence": 0.99}
2026-05-17 22:06:02,594 | SENDER=motion_node          TOPIC=/hri/motion          SHA256=2c77eff5802d6a5b3f82ab74b69e15b2ca0e9283b483f73855c02a648484906a DATA={"source": "MotionModel_v1", "label": "Approaching", "speed_ms": 0.87}
2026-05-17 22:06:03,494 | SENDER=emotion_node         TOPIC=/hri/emotion         SHA256=19defcd11cf6836b7b4682b7403fbda4ccebe3b4ea4b1dc9a12798386ede638f DATA={"source": "*** ATTACKER ***", "label": "Panicked", "confidence": 1.0, "note": "INJECTED \u2014 THIS IS A FAKE EMERGENCY"}
2026-05-17 22:06:04,140 | SENDER=emotion_node         TOPIC=/hri/emotion         SHA256=1234be84924a9049244e5859fe0ba0054d1aa37b42680b45029c8cd0ad934b91 DATA={"source": "EmotionModel_v1", "label": "Panicked", "confidence": 0.98}
2026-05-17 22:06:04,400 | SENDER=context_node         TOPIC=/hri/context         SHA256=0328fe086d7abbbd5cc66066c96aec10db560086a0f840535d8d2da0875519d9 DATA={"source": "ContextModel_v1", "environment": "Retail_Aisle", "crowding": "Medium"}
2026-05-17 22:06:04,585 | SENDER=gesture_node         TOPIC=/hri/gesture         SHA256=1bada581df882fed06f7aeae1b239a39313c8b114cc4a7970007d0c88593a117 DATA={"source": "GestureModel_v1", "label": "Stop", "confidence": 0.89}
2026-05-17 22:06:04,594 | SENDER=motion_node          TOPIC=/hri/motion          SHA256=3d29793680bf5840d1829dd8148c80c8f38ecb456afeabada33460bceb8021aa DATA={"source": "MotionModel_v1", "label": "Retreating", "speed_ms": 0.72}
2026-05-17 22:06:04,995 | SENDER=emotion_node         TOPIC=/hri/emotion         SHA256=19defcd11cf6836b7b4682b7403fbda4ccebe3b4ea4b1dc9a12798386ede638f DATA={"source": "*** ATTACKER ***", "label": "Panicked", "confidence": 1.0, "note": "INJECTED \u2014 THIS IS A FAKE EMERGENCY"}
2026-05-17 22:06:06,139 | SENDER=emotion_node         TOPIC=/hri/emotion         SHA256=106fd6dedd10a3a6624aac4bffac863c64467df79eb883bf7599f0bf3c63f2c2 DATA={"source": "EmotionModel_v1", "label": "Neutral", "confidence": 0.85}
2026-05-17 22:06:06,400 | SENDER=context_node         TOPIC=/hri/context         SHA256=0328fe086d7abbbd5cc66066c96aec10db560086a0f840535d8d2da0875519d9 DATA={"source": "ContextModel_v1", "environment": "Retail_Aisle", "crowding": "Medium"}
2026-05-17 22:06:06,494 | SENDER=emotion_node         TOPIC=/hri/emotion         SHA256=19defcd11cf6836b7b4682b7403fbda4ccebe3b4ea4b1dc9a12798386ede638f DATA={"source": "*** ATTACKER ***", "label": "Panicked", "confidence": 1.0, "note": "INJECTED \u2014 THIS IS A FAKE EMERGENCY"}
2026-05-17 22:06:06,584 | SENDER=gesture_node         TOPIC=/hri/gesture         SHA256=ebd25a530fc8fd069779b4d49d56b982d92760d46b5fe301254eac92c2fc909e DATA={"source": "GestureModel_v1", "label": "Point", "confidence": 0.8}
2026-05-17 22:06:06,593 | SENDER=motion_node          TOPIC=/hri/motion          SHA256=09a99d9af91e48c67a7a80f27bc9029a9f2b4d96e720c7d349042e617526809f DATA={"source": "MotionModel_v1", "label": "Retreating", "speed_ms": 0.83}
2026-05-17 22:06:07,995 | SENDER=emotion_node         TOPIC=/hri/emotion         SHA256=19defcd11cf6836b7b4682b7403fbda4ccebe3b4ea4b1dc9a12798386ede638f DATA={"source": "*** ATTACKER ***", "label": "Panicked", "confidence": 1.0, "note": "INJECTED \u2014 THIS IS A FAKE EMERGENCY"}
2026-05-17 22:06:08,140 | SENDER=emotion_node         TOPIC=/hri/emotion         SHA256=209f12299bf832daf2acca5bd20d94ced3b9001fe96624a0efc4aded1042fe65 DATA={"source": "EmotionModel_v1", "label": "Angry", "confidence": 0.77}
2026-05-17 22:06:08,400 | SENDER=context_node         TOPIC=/hri/context         SHA256=4f7f3e509d2a45b70dab96481bdeba99e5dd5787b28f81fbd5e9933a5b67478b DATA={"source": "ContextModel_v1", "environment": "Hospital_Reception", "crowding": "Medium"}
2026-05-17 22:06:08,585 | SENDER=gesture_node         TOPIC=/hri/gesture         SHA256=0af1ed4d53f9ad3ab12d0f8ba5c5ded386c66457545958e23cac05adbfcade55 DATA={"source": "GestureModel_v1", "label": "Stop", "confidence": 0.93}
2026-05-17 22:06:08,597 | SENDER=motion_node          TOPIC=/hri/motion          SHA256=2c77eff5802d6a5b3f82ab74b69e15b2ca0e9283b483f73855c02a648484906a DATA={"source": "MotionModel_v1", "label": "Approaching", "speed_ms": 0.87}
2026-05-17 22:06:09,495 | SENDER=emotion_node         TOPIC=/hri/emotion         SHA256=19defcd11cf6836b7b4682b7403fbda4ccebe3b4ea4b1dc9a12798386ede638f DATA={"source": "*** ATTACKER ***", "label": "Panicked", "confidence": 1.0, "note": "INJECTED \u2014 THIS IS A FAKE EMERGENCY"}
2026-05-17 22:06:10,140 | SENDER=emotion_node         TOPIC=/hri/emotion         SHA256=d4074f4824daacea312d44fe003b97ab003d1c7b4d7434f63558e3c245317f0c DATA={"source": "EmotionModel_v1", "label": "Confused", "confidence": 0.86}
2026-05-17 22:06:10,400 | SENDER=context_node         TOPIC=/hri/context         SHA256=f83540b369d62d3a3626f4487a33a8fb933121643231b1e0e5d4aeab15d1aac7 DATA={"source": "ContextModel_v1", "environment": "Museum_Gallery", "crowding": "Low"}
2026-05-17 22:06:10,584 | SENDER=gesture_node         TOPIC=/hri/gesture         SHA256=5fed337a0a41811d63db9d6e9998b6775db60af51dbcca4d2364cde34df5fac4 DATA={"source": "GestureModel_v1", "label": "Stop", "confidence": 0.9}
2026-05-17 22:06:10,599 | SENDER=motion_node          TOPIC=/hri/motion          SHA256=25224a617f4f5d24aac56905cfb2d9d5216e805b3e97fdb3dbc32db117991aec DATA={"source": "MotionModel_v1", "label": "Wandering", "speed_ms": 0.3}
2026-05-17 22:06:10,995 | SENDER=emotion_node         TOPIC=/hri/emotion         SHA256=19defcd11cf6836b7b4682b7403fbda4ccebe3b4ea4b1dc9a12798386ede638f DATA={"source": "*** ATTACKER ***", "label": "Panicked", "confidence": 1.0, "note": "INJECTED \u2014 THIS IS A FAKE EMERGENCY"}
2026-05-17 22:06:12,141 | SENDER=emotion_node         TOPIC=/hri/emotion         SHA256=4637c439325137063921fdb8b3b51f8cc7160eeb5ab0029d5632d992dfb55ca7 DATA={"source": "EmotionModel_v1", "label": "Confused", "confidence": 0.82}
2026-05-17 22:06:12,400 | SENDER=context_node         TOPIC=/hri/context         SHA256=f83540b369d62d3a3626f4487a33a8fb933121643231b1e0e5d4aeab15d1aac7 DATA={"source": "ContextModel_v1", "environment": "Museum_Gallery", "crowding": "Low"}
2026-05-17 22:06:12,494 | SENDER=emotion_node         TOPIC=/hri/emotion         SHA256=19defcd11cf6836b7b4682b7403fbda4ccebe3b4ea4b1dc9a12798386ede638f DATA={"source": "*** ATTACKER ***", "label": "Panicked", "confidence": 1.0, "note": "INJECTED \u2014 THIS IS A FAKE EMERGENCY"}
2026-05-17 22:06:12,585 | SENDER=gesture_node         TOPIC=/hri/gesture         SHA256=f2a4182b8846cf6dce0c43725d11aedca3e19eb17a0c0f1c35fdf913c0165e4d DATA={"source": "GestureModel_v1", "label": "Beckon", "confidence": 0.83}
2026-05-17 22:06:12,594 | SENDER=motion_node          TOPIC=/hri/motion          SHA256=a988176b4c627e216019e62d58771a9f25567205b553b7263e7e5d1e4595688c DATA={"source": "MotionModel_v1", "label": "Wandering", "speed_ms": 0.45}
2026-05-17 22:06:13,995 | SENDER=emotion_node         TOPIC=/hri/emotion         SHA256=19defcd11cf6836b7b4682b7403fbda4ccebe3b4ea4b1dc9a12798386ede638f DATA={"source": "*** ATTACKER ***", "label": "Panicked", "confidence": 1.0, "note": "INJECTED \u2014 THIS IS A FAKE EMERGENCY"}
2026-05-17 22:06:14,140 | SENDER=emotion_node         TOPIC=/hri/emotion         SHA256=209f12299bf832daf2acca5bd20d94ced3b9001fe96624a0efc4aded1042fe65 DATA={"source": "EmotionModel_v1", "label": "Angry", "confidence": 0.77}
2026-05-17 22:06:14,400 | SENDER=context_node         TOPIC=/hri/context         SHA256=a64fb3cfbf73edd634404a40b5c36a0c53b982ba75ff4431360d795192f7cd87 DATA={"source": "ContextModel_v1", "environment": "Hospital_Ward", "crowding": "Low"}
2026-05-17 22:06:14,584 | SENDER=gesture_node         TOPIC=/hri/gesture         SHA256=8d55041af963c9010b206607d7a97f99f31d424413a435267b1fe4365ad44698 DATA={"source": "GestureModel_v1", "label": "Point", "confidence": 0.89}
2026-05-17 22:06:14,593 | SENDER=motion_node          TOPIC=/hri/motion          SHA256=857dd7fe348f2d1d694a12fb0bdd1035814d95ff8f3e747d5efde92502ce15b7 DATA={"source": "MotionModel_v1", "label": "Wandering", "speed_ms": 0.64}
2026-05-17 22:06:15,494 | SENDER=emotion_node         TOPIC=/hri/emotion         SHA256=19defcd11cf6836b7b4682b7403fbda4ccebe3b4ea4b1dc9a12798386ede638f DATA={"source": "*** ATTACKER ***", "label": "Panicked", "confidence": 1.0, "note": "INJECTED \u2014 THIS IS A FAKE EMERGENCY"}
2026-05-17 22:06:16,140 | SENDER=emotion_node         TOPIC=/hri/emotion         SHA256=c5793a326aaafa2680ba4284459d95ab792410348373037a6131eebc1451b6b6 DATA={"source": "EmotionModel_v1", "label": "Angry", "confidence": 0.83}
2026-05-17 22:06:16,400 | SENDER=context_node         TOPIC=/hri/context         SHA256=b88b3385b15277f264a4977a18a860ce4df5fa37ec2862844eecd37fad4c7813 DATA={"source": "ContextModel_v1", "environment": "Hospital_Corridor", "crowding": "High"}
2026-05-17 22:06:16,586 | SENDER=gesture_node         TOPIC=/hri/gesture         SHA256=65c18f592191716bd4713ca0311a437ad474800ebd3506cfd207376f6807f6ba DATA={"source": "GestureModel_v1", "label": "Thumbs_Up", "confidence": 0.87}
2026-05-17 22:06:16,627 | SENDER=motion_node          TOPIC=/hri/motion          SHA256=b56cb094fc089c66bbcdb7290c46a41a410f3405b518c7dd94e03f7a28658eb7 DATA={"source": "MotionModel_v1", "label": "Running", "speed_ms": 1.88}
2026-05-17 22:06:16,995 | SENDER=emotion_node         TOPIC=/hri/emotion         SHA256=19defcd11cf6836b7b4682b7403fbda4ccebe3b4ea4b1dc9a12798386ede638f DATA={"source": "*** ATTACKER ***", "label": "Panicked", "confidence": 1.0, "note": "INJECTED \u2014 THIS IS A FAKE EMERGENCY"}
2026-05-17 22:06:19,355 | SENDER=emotion_node         TOPIC=/hri/emotion         SHA256=4b2df71a6a968f38a303f5940882ea4a4c80c9e591ef307e98f96607abb289c0 DATA={"source": "EmotionModel_v1", "label": "Panicked", "confidence": 0.9}
2026-05-17 22:06:19,616 | SENDER=context_node         TOPIC=/hri/context         SHA256=a64fb3cfbf73edd634404a40b5c36a0c53b982ba75ff4431360d795192f7cd87 DATA={"source": "ContextModel_v1", "environment": "Hospital_Ward", "crowding": "Low"}
2026-05-17 22:06:19,709 | SENDER=emotion_node         TOPIC=/hri/emotion         SHA256=19defcd11cf6836b7b4682b7403fbda4ccebe3b4ea4b1dc9a12798386ede638f DATA={"source": "*** ATTACKER ***", "label": "Panicked", "confidence": 1.0, "note": "INJECTED \u2014 THIS IS A FAKE EMERGENCY"}
2026-05-17 22:06:19,800 | SENDER=gesture_node         TOPIC=/hri/gesture         SHA256=f3a5e9fd5f47af06408d6a01da4f6c1cef0aabb11188d59709928a9a43a32fa8 DATA={"source": "GestureModel_v1", "label": "Wave", "confidence": 0.86}
2026-05-17 22:06:19,819 | SENDER=motion_node          TOPIC=/hri/motion          SHA256=165e42e4a17830e3ca8a97870afaea99d2ba383d4c6c8749af4d03c3310e9fb0 DATA={"source": "MotionModel_v1", "label": "Wandering", "speed_ms": 0.22}
2026-05-17 22:06:19,994 | SENDER=emotion_node         TOPIC=/hri/emotion         SHA256=19defcd11cf6836b7b4682b7403fbda4ccebe3b4ea4b1dc9a12798386ede638f DATA={"source": "*** ATTACKER ***", "label": "Panicked", "confidence": 1.0, "note": "INJECTED \u2014 THIS IS A FAKE EMERGENCY"}
2026-05-17 22:06:20,139 | SENDER=emotion_node         TOPIC=/hri/emotion         SHA256=def82fa5f6e5b9496b7405bb5a8c75e40de3b320de1185bbb8b26788cd65e167 DATA={"source": "EmotionModel_v1", "label": "Happy", "confidence": 0.88}
2026-05-17 22:06:20,400 | SENDER=context_node         TOPIC=/hri/context         SHA256=4f7f3e509d2a45b70dab96481bdeba99e5dd5787b28f81fbd5e9933a5b67478b DATA={"source": "ContextModel_v1", "environment": "Hospital_Reception", "crowding": "Medium"}
2026-05-17 22:06:20,585 | SENDER=gesture_node         TOPIC=/hri/gesture         SHA256=b2a74b9ee4370910c7c9f7d4a909c0ad8e82f3e3373828aec156c25d7bfe406e DATA={"source": "GestureModel_v1", "label": "Beckon", "confidence": 0.84}
2026-05-17 22:06:20,595 | SENDER=motion_node          TOPIC=/hri/motion          SHA256=c2f4356fb24ec78513297f9742b5f21268fe5387d3649772e0db5a6ed6f8e137 DATA={"source": "MotionModel_v1", "label": "Retreating", "speed_ms": 0.73}
2026-05-17 22:06:21,495 | SENDER=emotion_node         TOPIC=/hri/emotion         SHA256=19defcd11cf6836b7b4682b7403fbda4ccebe3b4ea4b1dc9a12798386ede638f DATA={"source": "*** ATTACKER ***", "label": "Panicked", "confidence": 1.0, "note": "INJECTED \u2014 THIS IS A FAKE EMERGENCY"}
2026-05-17 22:06:22,141 | SENDER=emotion_node         TOPIC=/hri/emotion         SHA256=5998b24130ca777eab6cf54b7b3706489073d7a3a1212a611188a393ddc65b96 DATA={"source": "EmotionModel_v1", "label": "Neutral", "confidence": 0.83}
2026-05-17 22:06:22,402 | SENDER=context_node         TOPIC=/hri/context         SHA256=a64fb3cfbf73edd634404a40b5c36a0c53b982ba75ff4431360d795192f7cd87 DATA={"source": "ContextModel_v1", "environment": "Hospital_Ward", "crowding": "Low"}
2026-05-17 22:06:22,584 | SENDER=gesture_node         TOPIC=/hri/gesture         SHA256=0487e2d6540d8af054e8f92b43ea740b690f8e3f8053f81c2b322e4229a7b9c3 DATA={"source": "GestureModel_v1", "label": "Thumbs_Up", "confidence": 0.91}
2026-05-17 22:06:22,595 | SENDER=motion_node          TOPIC=/hri/motion          SHA256=a866f9d5de47505c06320df20dba7720af7e93cd9eca6936057848ea9ffb73a2 DATA={"source": "MotionModel_v1", "label": "Approaching", "speed_ms": 0.64}
2026-05-17 22:06:24,140 | SENDER=emotion_node         TOPIC=/hri/emotion         SHA256=c97beabb29a7d067f58838c84617319171a090079c72d75459bf3126e73a0b29 DATA={"source": "EmotionModel_v1", "label": "Panicked", "confidence": 0.92}
2026-05-17 22:06:24,400 | SENDER=context_node         TOPIC=/hri/context         SHA256=f83540b369d62d3a3626f4487a33a8fb933121643231b1e0e5d4aeab15d1aac7 DATA={"source": "ContextModel_v1", "environment": "Museum_Gallery", "crowding": "Low"}
2026-05-17 22:06:24,585 | SENDER=gesture_node         TOPIC=/hri/gesture         SHA256=840bb44f9fb88f4805cc7472a662ab90e20618588a903cae2e350f546981f248 DATA={"source": "GestureModel_v1", "label": "Point", "confidence": 0.87}
2026-05-17 22:06:24,597 | SENDER=motion_node          TOPIC=/hri/motion          SHA256=6deeaaa9432945dc0088af8707a6b506f8a81d8850c3ef8684bde25b790f5e66 DATA={"source": "MotionModel_v1", "label": "Wandering", "speed_ms": 0.51}
2026-05-17 22:06:26,142 | SENDER=emotion_node         TOPIC=/hri/emotion         SHA256=7f98eff31fa55888f474ad5245abe5d28f0c68cbc6bf5134d39a89c5dac69e36 DATA={"source": "EmotionModel_v1", "label": "Panicked", "confidence": 0.87}
2026-05-17 22:06:26,400 | SENDER=context_node         TOPIC=/hri/context         SHA256=0328fe086d7abbbd5cc66066c96aec10db560086a0f840535d8d2da0875519d9 DATA={"source": "ContextModel_v1", "environment": "Retail_Aisle", "crowding": "Medium"}
2026-05-17 22:06:26,585 | SENDER=gesture_node         TOPIC=/hri/gesture         SHA256=5afe446f6b681d8e4ab4dd3048bd77a111307ceb55759541864b609cd3977fc4 DATA={"source": "GestureModel_v1", "label": "Wave", "confidence": 0.97}
2026-05-17 22:06:26,609 | SENDER=motion_node          TOPIC=/hri/motion          SHA256=31e13225967fc08efda20042ee1a1e3a303dc1e4156bb54719b69d15bfade2e2 DATA={"source": "MotionModel_v1", "label": "Running", "speed_ms": 2.8}
2026-05-17 22:06:28,140 | SENDER=emotion_node         TOPIC=/hri/emotion         SHA256=ef8388a1c703316d6759d42afc8840c8134c7ac51660cbd318c7c2f89ecfe58a DATA={"source": "EmotionModel_v1", "label": "Happy", "confidence": 0.9}
2026-05-17 22:06:28,401 | SENDER=context_node         TOPIC=/hri/context         SHA256=4f7f3e509d2a45b70dab96481bdeba99e5dd5787b28f81fbd5e9933a5b67478b DATA={"source": "ContextModel_v1", "environment": "Hospital_Reception", "crowding": "Medium"}
2026-05-17 22:06:28,585 | SENDER=gesture_node         TOPIC=/hri/gesture         SHA256=fdea9da89496b551be658a7c3da499ee1a917f963e7fa137772c70fcb33de972 DATA={"source": "GestureModel_v1", "label": "Beckon", "confidence": 0.9}
2026-05-17 22:06:28,620 | SENDER=motion_node          TOPIC=/hri/motion          SHA256=515e5c1e86e4d0bbed32a0b4d415c8adc8bf3e01a43b15b6536b8997c40535a1 DATA={"source": "MotionModel_v1", "label": "Stationary", "speed_ms": 0.05}
2026-05-17 22:06:30,140 | SENDER=emotion_node         TOPIC=/hri/emotion         SHA256=a44bc912b5604b2f3a0f393ac260493be3e0e92bdbb7f67ea569ae6e7c06746e DATA={"source": "EmotionModel_v1", "label": "Angry", "confidence": 0.81}
2026-05-17 22:06:30,400 | SENDER=context_node         TOPIC=/hri/context         SHA256=0328fe086d7abbbd5cc66066c96aec10db560086a0f840535d8d2da0875519d9 DATA={"source": "ContextModel_v1", "environment": "Retail_Aisle", "crowding": "Medium"}
2026-05-17 22:06:30,585 | SENDER=gesture_node         TOPIC=/hri/gesture         SHA256=567557a1528428c8fb1157a3a0fb4c1690c8c96455870d51ba01fa111151f296 DATA={"source": "GestureModel_v1", "label": "Cross_Arms", "confidence": 0.86}
2026-05-17 22:06:30,611 | SENDER=motion_node          TOPIC=/hri/motion          SHA256=4fc1ef7b47777bd8714f9b494f39f3887d0387aa1999d9fb6787790471d7986c DATA={"source": "MotionModel_v1", "label": "Wandering", "speed_ms": 0.6}
2026-05-17 22:06:32,140 | SENDER=emotion_node         TOPIC=/hri/emotion         SHA256=cf406c65b3f5c61b3fdc0ac4367fb476c9abce8be1e6af674dcea56d4c0abd65 DATA={"source": "EmotionModel_v1", "label": "Angry", "confidence": 0.87}
2026-05-17 22:06:32,402 | SENDER=context_node         TOPIC=/hri/context         SHA256=4f7f3e509d2a45b70dab96481bdeba99e5dd5787b28f81fbd5e9933a5b67478b DATA={"source": "ContextModel_v1", "environment": "Hospital_Reception", "crowding": "Medium"}
2026-05-17 22:06:32,584 | SENDER=gesture_node         TOPIC=/hri/gesture         SHA256=31fac80f864c6fe7a8e734360896faf52b592c75ee94f68ece09583c653c38ef DATA={"source": "GestureModel_v1", "label": "Thumbs_Up", "confidence": 0.9}
2026-05-17 22:06:32,596 | SENDER=motion_node          TOPIC=/hri/motion          SHA256=9fcfeb644c50fd711ed22cf187aae935d881415851285ff138c507952b09ffd5 DATA={"source": "MotionModel_v1", "label": "Retreating", "speed_ms": 0.8}
2026-05-17 22:06:34,140 | SENDER=emotion_node         TOPIC=/hri/emotion         SHA256=9beddab6b207fd0240159a70ae954ac7e1a4f55bfaa7771671c43bf498cc8ec8 DATA={"source": "EmotionModel_v1", "label": "Angry", "confidence": 0.78}
2026-05-17 22:06:34,401 | SENDER=context_node         TOPIC=/hri/context         SHA256=b88b3385b15277f264a4977a18a860ce4df5fa37ec2862844eecd37fad4c7813 DATA={"source": "ContextModel_v1", "environment": "Hospital_Corridor", "crowding": "High"}
2026-05-17 22:06:34,584 | SENDER=gesture_node         TOPIC=/hri/gesture         SHA256=eea59434a52107b7a82b1ad0c516a773c44b3917b2c46bbfdcb491c4f7882295 DATA={"source": "GestureModel_v1", "label": "Stop", "confidence": 0.98}
2026-05-17 22:06:34,592 | SENDER=motion_node          TOPIC=/hri/motion          SHA256=7b597c1ca55c03e02b859e4b12873d7ae89bb4033245337d537ac8b5f21ae7a6 DATA={"source": "MotionModel_v1", "label": "Wandering", "speed_ms": 0.34}
2026-05-17 22:06:36,141 | SENDER=emotion_node         TOPIC=/hri/emotion         SHA256=c9f62e048a71b2b7a2d2b3e01efa596035bef3940f5d6ee245990acc897438b2 DATA={"source": "EmotionModel_v1", "label": "Panicked", "confidence": 0.96}
2026-05-17 22:06:36,400 | SENDER=context_node         TOPIC=/hri/context         SHA256=0328fe086d7abbbd5cc66066c96aec10db560086a0f840535d8d2da0875519d9 DATA={"source": "ContextModel_v1", "environment": "Retail_Aisle", "crowding": "Medium"}
2026-05-17 22:06:36,587 | SENDER=gesture_node         TOPIC=/hri/gesture         SHA256=f30987f1cee32204cad751d24bfc2b1e7dc87af4b2ffeb8fc604cb011bad0815 DATA={"source": "GestureModel_v1", "label": "Thumbs_Up", "confidence": 0.89}
2026-05-17 22:06:36,612 | SENDER=motion_node          TOPIC=/hri/motion          SHA256=965ea4122c4bec78ac51471544aa496eaa39707fbc18fa3bea0ec4784df4d965 DATA={"source": "MotionModel_v1", "label": "Approaching", "speed_ms": 0.59}
2026-05-17 22:06:38,142 | SENDER=emotion_node         TOPIC=/hri/emotion         SHA256=01697a80c45797717cd5f5e2d430ab119f847c2f85367f5bd9efbdd1017835e4 DATA={"source": "EmotionModel_v1", "label": "Angry", "confidence": 0.86}
2026-05-17 22:06:38,401 | SENDER=context_node         TOPIC=/hri/context         SHA256=a64fb3cfbf73edd634404a40b5c36a0c53b982ba75ff4431360d795192f7cd87 DATA={"source": "ContextModel_v1", "environment": "Hospital_Ward", "crowding": "Low"}
2026-05-17 22:06:38,584 | SENDER=gesture_node         TOPIC=/hri/gesture         SHA256=3c410755877e02aec28e2377374134396d996576ba85f8487adbe18066cd4910 DATA={"source": "GestureModel_v1", "label": "Beckon", "confidence": 0.79}
2026-05-17 22:06:38,593 | SENDER=motion_node          TOPIC=/hri/motion          SHA256=a359a737c4a8f83de8a70af073b343f97c0726f835bbb4dbf1d97bf7ee31880f DATA={"source": "MotionModel_v1", "label": "Stationary", "speed_ms": 0.07}
2026-05-17 22:06:40,140 | SENDER=emotion_node         TOPIC=/hri/emotion         SHA256=fadaa5f34aa75e68c53a9c4886c1b7c4ea635e21a6aecdbd53099b9c8f9a2646 DATA={"source": "EmotionModel_v1", "label": "Sad", "confidence": 0.84}
2026-05-17 22:06:40,400 | SENDER=context_node         TOPIC=/hri/context         SHA256=4f7f3e509d2a45b70dab96481bdeba99e5dd5787b28f81fbd5e9933a5b67478b DATA={"source": "ContextModel_v1", "environment": "Hospital_Reception", "crowding": "Medium"}
2026-05-17 22:06:40,584 | SENDER=gesture_node         TOPIC=/hri/gesture         SHA256=62434f50539b04787134308277b1e06687ba3619d47877f2760dc09e7fc2bcf3 DATA={"source": "GestureModel_v1", "label": "Cross_Arms", "confidence": 0.78}
2026-05-17 22:06:40,593 | SENDER=motion_node          TOPIC=/hri/motion          SHA256=4c5121eba8d78d1e05665090345d0b4cca9ead749b6be6b05db68eaca2a63fad DATA={"source": "MotionModel_v1", "label": "Wandering", "speed_ms": 0.62}
2026-05-17 22:06:42,140 | SENDER=emotion_node         TOPIC=/hri/emotion         SHA256=ef8388a1c703316d6759d42afc8840c8134c7ac51660cbd318c7c2f89ecfe58a DATA={"source": "EmotionModel_v1", "label": "Happy", "confidence": 0.9}
2026-05-17 22:06:42,400 | SENDER=context_node         TOPIC=/hri/context         SHA256=a64fb3cfbf73edd634404a40b5c36a0c53b982ba75ff4431360d795192f7cd87 DATA={"source": "ContextModel_v1", "environment": "Hospital_Ward", "crowding": "Low"}
2026-05-17 22:06:42,584 | SENDER=gesture_node         TOPIC=/hri/gesture         SHA256=360ed7fd856521fd958c783e3921e09bdc53afd0d257c050d1d631e741a75fbb DATA={"source": "GestureModel_v1", "label": "Thumbs_Up", "confidence": 0.92}
2026-05-17 22:06:42,594 | SENDER=motion_node          TOPIC=/hri/motion          SHA256=7fcccefe8612ba2a2ec2a15c9b41e3b276b31bc47bc62ba6e331bbf2167ae786 DATA={"source": "MotionModel_v1", "label": "Retreating", "speed_ms": 0.45}
2026-05-17 22:06:44,140 | SENDER=emotion_node         TOPIC=/hri/emotion         SHA256=b8012b46ee585333e5073979e18a89cc65619ec7851c1d916ecb1d34f0db83d3 DATA={"source": "EmotionModel_v1", "label": "Confused", "confidence": 0.85}
2026-05-17 22:06:44,400 | SENDER=context_node         TOPIC=/hri/context         SHA256=a64fb3cfbf73edd634404a40b5c36a0c53b982ba75ff4431360d795192f7cd87 DATA={"source": "ContextModel_v1", "environment": "Hospital_Ward", "crowding": "Low"}
2026-05-17 22:06:44,585 | SENDER=gesture_node         TOPIC=/hri/gesture         SHA256=f8c1e183c4fcefe7027020d7a9e91c173e5bc8d66e5ff5dd8a7fa1a395cc3836 DATA={"source": "GestureModel_v1", "label": "Wave", "confidence": 0.89}
2026-05-17 22:06:44,593 | SENDER=motion_node          TOPIC=/hri/motion          SHA256=289dbb5969e034f676b19bbb1a207f103edfe194be119d64dd9cfc53f05a58aa DATA={"source": "MotionModel_v1", "label": "Running", "speed_ms": 2.02}
2026-05-17 22:06:46,140 | SENDER=emotion_node         TOPIC=/hri/emotion         SHA256=68d9a54c36e749733e6d72908a91e4bc96e43c189d1488e01d780c25678f9ff1 DATA={"source": "EmotionModel_v1", "label": "Sad", "confidence": 0.89}
2026-05-17 22:06:46,400 | SENDER=context_node         TOPIC=/hri/context         SHA256=a64fb3cfbf73edd634404a40b5c36a0c53b982ba75ff4431360d795192f7cd87 DATA={"source": "ContextModel_v1", "environment": "Hospital_Ward", "crowding": "Low"}
2026-05-17 22:06:46,584 | SENDER=gesture_node         TOPIC=/hri/gesture         SHA256=1bada581df882fed06f7aeae1b239a39313c8b114cc4a7970007d0c88593a117 DATA={"source": "GestureModel_v1", "label": "Stop", "confidence": 0.89}
2026-05-17 22:06:46,595 | SENDER=motion_node          TOPIC=/hri/motion          SHA256=368f5b74054472e58a8451502675f255f076199f76440bf509165b025be5f5bf DATA={"source": "MotionModel_v1", "label": "Wandering", "speed_ms": 0.23}
2026-05-17 22:06:48,142 | SENDER=emotion_node         TOPIC=/hri/emotion         SHA256=106fd6dedd10a3a6624aac4bffac863c64467df79eb883bf7599f0bf3c63f2c2 DATA={"source": "EmotionModel_v1", "label": "Neutral", "confidence": 0.85}
2026-05-17 22:06:48,401 | SENDER=context_node         TOPIC=/hri/context         SHA256=4f7f3e509d2a45b70dab96481bdeba99e5dd5787b28f81fbd5e9933a5b67478b DATA={"source": "ContextModel_v1", "environment": "Hospital_Reception", "crowding": "Medium"}
2026-05-17 22:06:48,584 | SENDER=gesture_node         TOPIC=/hri/gesture         SHA256=f8c1e183c4fcefe7027020d7a9e91c173e5bc8d66e5ff5dd8a7fa1a395cc3836 DATA={"source": "GestureModel_v1", "label": "Wave", "confidence": 0.89}
2026-05-17 22:06:48,603 | SENDER=motion_node          TOPIC=/hri/motion          SHA256=f1ba7189afe89d2e60e953e76e124e80500f9087c08e1d9ef405c9a4e9dcafd6 DATA={"source": "MotionModel_v1", "label": "Retreating", "speed_ms": 0.64}
2026-05-17 22:06:50,140 | SENDER=emotion_node         TOPIC=/hri/emotion         SHA256=233bd8bb3234061a59ca442d23f43007648a3368103e5675644a5429d0b285b5 DATA={"source": "EmotionModel_v1", "label": "Neutral", "confidence": 0.82}
2026-05-17 22:06:50,401 | SENDER=context_node         TOPIC=/hri/context         SHA256=b88b3385b15277f264a4977a18a860ce4df5fa37ec2862844eecd37fad4c7813 DATA={"source": "ContextModel_v1", "environment": "Hospital_Corridor", "crowding": "High"}
2026-05-17 22:06:50,587 | SENDER=gesture_node         TOPIC=/hri/gesture         SHA256=f35c0c663016184390bf9610b8640506db34cf9c64b2d7768d7484190ec03aaf DATA={"source": "GestureModel_v1", "label": "Thumbs_Up", "confidence": 0.93}
2026-05-17 22:06:50,643 | SENDER=motion_node          TOPIC=/hri/motion          SHA256=6109c0f04ebd1c02c0da3b8ad0f8b3b90324fad56db90ec9bc5fd754b73781c0 DATA={"source": "MotionModel_v1", "label": "Running", "speed_ms": 2.48}
2026-05-17 22:06:53,365 | SENDER=emotion_node         TOPIC=/hri/emotion         SHA256=106fd6dedd10a3a6624aac4bffac863c64467df79eb883bf7599f0bf3c63f2c2 DATA={"source": "EmotionModel_v1", "label": "Neutral", "confidence": 0.85}
2026-05-17 22:06:53,624 | SENDER=context_node         TOPIC=/hri/context         SHA256=a64fb3cfbf73edd634404a40b5c36a0c53b982ba75ff4431360d795192f7cd87 DATA={"source": "ContextModel_v1", "environment": "Hospital_Ward", "crowding": "Low"}
2026-05-17 22:06:53,809 | SENDER=gesture_node         TOPIC=/hri/gesture         SHA256=41858cb651ab8d66a77131f1667e8d6152a1ef706585d2251aaddd3d2bb550ab DATA={"source": "GestureModel_v1", "label": "Stop", "confidence": 0.91}
2026-05-17 22:06:53,848 | SENDER=motion_node          TOPIC=/hri/motion          SHA256=82060af557cf8d9621ada7be5f39b728b2122feeeef2f906adc9d83bdea89420 DATA={"source": "MotionModel_v1", "label": "Approaching", "speed_ms": 0.86}
2026-05-17 22:06:54,140 | SENDER=emotion_node         TOPIC=/hri/emotion         SHA256=711685edb11d7f7975b724d921bc9e0c32030b2cc3a9ac2563d875694436b2bc DATA={"source": "EmotionModel_v1", "label": "Sad", "confidence": 0.82}
2026-05-17 22:06:54,400 | SENDER=context_node         TOPIC=/hri/context         SHA256=f83540b369d62d3a3626f4487a33a8fb933121643231b1e0e5d4aeab15d1aac7 DATA={"source": "ContextModel_v1", "environment": "Museum_Gallery", "crowding": "Low"}
2026-05-17 22:06:54,584 | SENDER=gesture_node         TOPIC=/hri/gesture         SHA256=58973deffa59167d658d90c2cc450855c6c6d02a30bf6c0386bf922b1cadcd2e DATA={"source": "GestureModel_v1", "label": "Stop", "confidence": 0.95}
2026-05-17 22:06:54,594 | SENDER=motion_node          TOPIC=/hri/motion          SHA256=3d29793680bf5840d1829dd8148c80c8f38ecb456afeabada33460bceb8021aa DATA={"source": "MotionModel_v1", "label": "Retreating", "speed_ms": 0.72}
2026-05-17 22:06:56,140 | SENDER=emotion_node         TOPIC=/hri/emotion         SHA256=fadaa5f34aa75e68c53a9c4886c1b7c4ea635e21a6aecdbd53099b9c8f9a2646 DATA={"source": "EmotionModel_v1", "label": "Sad", "confidence": 0.84}
2026-05-17 22:06:56,400 | SENDER=context_node         TOPIC=/hri/context         SHA256=b88b3385b15277f264a4977a18a860ce4df5fa37ec2862844eecd37fad4c7813 DATA={"source": "ContextModel_v1", "environment": "Hospital_Corridor", "crowding": "High"}
2026-05-17 22:06:56,584 | SENDER=gesture_node         TOPIC=/hri/gesture         SHA256=5b48d474e5c719d0060512121537934ef68d74571173327fae0285e65aba623b DATA={"source": "GestureModel_v1", "label": "Beckon", "confidence": 0.88}
2026-05-17 22:06:56,594 | SENDER=motion_node          TOPIC=/hri/motion          SHA256=0d61f213b6f40f2828d8f86e25ddbf3684fb49d23aa3c12573eebd6aea2f3865 DATA={"source": "MotionModel_v1", "label": "Retreating", "speed_ms": 0.36}
2026-05-17 22:06:58,140 | SENDER=emotion_node         TOPIC=/hri/emotion         SHA256=aaf114afb03183f34f331041675d78ada5c375f64d858160873bcae1cbdf6edc DATA={"source": "EmotionModel_v1", "label": "Angry", "confidence": 0.91}
2026-05-17 22:06:58,401 | SENDER=context_node         TOPIC=/hri/context         SHA256=a64fb3cfbf73edd634404a40b5c36a0c53b982ba75ff4431360d795192f7cd87 DATA={"source": "ContextModel_v1", "environment": "Hospital_Ward", "crowding": "Low"}
2026-05-17 22:06:58,585 | SENDER=gesture_node         TOPIC=/hri/gesture         SHA256=f30987f1cee32204cad751d24bfc2b1e7dc87af4b2ffeb8fc604cb011bad0815 DATA={"source": "GestureModel_v1", "label": "Thumbs_Up", "confidence": 0.89}
2026-05-17 22:06:58,592 | SENDER=motion_node          TOPIC=/hri/motion          SHA256=e6345ff6c2a32b16ed01c825d0288734bb1c52f47720ac95d189816bf8ca376c DATA={"source": "MotionModel_v1", "label": "Wandering", "speed_ms": 0.21}
2026-05-17 22:07:00,142 | SENDER=emotion_node         TOPIC=/hri/emotion         SHA256=c97beabb29a7d067f58838c84617319171a090079c72d75459bf3126e73a0b29 DATA={"source": "EmotionModel_v1", "label": "Panicked", "confidence": 0.92}
2026-05-17 22:07:00,400 | SENDER=context_node         TOPIC=/hri/context         SHA256=4f7f3e509d2a45b70dab96481bdeba99e5dd5787b28f81fbd5e9933a5b67478b DATA={"source": "ContextModel_v1", "environment": "Hospital_Reception", "crowding": "Medium"}
2026-05-17 22:07:00,585 | SENDER=gesture_node         TOPIC=/hri/gesture         SHA256=ff791522bd7f91043fa4240733a276a7ea3cc81761af1f1759a1d59910f2846f DATA={"source": "GestureModel_v1", "label": "Beckon", "confidence": 0.87}
2026-05-17 22:07:00,620 | SENDER=motion_node          TOPIC=/hri/motion          SHA256=854d1b5fc1076b97c09fb39ef7487994c84fa02b6c33e89014bb8138e1f943f4 DATA={"source": "MotionModel_v1", "label": "Running", "speed_ms": 2.82}
2026-05-17 22:07:02,142 | SENDER=emotion_node         TOPIC=/hri/emotion         SHA256=3b0b48fb4ebc8c671cb5891f5b5b8e6b70ad75b2152235da41e3b65f9b324e7a DATA={"source": "EmotionModel_v1", "label": "Angry", "confidence": 0.84}
2026-05-17 22:07:02,400 | SENDER=context_node         TOPIC=/hri/context         SHA256=0328fe086d7abbbd5cc66066c96aec10db560086a0f840535d8d2da0875519d9 DATA={"source": "ContextModel_v1", "environment": "Retail_Aisle", "crowding": "Medium"}
2026-05-17 22:07:02,585 | SENDER=gesture_node         TOPIC=/hri/gesture         SHA256=f3a5e9fd5f47af06408d6a01da4f6c1cef0aabb11188d59709928a9a43a32fa8 DATA={"source": "GestureModel_v1", "label": "Wave", "confidence": 0.86}
2026-05-17 22:07:02,603 | SENDER=motion_node          TOPIC=/hri/motion          SHA256=0a22a9e8ed96ea7a3b8c99534fa58e6447c6ca6502190ef909f33291fa511f7f DATA={"source": "MotionModel_v1", "label": "Stationary", "speed_ms": 0.03}
2026-05-17 22:07:04,140 | SENDER=emotion_node         TOPIC=/hri/emotion         SHA256=1234be84924a9049244e5859fe0ba0054d1aa37b42680b45029c8cd0ad934b91 DATA={"source": "EmotionModel_v1", "label": "Panicked", "confidence": 0.98}
2026-05-17 22:07:04,401 | SENDER=context_node         TOPIC=/hri/context         SHA256=0328fe086d7abbbd5cc66066c96aec10db560086a0f840535d8d2da0875519d9 DATA={"source": "ContextModel_v1", "environment": "Retail_Aisle", "crowding": "Medium"}
2026-05-17 22:07:04,585 | SENDER=gesture_node         TOPIC=/hri/gesture         SHA256=0487e2d6540d8af054e8f92b43ea740b690f8e3f8053f81c2b322e4229a7b9c3 DATA={"source": "GestureModel_v1", "label": "Thumbs_Up", "confidence": 0.91}
2026-05-17 22:07:04,604 | SENDER=motion_node          TOPIC=/hri/motion          SHA256=0a22a9e8ed96ea7a3b8c99534fa58e6447c6ca6502190ef909f33291fa511f7f DATA={"source": "MotionModel_v1", "label": "Stationary", "speed_ms": 0.03}
2026-05-17 22:07:06,139 | SENDER=emotion_node         TOPIC=/hri/emotion         SHA256=e30599e6c0fab427ab771542e4b7bd161d6a35e6f7013faaccfba323cb1d8dee DATA={"source": "EmotionModel_v1", "label": "Sad", "confidence": 0.9}
2026-05-17 22:07:06,403 | SENDER=context_node         TOPIC=/hri/context         SHA256=a64fb3cfbf73edd634404a40b5c36a0c53b982ba75ff4431360d795192f7cd87 DATA={"source": "ContextModel_v1", "environment": "Hospital_Ward", "crowding": "Low"}
2026-05-17 22:07:06,585 | SENDER=gesture_node         TOPIC=/hri/gesture         SHA256=641c3dda621dae518afaa84bb122e0fd38aaa475d79f4f2f95a3237156141a42 DATA={"source": "GestureModel_v1", "label": "Cross_Arms", "confidence": 0.82}
2026-05-17 22:07:06,593 | SENDER=motion_node          TOPIC=/hri/motion          SHA256=e9e72f3216bab8d211a7c31ca4e5f8789e65e366b5af64640c006f1b08db5710 DATA={"source": "MotionModel_v1", "label": "Stationary", "speed_ms": 0.08}
2026-05-17 22:07:08,142 | SENDER=emotion_node         TOPIC=/hri/emotion         SHA256=cfb7082e256d4a07535bf750aab6d788e8daabaffbd19c23b967bee993977c4f DATA={"source": "EmotionModel_v1", "label": "Sad", "confidence": 0.76}
2026-05-17 22:07:08,401 | SENDER=context_node         TOPIC=/hri/context         SHA256=0328fe086d7abbbd5cc66066c96aec10db560086a0f840535d8d2da0875519d9 DATA={"source": "ContextModel_v1", "environment": "Retail_Aisle", "crowding": "Medium"}
2026-05-17 22:07:08,584 | SENDER=gesture_node         TOPIC=/hri/gesture         SHA256=e60eaeb1fec23e63aa0078e10ac88c33178f8ee33395fe631388fa2198ba878e DATA={"source": "GestureModel_v1", "label": "Cross_Arms", "confidence": 0.83}
2026-05-17 22:07:08,598 | SENDER=motion_node          TOPIC=/hri/motion          SHA256=6a0719d51f947832598cb94874ee692a5e6ecd6b8818dc665a25759e67321831 DATA={"source": "MotionModel_v1", "label": "Approaching", "speed_ms": 1.11}
2026-05-17 22:07:10,140 | SENDER=emotion_node         TOPIC=/hri/emotion         SHA256=f2084d172f0a61d589af23a490cc7f24a8e4c61bdadda5d13175df941e1c60e2 DATA={"source": "EmotionModel_v1", "label": "Neutral", "confidence": 0.91}
2026-05-17 22:07:10,401 | SENDER=context_node         TOPIC=/hri/context         SHA256=4f7f3e509d2a45b70dab96481bdeba99e5dd5787b28f81fbd5e9933a5b67478b DATA={"source": "ContextModel_v1", "environment": "Hospital_Reception", "crowding": "Medium"}
2026-05-17 22:07:10,585 | SENDER=gesture_node         TOPIC=/hri/gesture         SHA256=fdea9da89496b551be658a7c3da499ee1a917f963e7fa137772c70fcb33de972 DATA={"source": "GestureModel_v1", "label": "Beckon", "confidence": 0.9}
2026-05-17 22:07:10,593 | SENDER=motion_node          TOPIC=/hri/motion          SHA256=368f5b74054472e58a8451502675f255f076199f76440bf509165b025be5f5bf DATA={"source": "MotionModel_v1", "label": "Wandering", "speed_ms": 0.23}
2026-05-17 22:07:12,140 | SENDER=emotion_node         TOPIC=/hri/emotion         SHA256=f2e2284b448df588085b93775de04d8df75669b0ad8cbf575bd3bd6687926aa1 DATA={"source": "EmotionModel_v1", "label": "Sad", "confidence": 0.91}
2026-05-17 22:07:12,400 | SENDER=context_node         TOPIC=/hri/context         SHA256=a64fb3cfbf73edd634404a40b5c36a0c53b982ba75ff4431360d795192f7cd87 DATA={"source": "ContextModel_v1", "environment": "Hospital_Ward", "crowding": "Low"}
2026-05-17 22:07:12,587 | SENDER=gesture_node         TOPIC=/hri/gesture         SHA256=531aa4915ea5bd4a6acb19e1014364d88b05dc5d27c74024e3a94b63d1bfaac6 DATA={"source": "GestureModel_v1", "label": "Thumbs_Up", "confidence": 0.94}
2026-05-17 22:07:12,609 | SENDER=motion_node          TOPIC=/hri/motion          SHA256=57a0e8fa278a6dbaec87d2527580da42b8c899422908fcf54f8778f336d4f6cd DATA={"source": "MotionModel_v1", "label": "Wandering", "speed_ms": 0.31}
2026-05-17 22:07:14,140 | SENDER=emotion_node         TOPIC=/hri/emotion         SHA256=3b0b48fb4ebc8c671cb5891f5b5b8e6b70ad75b2152235da41e3b65f9b324e7a DATA={"source": "EmotionModel_v1", "label": "Angry", "confidence": 0.84}
2026-05-17 22:07:14,400 | SENDER=context_node         TOPIC=/hri/context         SHA256=a64fb3cfbf73edd634404a40b5c36a0c53b982ba75ff4431360d795192f7cd87 DATA={"source": "ContextModel_v1", "environment": "Hospital_Ward", "crowding": "Low"}
2026-05-17 22:07:14,584 | SENDER=gesture_node         TOPIC=/hri/gesture         SHA256=e6d3acb2c298209dd58d23c111adf470153ad7621a89d99ebf96dfaf8a2cb665 DATA={"source": "GestureModel_v1", "label": "Beckon", "confidence": 0.82}
2026-05-17 22:07:14,593 | SENDER=motion_node          TOPIC=/hri/motion          SHA256=a67f073589c3b9a37c8ca92644de1519154c2993534a1fd10565e1a67a353a0b DATA={"source": "MotionModel_v1", "label": "Retreating", "speed_ms": 0.58}
2026-05-17 22:07:16,139 | SENDER=emotion_node         TOPIC=/hri/emotion         SHA256=07d1b20cf76f5acfe8392d055d57b184bce0d401c09383fbdc4a03f808b207a9 DATA={"source": "EmotionModel_v1", "label": "Sad", "confidence": 0.78}
2026-05-17 22:07:16,400 | SENDER=context_node         TOPIC=/hri/context         SHA256=0328fe086d7abbbd5cc66066c96aec10db560086a0f840535d8d2da0875519d9 DATA={"source": "ContextModel_v1", "environment": "Retail_Aisle", "crowding": "Medium"}
2026-05-17 22:07:16,584 | SENDER=gesture_node         TOPIC=/hri/gesture         SHA256=e60eaeb1fec23e63aa0078e10ac88c33178f8ee33395fe631388fa2198ba878e DATA={"source": "GestureModel_v1", "label": "Cross_Arms", "confidence": 0.83}
2026-05-17 22:07:16,593 | SENDER=motion_node          TOPIC=/hri/motion          SHA256=25224a617f4f5d24aac56905cfb2d9d5216e805b3e97fdb3dbc32db117991aec DATA={"source": "MotionModel_v1", "label": "Wandering", "speed_ms": 0.3}
2026-05-17 22:07:18,140 | SENDER=emotion_node         TOPIC=/hri/emotion         SHA256=ef8388a1c703316d6759d42afc8840c8134c7ac51660cbd318c7c2f89ecfe58a DATA={"source": "EmotionModel_v1", "label": "Happy", "confidence": 0.9}
2026-05-17 22:07:18,400 | SENDER=context_node         TOPIC=/hri/context         SHA256=4f7f3e509d2a45b70dab96481bdeba99e5dd5787b28f81fbd5e9933a5b67478b DATA={"source": "ContextModel_v1", "environment": "Hospital_Reception", "crowding": "Medium"}
2026-05-17 22:07:18,585 | SENDER=gesture_node         TOPIC=/hri/gesture         SHA256=83fc75fa76f2cce7dc0b791ca84959c902921d73bbc09d8951797b122897cec6 DATA={"source": "GestureModel_v1", "label": "Cross_Arms", "confidence": 0.8}
2026-05-17 22:07:18,596 | SENDER=motion_node          TOPIC=/hri/motion          SHA256=147415a3c2410d1c3aec39e20eb948d8da00eb35698cc7b4ac5dff109dc808c7 DATA={"source": "MotionModel_v1", "label": "Running", "speed_ms": 2.22}
2026-05-17 22:07:20,140 | SENDER=emotion_node         TOPIC=/hri/emotion         SHA256=c5793a326aaafa2680ba4284459d95ab792410348373037a6131eebc1451b6b6 DATA={"source": "EmotionModel_v1", "label": "Angry", "confidence": 0.83}
2026-05-17 22:07:20,400 | SENDER=context_node         TOPIC=/hri/context         SHA256=f83540b369d62d3a3626f4487a33a8fb933121643231b1e0e5d4aeab15d1aac7 DATA={"source": "ContextModel_v1", "environment": "Museum_Gallery", "crowding": "Low"}
2026-05-17 22:07:20,584 | SENDER=gesture_node         TOPIC=/hri/gesture         SHA256=d08bf1d062c8563e27397a25cd35892bc811731dee80beff2ea030173d6c2d16 DATA={"source": "GestureModel_v1", "label": "Thumbs_Up", "confidence": 0.86}
2026-05-17 22:07:20,592 | SENDER=motion_node          TOPIC=/hri/motion          SHA256=1a035024e63c8f53e42beb6b1642c9aa7c8fcddedc26a082446ef89d995c3320 DATA={"source": "MotionModel_v1", "label": "Approaching", "speed_ms": 0.84}
2026-05-17 22:07:22,139 | SENDER=emotion_node         TOPIC=/hri/emotion         SHA256=ed4682367d4382351dd499e07c5e400137787831a4eb6d2544909d73a744c1b4 DATA={"source": "EmotionModel_v1", "label": "Angry", "confidence": 0.85}
2026-05-17 22:07:22,400 | SENDER=context_node         TOPIC=/hri/context         SHA256=a64fb3cfbf73edd634404a40b5c36a0c53b982ba75ff4431360d795192f7cd87 DATA={"source": "ContextModel_v1", "environment": "Hospital_Ward", "crowding": "Low"}
2026-05-17 22:07:22,584 | SENDER=gesture_node         TOPIC=/hri/gesture         SHA256=c207a55977ac3af6d49b846463e0b831a7927f035f6f7bd91f1b793eeaec6caa DATA={"source": "GestureModel_v1", "label": "Cross_Arms", "confidence": 0.91}
2026-05-17 22:07:22,593 | SENDER=motion_node          TOPIC=/hri/motion          SHA256=30c2961fb7f650392ac8bea109f3d9792fc3f5cce729828478d0bde9b246bd4f DATA={"source": "MotionModel_v1", "label": "Wandering", "speed_ms": 0.28}
2026-05-17 22:07:24,140 | SENDER=emotion_node         TOPIC=/hri/emotion         SHA256=233bd8bb3234061a59ca442d23f43007648a3368103e5675644a5429d0b285b5 DATA={"source": "EmotionModel_v1", "label": "Neutral", "confidence": 0.82}
2026-05-17 22:07:24,400 | SENDER=context_node         TOPIC=/hri/context         SHA256=a64fb3cfbf73edd634404a40b5c36a0c53b982ba75ff4431360d795192f7cd87 DATA={"source": "ContextModel_v1", "environment": "Hospital_Ward", "crowding": "Low"}
2026-05-17 22:07:24,586 | SENDER=gesture_node         TOPIC=/hri/gesture         SHA256=ab0c738f88aa89f042fa5de523b57602eb39ca46f6a33a9c066709723504c33b DATA={"source": "GestureModel_v1", "label": "Wave", "confidence": 0.87}
2026-05-17 22:07:24,615 | SENDER=motion_node          TOPIC=/hri/motion          SHA256=df64d4d5bb560d840fbabf9efc185d8c01bbd3c9d839a544f4609bb46d28c46b DATA={"source": "MotionModel_v1", "label": "Running", "speed_ms": 2.72}
2026-05-17 22:07:26,122 | SENDER=emotion_node         TOPIC=/hri/emotion         SHA256=19defcd11cf6836b7b4682b7403fbda4ccebe3b4ea4b1dc9a12798386ede638f DATA={"source": "*** ATTACKER ***", "label": "Panicked", "confidence": 1.0, "note": "INJECTED \u2014 THIS IS A FAKE EMERGENCY"}
2026-05-17 22:07:26,405 | SENDER=emotion_node         TOPIC=/hri/emotion         SHA256=19defcd11cf6836b7b4682b7403fbda4ccebe3b4ea4b1dc9a12798386ede638f DATA={"source": "*** ATTACKER ***", "label": "Panicked", "confidence": 1.0, "note": "INJECTED \u2014 THIS IS A FAKE EMERGENCY"}
2026-05-17 22:07:27,356 | SENDER=emotion_node         TOPIC=/hri/emotion         SHA256=e30599e6c0fab427ab771542e4b7bd161d6a35e6f7013faaccfba323cb1d8dee DATA={"source": "EmotionModel_v1", "label": "Sad", "confidence": 0.9}
2026-05-17 22:07:27,618 | SENDER=context_node         TOPIC=/hri/context         SHA256=4f7f3e509d2a45b70dab96481bdeba99e5dd5787b28f81fbd5e9933a5b67478b DATA={"source": "ContextModel_v1", "environment": "Hospital_Reception", "crowding": "Medium"}
2026-05-17 22:07:27,803 | SENDER=gesture_node         TOPIC=/hri/gesture         SHA256=1c4bf8cfbf6ec011b354970c1b5129a92da93c01e886f096868f44f668b5cc3f DATA={"source": "GestureModel_v1", "label": "Stop", "confidence": 0.96}
2026-05-17 22:07:27,843 | SENDER=motion_node          TOPIC=/hri/motion          SHA256=62e77d89d84fabf116e903453b3b184bcc1d2c21cec79c2878dbaed30ed69a63 DATA={"source": "MotionModel_v1", "label": "Wandering", "speed_ms": 0.4}
2026-05-17 22:07:27,905 | SENDER=emotion_node         TOPIC=/hri/emotion         SHA256=19defcd11cf6836b7b4682b7403fbda4ccebe3b4ea4b1dc9a12798386ede638f DATA={"source": "*** ATTACKER ***", "label": "Panicked", "confidence": 1.0, "note": "INJECTED \u2014 THIS IS A FAKE EMERGENCY"}
2026-05-17 22:07:28,140 | SENDER=emotion_node         TOPIC=/hri/emotion         SHA256=28969e8509e56f7ffa6a700e27d708c9ff6c3a4a5240eaeddd1bad1f9fdc748c DATA={"source": "EmotionModel_v1", "label": "Confused", "confidence": 0.87}
2026-05-17 22:07:28,400 | SENDER=context_node         TOPIC=/hri/context         SHA256=f83540b369d62d3a3626f4487a33a8fb933121643231b1e0e5d4aeab15d1aac7 DATA={"source": "ContextModel_v1", "environment": "Museum_Gallery", "crowding": "Low"}
2026-05-17 22:07:28,585 | SENDER=gesture_node         TOPIC=/hri/gesture         SHA256=4205621ed303fae6f5e5da63ada00cf83e4bf6ef8b07632c5feb2d0d235b3d30 DATA={"source": "GestureModel_v1", "label": "Point", "confidence": 0.88}
2026-05-17 22:07:28,596 | SENDER=motion_node          TOPIC=/hri/motion          SHA256=2f86b70f9115f538e632ef47af54b54ab21cce9401fac62bb4b60727eda1bb5c DATA={"source": "MotionModel_v1", "label": "Stationary", "speed_ms": 0.04}
2026-05-17 22:07:29,406 | SENDER=emotion_node         TOPIC=/hri/emotion         SHA256=19defcd11cf6836b7b4682b7403fbda4ccebe3b4ea4b1dc9a12798386ede638f DATA={"source": "*** ATTACKER ***", "label": "Panicked", "confidence": 1.0, "note": "INJECTED \u2014 THIS IS A FAKE EMERGENCY"}
2026-05-17 22:07:30,140 | SENDER=emotion_node         TOPIC=/hri/emotion         SHA256=75564a1282a304f3258327c33131cd0bdc88e76a79bf7b8a4bc6a7b658f10348 DATA={"source": "EmotionModel_v1", "label": "Panicked", "confidence": 0.88}
2026-05-17 22:07:30,400 | SENDER=context_node         TOPIC=/hri/context         SHA256=a64fb3cfbf73edd634404a40b5c36a0c53b982ba75ff4431360d795192f7cd87 DATA={"source": "ContextModel_v1", "environment": "Hospital_Ward", "crowding": "Low"}
2026-05-17 22:07:30,584 | SENDER=gesture_node         TOPIC=/hri/gesture         SHA256=4064b53ef72a7ef9a3f00fe9b94d1748c806e3637eb7961fd797c4b363031dfc DATA={"source": "GestureModel_v1", "label": "Beckon", "confidence": 0.85}
2026-05-17 22:07:30,592 | SENDER=motion_node          TOPIC=/hri/motion          SHA256=8270bbe762d75417f876b3cd609cef0a1f00fc65b33870267a9325ca9dd015e8 DATA={"source": "MotionModel_v1", "label": "Approaching", "speed_ms": 0.75}
2026-05-17 22:07:30,905 | SENDER=emotion_node         TOPIC=/hri/emotion         SHA256=19defcd11cf6836b7b4682b7403fbda4ccebe3b4ea4b1dc9a12798386ede638f DATA={"source": "*** ATTACKER ***", "label": "Panicked", "confidence": 1.0, "note": "INJECTED \u2014 THIS IS A FAKE EMERGENCY"}
2026-05-17 22:07:32,141 | SENDER=emotion_node         TOPIC=/hri/emotion         SHA256=233bd8bb3234061a59ca442d23f43007648a3368103e5675644a5429d0b285b5 DATA={"source": "EmotionModel_v1", "label": "Neutral", "confidence": 0.82}
2026-05-17 22:07:32,400 | SENDER=context_node         TOPIC=/hri/context         SHA256=f83540b369d62d3a3626f4487a33a8fb933121643231b1e0e5d4aeab15d1aac7 DATA={"source": "ContextModel_v1", "environment": "Museum_Gallery", "crowding": "Low"}
2026-05-17 22:07:32,406 | SENDER=emotion_node         TOPIC=/hri/emotion         SHA256=19defcd11cf6836b7b4682b7403fbda4ccebe3b4ea4b1dc9a12798386ede638f DATA={"source": "*** ATTACKER ***", "label": "Panicked", "confidence": 1.0, "note": "INJECTED \u2014 THIS IS A FAKE EMERGENCY"}
2026-05-17 22:07:32,585 | SENDER=gesture_node         TOPIC=/hri/gesture         SHA256=c16ad41177289a7aadc458401d2c728ab3052043b041cd26005ccbb1aff9192c DATA={"source": "GestureModel_v1", "label": "Stop", "confidence": 0.97}
2026-05-17 22:07:32,614 | SENDER=motion_node          TOPIC=/hri/motion          SHA256=0327a96128b9114cf8f3e13870af8ceda5252f3073d588ab3000c4f1e199b29b DATA={"source": "MotionModel_v1", "label": "Retreating", "speed_ms": 0.48}
2026-05-17 22:07:33,906 | SENDER=emotion_node         TOPIC=/hri/emotion         SHA256=19defcd11cf6836b7b4682b7403fbda4ccebe3b4ea4b1dc9a12798386ede638f DATA={"source": "*** ATTACKER ***", "label": "Panicked", "confidence": 1.0, "note": "INJECTED \u2014 THIS IS A FAKE EMERGENCY"}
2026-05-17 22:07:34,140 | SENDER=emotion_node         TOPIC=/hri/emotion         SHA256=75564a1282a304f3258327c33131cd0bdc88e76a79bf7b8a4bc6a7b658f10348 DATA={"source": "EmotionModel_v1", "label": "Panicked", "confidence": 0.88}
2026-05-17 22:07:34,401 | SENDER=context_node         TOPIC=/hri/context         SHA256=a64fb3cfbf73edd634404a40b5c36a0c53b982ba75ff4431360d795192f7cd87 DATA={"source": "ContextModel_v1", "environment": "Hospital_Ward", "crowding": "Low"}
2026-05-17 22:07:34,586 | SENDER=gesture_node         TOPIC=/hri/gesture         SHA256=4064b53ef72a7ef9a3f00fe9b94d1748c806e3637eb7961fd797c4b363031dfc DATA={"source": "GestureModel_v1", "label": "Beckon", "confidence": 0.85}
2026-05-17 22:07:34,633 | SENDER=motion_node          TOPIC=/hri/motion          SHA256=3e5e4548df0536f203caea3f776155eedd99899cdbb0f0faf574321e3227361b DATA={"source": "MotionModel_v1", "label": "Approaching", "speed_ms": 1.0}
2026-05-17 22:07:35,406 | SENDER=emotion_node         TOPIC=/hri/emotion         SHA256=19defcd11cf6836b7b4682b7403fbda4ccebe3b4ea4b1dc9a12798386ede638f DATA={"source": "*** ATTACKER ***", "label": "Panicked", "confidence": 1.0, "note": "INJECTED \u2014 THIS IS A FAKE EMERGENCY"}
2026-05-17 22:07:36,140 | SENDER=emotion_node         TOPIC=/hri/emotion         SHA256=d4a549860a7887653c3b68fe9b41a6fe75993a0f79759dfd5062c3fad0c2ca88 DATA={"source": "EmotionModel_v1", "label": "Neutral", "confidence": 0.93}
2026-05-17 22:07:36,401 | SENDER=context_node         TOPIC=/hri/context         SHA256=f83540b369d62d3a3626f4487a33a8fb933121643231b1e0e5d4aeab15d1aac7 DATA={"source": "ContextModel_v1", "environment": "Museum_Gallery", "crowding": "Low"}
2026-05-17 22:07:36,585 | SENDER=gesture_node         TOPIC=/hri/gesture         SHA256=85eaa2be1b394fcce896c2957809ef37b7f0a76b6dfae67bec49934bbb9fde66 DATA={"source": "GestureModel_v1", "label": "Point", "confidence": 0.94}
2026-05-17 22:07:36,607 | SENDER=motion_node          TOPIC=/hri/motion          SHA256=a9fd062e8c4ac86dd371cfb10f2c1605bb08cb5463ecadd2375fbd95e4eb4eea DATA={"source": "MotionModel_v1", "label": "Retreating", "speed_ms": 0.43}
2026-05-17 22:07:36,905 | SENDER=emotion_node         TOPIC=/hri/emotion         SHA256=19defcd11cf6836b7b4682b7403fbda4ccebe3b4ea4b1dc9a12798386ede638f DATA={"source": "*** ATTACKER ***", "label": "Panicked", "confidence": 1.0, "note": "INJECTED \u2014 THIS IS A FAKE EMERGENCY"}
2026-05-17 22:07:38,143 | SENDER=emotion_node         TOPIC=/hri/emotion         SHA256=4b2df71a6a968f38a303f5940882ea4a4c80c9e591ef307e98f96607abb289c0 DATA={"source": "EmotionModel_v1", "label": "Panicked", "confidence": 0.9}
2026-05-17 22:07:38,401 | SENDER=context_node         TOPIC=/hri/context         SHA256=4f7f3e509d2a45b70dab96481bdeba99e5dd5787b28f81fbd5e9933a5b67478b DATA={"source": "ContextModel_v1", "environment": "Hospital_Reception", "crowding": "Medium"}
2026-05-17 22:07:38,431 | SENDER=emotion_node         TOPIC=/hri/emotion         SHA256=19defcd11cf6836b7b4682b7403fbda4ccebe3b4ea4b1dc9a12798386ede638f DATA={"source": "*** ATTACKER ***", "label": "Panicked", "confidence": 1.0, "note": "INJECTED \u2014 THIS IS A FAKE EMERGENCY"}
2026-05-17 22:07:38,584 | SENDER=gesture_node         TOPIC=/hri/gesture         SHA256=07f6a18ff66122470059036b3cc30429fda2758668b042c013231913c8770264 DATA={"source": "GestureModel_v1", "label": "Wave", "confidence": 0.96}
2026-05-17 22:07:38,596 | SENDER=motion_node          TOPIC=/hri/motion          SHA256=18bc1dfefa03dd3f4947a73047e9c2284393ae3e9e2361046f25e3c81d56d991 DATA={"source": "MotionModel_v1", "label": "Retreating", "speed_ms": 0.9}
2026-05-17 22:07:39,906 | SENDER=emotion_node         TOPIC=/hri/emotion         SHA256=19defcd11cf6836b7b4682b7403fbda4ccebe3b4ea4b1dc9a12798386ede638f DATA={"source": "*** ATTACKER ***", "label": "Panicked", "confidence": 1.0, "note": "INJECTED \u2014 THIS IS A FAKE EMERGENCY"}
2026-05-17 22:07:40,141 | SENDER=emotion_node         TOPIC=/hri/emotion         SHA256=938d6edfbd07d1573b515bde9a93cbfbfcbbbd4f3096e3e016e5fda18998b7e4 DATA={"source": "EmotionModel_v1", "label": "Neutral", "confidence": 0.94}
2026-05-17 22:07:40,402 | SENDER=context_node         TOPIC=/hri/context         SHA256=0328fe086d7abbbd5cc66066c96aec10db560086a0f840535d8d2da0875519d9 DATA={"source": "ContextModel_v1", "environment": "Retail_Aisle", "crowding": "Medium"}
2026-05-17 22:07:40,584 | SENDER=gesture_node         TOPIC=/hri/gesture         SHA256=5afe446f6b681d8e4ab4dd3048bd77a111307ceb55759541864b609cd3977fc4 DATA={"source": "GestureModel_v1", "label": "Wave", "confidence": 0.97}
2026-05-17 22:07:40,592 | SENDER=motion_node          TOPIC=/hri/motion          SHA256=4bbe844bf9a06070cf4e80e5f12293ffa12fb3ea5e2fcb79dbdd8200ae1b35a5 DATA={"source": "MotionModel_v1", "label": "Retreating", "speed_ms": 0.61}
2026-05-17 22:07:41,408 | SENDER=emotion_node         TOPIC=/hri/emotion         SHA256=19defcd11cf6836b7b4682b7403fbda4ccebe3b4ea4b1dc9a12798386ede638f DATA={"source": "*** ATTACKER ***", "label": "Panicked", "confidence": 1.0, "note": "INJECTED \u2014 THIS IS A FAKE EMERGENCY"}
2026-05-17 22:07:42,141 | SENDER=emotion_node         TOPIC=/hri/emotion         SHA256=00859525ba0aa4fdb878ae87e001ac6dfb6c25c36af6d042ac530c69cb99ef29 DATA={"source": "EmotionModel_v1", "label": "Sad", "confidence": 0.88}
2026-05-17 22:07:42,402 | SENDER=context_node         TOPIC=/hri/context         SHA256=a64fb3cfbf73edd634404a40b5c36a0c53b982ba75ff4431360d795192f7cd87 DATA={"source": "ContextModel_v1", "environment": "Hospital_Ward", "crowding": "Low"}
2026-05-17 22:07:42,584 | SENDER=gesture_node         TOPIC=/hri/gesture         SHA256=2f3b8570b684d4fa74465f1a58ba3a522605219d3622d152b92fb24550ea7a14 DATA={"source": "GestureModel_v1", "label": "Wave", "confidence": 0.9}
2026-05-17 22:07:42,595 | SENDER=motion_node          TOPIC=/hri/motion          SHA256=59b4efc830ee822eaae8ba2df4197a32bfd7987df8c58e64810d2f6dccdb5aaa DATA={"source": "MotionModel_v1", "label": "Running", "speed_ms": 1.86}
2026-05-17 22:07:42,905 | SENDER=emotion_node         TOPIC=/hri/emotion         SHA256=19defcd11cf6836b7b4682b7403fbda4ccebe3b4ea4b1dc9a12798386ede638f DATA={"source": "*** ATTACKER ***", "label": "Panicked", "confidence": 1.0, "note": "INJECTED \u2014 THIS IS A FAKE EMERGENCY"}
2026-05-17 22:07:44,140 | SENDER=emotion_node         TOPIC=/hri/emotion         SHA256=fc4472a0e3e6cb848add7903cad45c0af5aa0c4fbe4ebc622c1d63dace00a456 DATA={"source": "EmotionModel_v1", "label": "Happy", "confidence": 0.89}
2026-05-17 22:07:44,400 | SENDER=context_node         TOPIC=/hri/context         SHA256=0328fe086d7abbbd5cc66066c96aec10db560086a0f840535d8d2da0875519d9 DATA={"source": "ContextModel_v1", "environment": "Retail_Aisle", "crowding": "Medium"}
2026-05-17 22:07:44,411 | SENDER=emotion_node         TOPIC=/hri/emotion         SHA256=19defcd11cf6836b7b4682b7403fbda4ccebe3b4ea4b1dc9a12798386ede638f DATA={"source": "*** ATTACKER ***", "label": "Panicked", "confidence": 1.0, "note": "INJECTED \u2014 THIS IS A FAKE EMERGENCY"}
2026-05-17 22:07:44,585 | SENDER=gesture_node         TOPIC=/hri/gesture         SHA256=0af1ed4d53f9ad3ab12d0f8ba5c5ded386c66457545958e23cac05adbfcade55 DATA={"source": "GestureModel_v1", "label": "Stop", "confidence": 0.93}
2026-05-17 22:07:44,592 | SENDER=motion_node          TOPIC=/hri/motion          SHA256=e8b8c35632029fcb7ae766a330f420dd7892eb84e1224a30555f272f287cf4b0 DATA={"source": "MotionModel_v1", "label": "Running", "speed_ms": 3.5}
2026-05-17 22:07:45,906 | SENDER=emotion_node         TOPIC=/hri/emotion         SHA256=19defcd11cf6836b7b4682b7403fbda4ccebe3b4ea4b1dc9a12798386ede638f DATA={"source": "*** ATTACKER ***", "label": "Panicked", "confidence": 1.0, "note": "INJECTED \u2014 THIS IS A FAKE EMERGENCY"}
2026-05-17 22:07:46,141 | SENDER=emotion_node         TOPIC=/hri/emotion         SHA256=e30599e6c0fab427ab771542e4b7bd161d6a35e6f7013faaccfba323cb1d8dee DATA={"source": "EmotionModel_v1", "label": "Sad", "confidence": 0.9}
2026-05-17 22:07:46,400 | SENDER=context_node         TOPIC=/hri/context         SHA256=a64fb3cfbf73edd634404a40b5c36a0c53b982ba75ff4431360d795192f7cd87 DATA={"source": "ContextModel_v1", "environment": "Hospital_Ward", "crowding": "Low"}
2026-05-17 22:07:46,585 | SENDER=gesture_node         TOPIC=/hri/gesture         SHA256=eeea3df0df901eb95e968cc45374dc95367eadfbdfc477222b3575958842b3f1 DATA={"source": "GestureModel_v1", "label": "Wave", "confidence": 0.91}
2026-05-17 22:07:46,595 | SENDER=motion_node          TOPIC=/hri/motion          SHA256=2442f3cb2c6dd4299afe488af66528239efed4fcc2df61efd7f78779ab7c19d5 DATA={"source": "MotionModel_v1", "label": "Retreating", "speed_ms": 0.37}
2026-05-17 22:07:47,405 | SENDER=emotion_node         TOPIC=/hri/emotion         SHA256=19defcd11cf6836b7b4682b7403fbda4ccebe3b4ea4b1dc9a12798386ede638f DATA={"source": "*** ATTACKER ***", "label": "Panicked", "confidence": 1.0, "note": "INJECTED \u2014 THIS IS A FAKE EMERGENCY"}
2026-05-17 22:07:48,142 | SENDER=emotion_node         TOPIC=/hri/emotion         SHA256=d4074f4824daacea312d44fe003b97ab003d1c7b4d7434f63558e3c245317f0c DATA={"source": "EmotionModel_v1", "label": "Confused", "confidence": 0.86}
2026-05-17 22:07:48,400 | SENDER=context_node         TOPIC=/hri/context         SHA256=0328fe086d7abbbd5cc66066c96aec10db560086a0f840535d8d2da0875519d9 DATA={"source": "ContextModel_v1", "environment": "Retail_Aisle", "crowding": "Medium"}
2026-05-17 22:07:48,585 | SENDER=gesture_node         TOPIC=/hri/gesture         SHA256=4064b53ef72a7ef9a3f00fe9b94d1748c806e3637eb7961fd797c4b363031dfc DATA={"source": "GestureModel_v1", "label": "Beckon", "confidence": 0.85}
2026-05-17 22:07:48,594 | SENDER=motion_node          TOPIC=/hri/motion          SHA256=78989e765f7d61e4ccb81b85a60fecbbc9b0328fb73e83689b230d5df726c95c DATA={"source": "MotionModel_v1", "label": "Wandering", "speed_ms": 0.32}
2026-05-17 22:07:48,906 | SENDER=emotion_node         TOPIC=/hri/emotion         SHA256=19defcd11cf6836b7b4682b7403fbda4ccebe3b4ea4b1dc9a12798386ede638f DATA={"source": "*** ATTACKER ***", "label": "Panicked", "confidence": 1.0, "note": "INJECTED \u2014 THIS IS A FAKE EMERGENCY"}
2026-05-17 22:07:50,140 | SENDER=emotion_node         TOPIC=/hri/emotion         SHA256=c9f62e048a71b2b7a2d2b3e01efa596035bef3940f5d6ee245990acc897438b2 DATA={"source": "EmotionModel_v1", "label": "Panicked", "confidence": 0.96}
2026-05-17 22:07:50,400 | SENDER=context_node         TOPIC=/hri/context         SHA256=b88b3385b15277f264a4977a18a860ce4df5fa37ec2862844eecd37fad4c7813 DATA={"source": "ContextModel_v1", "environment": "Hospital_Corridor", "crowding": "High"}
2026-05-17 22:07:50,411 | SENDER=emotion_node         TOPIC=/hri/emotion         SHA256=19defcd11cf6836b7b4682b7403fbda4ccebe3b4ea4b1dc9a12798386ede638f DATA={"source": "*** ATTACKER ***", "label": "Panicked", "confidence": 1.0, "note": "INJECTED \u2014 THIS IS A FAKE EMERGENCY"}
2026-05-17 22:07:50,584 | SENDER=gesture_node         TOPIC=/hri/gesture         SHA256=567557a1528428c8fb1157a3a0fb4c1690c8c96455870d51ba01fa111151f296 DATA={"source": "GestureModel_v1", "label": "Cross_Arms", "confidence": 0.86}
2026-05-17 22:07:50,593 | SENDER=motion_node          TOPIC=/hri/motion          SHA256=82060af557cf8d9621ada7be5f39b728b2122feeeef2f906adc9d83bdea89420 DATA={"source": "MotionModel_v1", "label": "Approaching", "speed_ms": 0.86}
2026-05-17 22:07:51,905 | SENDER=emotion_node         TOPIC=/hri/emotion         SHA256=19defcd11cf6836b7b4682b7403fbda4ccebe3b4ea4b1dc9a12798386ede638f DATA={"source": "*** ATTACKER ***", "label": "Panicked", "confidence": 1.0, "note": "INJECTED \u2014 THIS IS A FAKE EMERGENCY"}
2026-05-17 22:07:52,140 | SENDER=emotion_node         TOPIC=/hri/emotion         SHA256=23f75cf2aa24df9c9db98112d1e711fb666ec845a4e79c5b61b52919f053e180 DATA={"source": "EmotionModel_v1", "label": "Happy", "confidence": 0.95}
2026-05-17 22:07:52,400 | SENDER=context_node         TOPIC=/hri/context         SHA256=a64fb3cfbf73edd634404a40b5c36a0c53b982ba75ff4431360d795192f7cd87 DATA={"source": "ContextModel_v1", "environment": "Hospital_Ward", "crowding": "Low"}
2026-05-17 22:07:52,584 | SENDER=gesture_node         TOPIC=/hri/gesture         SHA256=eea59434a52107b7a82b1ad0c516a773c44b3917b2c46bbfdcb491c4f7882295 DATA={"source": "GestureModel_v1", "label": "Stop", "confidence": 0.98}
2026-05-17 22:07:52,595 | SENDER=motion_node          TOPIC=/hri/motion          SHA256=0a22a9e8ed96ea7a3b8c99534fa58e6447c6ca6502190ef909f33291fa511f7f DATA={"source": "MotionModel_v1", "label": "Stationary", "speed_ms": 0.03}
2026-05-17 22:07:53,407 | SENDER=emotion_node         TOPIC=/hri/emotion         SHA256=19defcd11cf6836b7b4682b7403fbda4ccebe3b4ea4b1dc9a12798386ede638f DATA={"source": "*** ATTACKER ***", "label": "Panicked", "confidence": 1.0, "note": "INJECTED \u2014 THIS IS A FAKE EMERGENCY"}
2026-05-17 22:07:54,140 | SENDER=emotion_node         TOPIC=/hri/emotion         SHA256=fadaa5f34aa75e68c53a9c4886c1b7c4ea635e21a6aecdbd53099b9c8f9a2646 DATA={"source": "EmotionModel_v1", "label": "Sad", "confidence": 0.84}
2026-05-17 22:07:54,400 | SENDER=context_node         TOPIC=/hri/context         SHA256=a64fb3cfbf73edd634404a40b5c36a0c53b982ba75ff4431360d795192f7cd87 DATA={"source": "ContextModel_v1", "environment": "Hospital_Ward", "crowding": "Low"}
2026-05-17 22:07:54,585 | SENDER=gesture_node         TOPIC=/hri/gesture         SHA256=b868a174d8ba7b418c2e22e16d8986433ad618437acdea1412231009383b4b5c DATA={"source": "GestureModel_v1", "label": "Thumbs_Up", "confidence": 0.96}
2026-05-17 22:07:54,593 | SENDER=motion_node          TOPIC=/hri/motion          SHA256=4abcd80ea67c2d992313b487ef2945d23bc89c2298bb3065d956be645802eb81 DATA={"source": "MotionModel_v1", "label": "Approaching", "speed_ms": 0.56}
2026-05-17 22:07:54,907 | SENDER=emotion_node         TOPIC=/hri/emotion         SHA256=19defcd11cf6836b7b4682b7403fbda4ccebe3b4ea4b1dc9a12798386ede638f DATA={"source": "*** ATTACKER ***", "label": "Panicked", "confidence": 1.0, "note": "INJECTED \u2014 THIS IS A FAKE EMERGENCY"}
